CLF Baselines Report Category 1,CLF Baselines Report Category 2,Product,Method,Data Source Links,Scale Factor,Value,CLF report GWP value (kg CO2e / declared unit),Declared qty,Declared unit,Baseline method A (data source),Baseline method B (calculation),CLF data source representativeness assessment approach,Data source- product and notes,Data Source - manufacturer and year,Data source(s) include additional life cycle stage info beyond A1-A3,Geography,Density,Density unit,sctg code,FYI Transport Description,waste_rate_category,eol material,DRF Category,Wall material? ,Wall material with thermal mass?,Glazing materials (transparent part only)?,Glazing gas?,Roughness (string),Thermal conductivity W/(m·K),Thermal Absorptance,Solar Absorptance,Visible Absorptance,Specific Heat J/kg-K,Solar Transmittance at Normal Incidence,Front Side Solar Reflectance at Normal Incidence,Back Side Solar Reflectance at Normal Incidence,Visible Transmittance at Normal Incidence,Front Side Visible Reflectance at Normal Incidence,Back Side Visible Reflectance at Normal Incidence,Infrared Transmittance at Normal Incidence,Front Side Infrared Hemispherical Emissivity,Back Side Infrared Hemispherical Emissivity,Compressive strength (Mpa),Compressive strength (psi),Weight classification,Intended application for insulation ,Service Life [yr] for insulation material,Thickness  (m) when RSI=1 for insulation material,RSI /inch (or 25.4mm) for insulation material (m2C/W),GWP,GWP-fossil (AR5) [kg CO2 eq/declared unit],GWP-biogenic (AR5) [kg CO2 eq/declared unit],GWP-luluc (AR5) [kg CO2 eq/declared unit],AP,EP,ODP,POCP,ADP fossil (MJ/declared unit),Stored Biogenic Carbon?,Carbon fraction of biomass ,Mositure content (%),Ratio between the molecular mass of CO2 and C molecules,Biamass weight percentage of product (%) ,Carbon fraction considering biomass weight percentage of product ,Density based on oven dry mass  [kg/m3],Biogenic Carbon Content [kg C/m3],Biogenic CO2 Content [kg CO2/m3],GWP-total - Biogenic CO2 stored [kgCO2eq],GWP-biogenic - Biogenic CO2 stored [kgCO2eq],Growth Model Type,Rotation period [yrs],Mineral Carbonation Potential,Mineral C,CO2 [kg/declared unit],CH4 [kg/declared unit],N2O [kg/declared unit]
Steel,Rebar,"Rebar, unfabricated",CLF 2025 Material Baselines,https://buildingtransparency.org/ec3/industry-epds/ec3z96ry,0.999805913,Baseline,753,1,metric ton,Industry,single,industry data,"Rebar industry-average EPD (CRSI, 2022). CLF converted from the industry EPD's fabricated result to unfabricated GWP. ",Concrete Reinforcing Steel Institute (CRSI). (2022). Environmental Product Declaration: Steel Reinforcement Bar. UL Environment.,FALSE,North America,7850,kg/m3,323,"Bars, rods, angles, shapes, sections, and wire, of iron or steel.",e_rebar,Steel,1,No,No,No,No,N/A,N/A,N/A,N/A,N/A,N/A,N/A,N/A,N/A,N/A,N/A,N/A,N/A,N/A,N/A,N/A,N/A,N/A,N/A,N/A,N/A,N/A,753,N/A,N/A,N/A,1.5292287917737800,0.0761710796915167,0.0000000008033290,33.5849614395887000,736.5462724935730000,No,N/A,N/A,N/A,N/A,N/A,N/A,N/A,N/A,N/A,N/A,N/A,N/A,N/A,N/A,N/A,N/A,N/A
Steel,Rebar,"Rebar, unfabricated",CLF 2025 Material Baselines,https://buildingtransparency.org/ec3/epds/ec3e0pbq,1.026041667,High-80th%,788,1,metric ton,N/A,N/A,N/A,Unfabricated steel reinforcing bar,Steel Dynamics Inc (2022),FALSE,North America,7800,kg/m3,323,"Bars, rods, angles, shapes, sections, and wire, of iron or steel.",e_rebar,Steel,1,No,No,No,No,N/A,N/A,N/A,N/A,N/A,N/A,N/A,N/A,N/A,N/A,N/A,N/A,N/A,N/A,N/A,N/A,N/A,N/A,N/A,N/A,N/A,N/A,788,N/A,N/A,N/A,4.0836458333333300,0.0766453125000000,0.0000000000087521,24.4197916666667000,7028.3854166666700000,No,N/A,N/A,N/A,N/A,N/A,N/A,N/A,N/A,N/A,N/A,N/A,N/A,N/A,N/A,N/A,N/A,N/A
Steel,Rebar,"Rebar, unfabricated",CLF 2025 Material Baselines,https://buildingtransparency.org/ec3/epds/ec3bb6ka,0.878906077,Low-20th%,616,1,metric ton,N/A,N/A,N/A,Steel Concrete Reinforcing Bar and Merchant Bar Products-Utah (UT) Unfabricated. converted from the EPD's fabricated result to unfabricated,Nucor (2023),FALSE,North America,7800,kg/m3,323,"Bars, rods, angles, shapes, sections, and wire, of iron or steel.",e_rebar,Steel,1,No,No,No,No,N/A,N/A,N/A,N/A,N/A,N/A,N/A,N/A,N/A,N/A,N/A,N/A,N/A,N/A,N/A,N/A,N/A,N/A,N/A,N/A,N/A,N/A,616,N/A,N/A,N/A,1.3443093922651900,0.0626209944751381,0.0000000000180376,22.2917127071823000,665.3480662983420000,No,N/A,N/A,N/A,N/A,N/A,N/A,N/A,N/A,N/A,N/A,N/A,N/A,N/A,N/A,N/A,N/A,N/A
Steel,Rebar,"Rebar, fabricated",CLF 2025 Material Baselines,https://buildingtransparency.org/ec3/industry-epds/ec3z96ry,1,Baseline,854,1,metric ton,Industry,single,industry data,"Rebar industry-average EPD (CRSI, 2022) ",Concrete Reinforcing Steel Institute (CRSI). (2022). Environmental Product Declaration: Steel Reinforcement Bar. UL Environment.,FALSE,North America,7850,kg/m3,323,"Bars, rods, angles, shapes, sections, and wire, of iron or steel.",e_rebar,Steel,1,No,No,No,No,N/A,N/A,N/A,N/A,N/A,N/A,N/A,N/A,N/A,N/A,N/A,N/A,N/A,N/A,N/A,N/A,N/A,N/A,N/A,N/A,N/A,N/A,854,N/A,N/A,N/A,2.1700000000000000,0.1170000000000000,0.0000000010900000,49.1000000000000000,1020.0000000000000000,No,N/A,N/A,N/A,N/A,N/A,N/A,N/A,N/A,N/A,N/A,N/A,N/A,N/A,N/A,N/A,N/A,N/A
Steel,Rebar,"Rebar, fabricated",CLF 2025 Material Baselines,https://buildingtransparency.org/ec3/epds/ec3rbxbs,0.996511628,High-80th%,857,1,metric ton,N/A,N/A,N/A,Fabricated Steel Reinforcing Bar (Rebar),Steel Dynamics Inc. (2022),FALSE,North America,7800,kg/m3,323,"Bars, rods, angles, shapes, sections, and wire, of iron or steel.",e_rebar,Steel,1,No,No,No,No,N/A,N/A,N/A,N/A,N/A,N/A,N/A,N/A,N/A,N/A,N/A,N/A,N/A,N/A,N/A,N/A,N/A,N/A,N/A,N/A,N/A,N/A,857,N/A,N/A,N/A,4.6437441860465100,0.1136023255813950,0.0000000002650721,38.0667441860465000,7978.7596860465100000,No,N/A,N/A,N/A,N/A,N/A,N/A,N/A,N/A,N/A,N/A,N/A,N/A,N/A,N/A,N/A,N/A,N/A
Steel,Rebar,"Rebar, fabricated",CLF 2025 Material Baselines,https://buildingtransparency.org/ec3/epds/ec38txs8,1.015558699,Low-20th%,718,1,metric ton,N/A,N/A,N/A,Concrete Reinforcing Steel Bar ,CMC Steel Oklahoma (2021),FALSE,North America,7833,kg/m3,323,"Bars, rods, angles, shapes, sections, and wire, of iron or steel.",e_rebar,Steel,1,No,No,No,No,N/A,N/A,N/A,N/A,N/A,N/A,N/A,N/A,N/A,N/A,N/A,N/A,N/A,N/A,N/A,N/A,N/A,N/A,N/A,N/A,N/A,N/A,718,N/A,N/A,N/A,1.4522489391796300,0.0672299858557284,0.0000000024373409,21.7329561527581000,714.9533239038190000,No,N/A,N/A,N/A,N/A,N/A,N/A,N/A,N/A,N/A,N/A,N/A,N/A,N/A,N/A,N/A,N/A,N/A
Steel,Structural steel,"Hot-rolled sections, unfabricated",CLF 2025 Material Baselines,https://www.aisc.org/globalassets/aisc/sustainability/aisc_industryavghotrolledstructuralsteelsections_lcareport_finalv2_03-27-2025.pdf,1,Baseline,901,1,metric ton,Industry,single,industry data,"Hot-rolled structural steel sections industry-average LCA report (JBE, 2025) ",John Beath Environmental (JBE). (2025). Life Cycle Assessment of Hot-Rolled Structural Steel Sections. AISC. https://www.aisc.org/globalassets/aisc/sustainability/aisc_industryavghotrolledstructuralsteelsections_lcareport_finalv2_03-27-2025.pdf,FALSE,North America,7850,kg/m3,323,"Bars, rods, angles, shapes, sections, and wire, of iron or steel.",p_custom,Steel,1,No,No,No,No,N/A,N/A,N/A,N/A,N/A,N/A,N/A,N/A,N/A,N/A,N/A,N/A,N/A,N/A,N/A,N/A,N/A,N/A,N/A,N/A,N/A,N/A,901,N/A,N/A,N/A,2.7500000000000000,1.7900000000000000,0.0000093300000000,46.5000000000000000,10300.0000000000000000,No,N/A,N/A,N/A,N/A,N/A,N/A,N/A,N/A,N/A,N/A,N/A,N/A,N/A,N/A,N/A,N/A,N/A
Steel,Structural steel,"Hot-rolled sections, unfabricated",CLF 2025 Material Baselines,https://buildingtransparency.org/ec3/epds/ec3e0mzb,1,High-80th%,930,1,metric ton,N/A,N/A,N/A,Unfabricated structural steel sections,Steel Dynamics Inc (2022),FALSE,North America,7800,kg/m3,323,"Bars, rods, angles, shapes, sections, and wire, of iron or steel.",p_custom,Steel,1,No,No,No,No,N/A,N/A,N/A,N/A,N/A,N/A,N/A,N/A,N/A,N/A,N/A,N/A,N/A,N/A,N/A,N/A,N/A,N/A,N/A,N/A,N/A,N/A,930,N/A,N/A,N/A,5.3300000000000000,0.1000000000000000,-0.0000000000098900,28.5000000000000000,16700.0000000000000000,No,N/A,N/A,N/A,N/A,N/A,N/A,N/A,N/A,N/A,N/A,N/A,N/A,N/A,N/A,N/A,N/A,N/A
Steel,Structural steel,"Hot-rolled sections, unfabricated",CLF 2025 Material Baselines,https://buildingtransparency.org/ec3/epds/ec3pwwzr,1.172649573,Low-20th%,686,1,metric ton,N/A,N/A,N/A,HiRec Beam Unfabricated,Nucor 2024,FALSE,North America,7800,kg/m3,323,"Bars, rods, angles, shapes, sections, and wire, of iron or steel.",p_custom,Steel,1,No,No,No,No,N/A,N/A,N/A,N/A,N/A,N/A,N/A,N/A,N/A,N/A,N/A,N/A,N/A,N/A,N/A,N/A,N/A,N/A,N/A,N/A,N/A,N/A,686,N/A,N/A,N/A,2.3570256410256400,0.1559623931623930,0.0000488994871795,45.1470085470085000,8548.6153846153800000,No,N/A,N/A,N/A,N/A,N/A,N/A,N/A,N/A,N/A,N/A,N/A,N/A,N/A,N/A,N/A,N/A,N/A
Steel,Structural steel,"Hot-rolled sections, fabricated",CLF 2025 Material Baselines,https://www.aisc.org/globalassets/aisc/sustainability/aisc_industryavghotrolledstructuralsteelsections_lcareport_finalv2_03-27-2025.pdf,1,Baseline,1080,1,metric ton,Industry,single,industry data,"Hot-rolled structural steel sections industry-average LCA report (JBE, 2025) ",John Beath Environmental (JBE). (2025). Life Cycle Assessment of Hot-Rolled Structural Steel Sections. AISC. https://www.aisc.org/globalassets/aisc/sustainability/aisc_industryavghotrolledstructuralsteelsections_lcareport_finalv2_03-27-2025.pdf,FALSE,North America,7850,kg/m3,332,"Structures and parts, except prefabricated buildings.",p_custom,Steel,1,No,No,No,No,N/A,N/A,N/A,N/A,N/A,N/A,N/A,N/A,N/A,N/A,N/A,N/A,N/A,N/A,N/A,N/A,N/A,N/A,N/A,N/A,N/A,N/A,1080,N/A,N/A,N/A,3.3500000000000000,2.3600000000000000,0.0000114000000000,58.4000000000000000,12700.0000000000000000,No,N/A,N/A,N/A,N/A,N/A,N/A,N/A,N/A,N/A,N/A,N/A,N/A,N/A,N/A,N/A,N/A,N/A
Steel,Structural steel,"Hot-rolled sections, fabricated",CLF 2025 Material Baselines,https://buildingtransparency.org/ec3/epds/ec31hutp,1.042105263,High-80th%,1188,1,metric ton,N/A,N/A,N/A,Fabricated Structural Steel Sections,Steel Dynamics Inc (2022),FALSE,North America,7800,kg/m3,332,"Structures and parts, except prefabricated buildings.",p_custom,Steel,1,No,No,No,No,N/A,N/A,N/A,N/A,N/A,N/A,N/A,N/A,N/A,N/A,N/A,N/A,N/A,N/A,N/A,N/A,N/A,N/A,N/A,N/A,N/A,N/A,1188,N/A,N/A,N/A,6.2943157894736800,0.1417263157894740,0.0000000016777895,38.7663157894737000,12088.4210526316000000,No,N/A,N/A,N/A,N/A,N/A,N/A,N/A,N/A,N/A,N/A,N/A,N/A,N/A,N/A,N/A,N/A,N/A
Steel,Structural steel,"Hot-rolled sections, fabricated",CLF 2025 Material Baselines,https://buildingtransparency.org/ec3/epds/ec369bzg,0.957324106,Low-20th%,830,1,metric ton,N/A,N/A,N/A,Fabricated Structural Steel ,Gerdau Long Steel North America (2021),FALSE,North America,7870,kg/m3,332,"Structures and parts, except prefabricated buildings.",p_custom,Steel,1,No,No,No,No,N/A,N/A,N/A,N/A,N/A,N/A,N/A,N/A,N/A,N/A,N/A,N/A,N/A,N/A,N/A,N/A,N/A,N/A,N/A,N/A,N/A,N/A,830,N/A,N/A,N/A,2.3454440599769300,2.2592848904267600,0.0000633748558247,40.0161476355248000,9104.1522491349500000,No,N/A,N/A,N/A,N/A,N/A,N/A,N/A,N/A,N/A,N/A,N/A,N/A,N/A,N/A,N/A,N/A,N/A
Steel,Structural steel,"Steel plate, unfabricated",CLF 2025 Material Baselines,https://www.aisc.org/globalassets/why-steel/epd-aisc-plate-2021.pdf,1.002490566,Baseline,1480,1,metric ton,Industry,single,industry data,"Steel plate industry-average EPD (AISC, 2021b). CLF converted from the industry EPD's fabricated result to unfabricated GWP. ",American Institute of Steel Construction (AISC). (2021). Environmental Product Declaration - Fabricated Steel Plate. UL Environment.,FALSE,North America,7800,kg/m3,322,Flat-rolled products of iron or steel.,p_custom,Steel,1,No,No,No,No,N/A,N/A,N/A,N/A,N/A,N/A,N/A,N/A,N/A,N/A,N/A,N/A,N/A,N/A,N/A,N/A,N/A,N/A,N/A,N/A,N/A,N/A,1480,N/A,N/A,N/A,3.1833962264150900,0.1517232704402520,0.0000000000029693,47.2855345911950000,1237.9874213836500000,No,N/A,N/A,N/A,N/A,N/A,N/A,N/A,N/A,N/A,N/A,N/A,N/A,N/A,N/A,N/A,N/A,N/A
Steel,Structural steel,"Steel plate, unfabricated",CLF 2025 Material Baselines,https://buildingtransparency.org/ec3/epds/ec3rp40f,1.613442038,High-80th%,2352,1,metric ton,N/A,N/A,N/A,"Fabricated Steel Plate, converted from the  EPD's fabricated result to unfabricated","Alliance Steel Fabrication, Evraz-Portland OR (2023)",FALSE,North America,7870,kg/m3,322,Flat-rolled products of iron or steel.,p_custom,Steel,1,No,No,No,No,N/A,N/A,N/A,N/A,N/A,N/A,N/A,N/A,N/A,N/A,N/A,N/A,N/A,N/A,N/A,N/A,N/A,N/A,N/A,N/A,N/A,N/A,2352,N/A,N/A,N/A,9.3780382165605100,12.1495031847134000,0.0002157248407643,166.2878980891720000,N/A,No,N/A,N/A,N/A,N/A,N/A,N/A,N/A,N/A,N/A,N/A,N/A,N/A,N/A,N/A,N/A,N/A,N/A
Steel,Structural steel,"Steel plate, unfabricated",CLF 2025 Material Baselines,https://buildingtransparency.org/ec3/epds/ec3npnyj,0.967286916,Low-20th%,961,1,metric ton,N/A,N/A,N/A,"fabricated Construction Grade Steel Plate, converted from the  EPD's fabricated result to unfabricated",Nucor Steel - Hertford- Plate Mill  (2023),FALSE,North America,7861,kg/m3,322,Flat-rolled products of iron or steel.,p_custom,Steel,1,No,No,No,No,N/A,N/A,N/A,N/A,N/A,N/A,N/A,N/A,N/A,N/A,N/A,N/A,N/A,N/A,N/A,N/A,N/A,N/A,N/A,N/A,N/A,N/A,961,N/A,N/A,N/A,3.6015046728972000,0.1428028037383180,0.0000000424815888,45.1759813084112000,1041.8317757009300000,No,N/A,N/A,N/A,N/A,N/A,N/A,N/A,N/A,N/A,N/A,N/A,N/A,N/A,N/A,N/A,N/A,N/A
Steel,Structural steel,"Steel plate, fabricated",CLF 2025 Material Baselines,https://www.aisc.org/globalassets/why-steel/epd-aisc-plate-2021.pdf,1,Baseline,1730,1,metric ton,Industry,single,industry data,"Steel plate industry-average EPD (STI, 2021) ",American Institute of Steel Construction (AISC). (2021). Environmental Product Declaration - Fabricated Steel Plate. UL Environment.,FALSE,North America,7800,kg/m3,332,"Structures and parts, except prefabricated buildings.",p_custom,Steel,1,Yes,Yes,No,No,Smooth,47.5,0.9,0.7,0.7,500,N/A,N/A,N/A,N/A,N/A,N/A,N/A,N/A,N/A,N/A,N/A,N/A,N/A,N/A,N/A,N/A,1730,N/A,N/A,N/A,3.7600000000000000,0.1910000000000000,0.0000000016200000,57.5000000000000000,1510.0000000000000000,No,N/A,N/A,N/A,N/A,N/A,N/A,N/A,N/A,N/A,N/A,N/A,N/A,N/A,N/A,N/A,N/A,N/A
Steel,Structural steel,"Steel plate, fabricated",CLF 2025 Material Baselines,https://buildingtransparency.org/ec3/epds/ec3rp40f,1,High-80th%,1830,1,metric ton,N/A,N/A,N/A,Fabricated Steel Plate,"Alliance Steel Fabrication, Evraz-Portland OR (2023)",FALSE,North America,7870,kg/m3,332,"Structures and parts, except prefabricated buildings.",p_custom,Steel,1,Yes,Yes,No,No,Smooth,47.5,0.9,0.7,0.7,500,N/A,N/A,N/A,N/A,N/A,N/A,N/A,N/A,N/A,N/A,N/A,N/A,N/A,N/A,N/A,N/A,1830,N/A,N/A,N/A,7.1900000000000000,8.1700000000000000,0.0001440000000000,126.0000000000000000,N/A,No,N/A,N/A,N/A,N/A,N/A,N/A,N/A,N/A,N/A,N/A,N/A,N/A,N/A,N/A,N/A,N/A,N/A
Steel,Structural steel,"Steel plate, fabricated",CLF 2025 Material Baselines,https://buildingtransparency.org/ec3/epds/ec3x76uf,0.858156028,Low-20th%,1210,1,metric ton,N/A,N/A,N/A,Fabricated Construction Grade Steel Plate,Nucor Steel - Tuscaloosa - Plate Mill (2023),FALSE,North America,7861,kg/m3,332,"Structures and parts, except prefabricated buildings.",p_custom,Steel,1,Yes,Yes,No,No,Smooth,47.5,0.9,0.7,0.7,500,N/A,N/A,N/A,N/A,N/A,N/A,N/A,N/A,N/A,N/A,N/A,N/A,N/A,N/A,N/A,N/A,1210,N/A,N/A,N/A,3.6300000000000000,0.2909148936170210,0.0000000043937589,55.4368794326241000,1484.6099290780100000,No,N/A,N/A,N/A,N/A,N/A,N/A,N/A,N/A,N/A,N/A,N/A,N/A,N/A,N/A,N/A,N/A,N/A
Steel,Structural steel,"HSS, unfabricated",CLF 2025 Material Baselines,https://www.aisc.org/globalassets/why-steel/aisc_epd_fab-hss.pdf,0.995497297,Baseline,1710,1,metric ton,Industry,single,industry data,"HSS industry-average EPD (STI, 2021),converted from the  EPD's fabricated result to unfabricated",Steel Tube Institute (STI). (2021). Environmental Product Declaration - Hollow Structural Sections. UL Environment.,FALSE,North America,7800,kg/m3,323,"Bars, rods, angles, shapes, sections, and wire, of iron or steel.",p_custom,Steel,1,No,No,No,No,N/A,N/A,N/A,N/A,N/A,N/A,N/A,N/A,N/A,N/A,N/A,N/A,N/A,N/A,N/A,N/A,N/A,N/A,N/A,N/A,N/A,N/A,1710,N/A,N/A,N/A,3.7065405405405400,0.1857891891891890,-0.0000000000021722,63.6859459459459000,1478.9189189189200000,No,N/A,N/A,N/A,N/A,N/A,N/A,N/A,N/A,N/A,N/A,N/A,N/A,N/A,N/A,N/A,N/A,N/A
Steel,Structural steel,"HSS, unfabricated",CLF 2025 Material Baselines,https://buildingtransparency.org/ec3/epds/ec3uqkdz,1.040696629,High-80th%,1720,1,metric ton,N/A,N/A,N/A,"fabricated HSS - Plymouth, MI - AVERAGE STEEL SUPPLY MIX, converted from the  EPD's fabricated result to unfabricated",Atlas Tube (2024),FALSE,North America,7850,kg/m3,323,"Bars, rods, angles, shapes, sections, and wire, of iron or steel.",p_custom,Steel,1,No,No,No,No,N/A,N/A,N/A,N/A,N/A,N/A,N/A,N/A,N/A,N/A,N/A,N/A,N/A,N/A,N/A,N/A,N/A,N/A,N/A,N/A,N/A,N/A,1720,N/A,N/A,N/A,4.2613483146067400,1.5653932584269700,0.0000082811235955,66.6741573033708000,17103.3707865169000000,No,N/A,N/A,N/A,N/A,N/A,N/A,N/A,N/A,N/A,N/A,N/A,N/A,N/A,N/A,N/A,N/A,N/A
Steel,Structural steel,"HSS, unfabricated",CLF 2025 Material Baselines,https://buildingtransparency.org/ec3/epds/ec3ew4wn,0.878063694,Low-20th%,1280,1,metric ton,N/A,N/A,N/A,"Unfabricated Steel Hollow Structural Sections,converted from the  EPD's fabricated result to unfabricated",Nucor (2021),FALSE,North America,7800,kg/m3,323,"Bars, rods, angles, shapes, sections, and wire, of iron or steel.",p_custom,Steel,1,No,No,No,No,N/A,N/A,N/A,N/A,N/A,N/A,N/A,N/A,N/A,N/A,N/A,N/A,N/A,N/A,N/A,N/A,N/A,N/A,N/A,N/A,N/A,N/A,1280,N/A,N/A,N/A,2.7882802547770700,0.1328917197452230,0.0000000013126115,45.8191082802548000,823.4394904458600000,No,N/A,N/A,N/A,N/A,N/A,N/A,N/A,N/A,N/A,N/A,N/A,N/A,N/A,N/A,N/A,N/A,N/A
Steel,Structural steel,"HSS, fabricated",CLF 2025 Material Baselines,https://www.aisc.org/globalassets/why-steel/aisc_epd_fab-hss.pdf,1,Baseline,1990,1,metric ton,Industry,single,industry data,"Fabricated HSS industry-average EPD (AISC, 2021a) ",American Institute of Steel Construction (AISC). (2021).  Environmental Product Declaration - Fabricated Hollow Structural Sections; UL Environment. ,FALSE,North America,7800,kg/m3,332,"Structures and parts, except prefabricated buildings.",p_custom,Steel,1,No,No,No,No,N/A,N/A,N/A,N/A,N/A,N/A,N/A,N/A,N/A,N/A,N/A,N/A,N/A,N/A,N/A,N/A,N/A,N/A,N/A,N/A,N/A,N/A,1990,N/A,N/A,N/A,4.3500000000000000,0.2350000000000000,0.0000000016200000,75.6000000000000000,1780.0000000000000000,No,N/A,N/A,N/A,N/A,N/A,N/A,N/A,N/A,N/A,N/A,N/A,N/A,N/A,N/A,N/A,N/A,N/A
Steel,Structural steel,"HSS, fabricated",CLF 2025 Material Baselines,https://buildingtransparency.org/ec3/epds/ec3f17nb,1.017085427,High-80th%,2024,1,metric ton,N/A,N/A,N/A,FABRICATED HOLLOW STRUCTURAL SECTIONS,MARUICHI LEAVITT PIPE AND TUBE (2022),FALSE,North America,7850,kg/m3,332,"Structures and parts, except prefabricated buildings.",p_custom,Steel,1,No,No,No,No,N/A,N/A,N/A,N/A,N/A,N/A,N/A,N/A,N/A,N/A,N/A,N/A,N/A,N/A,N/A,N/A,N/A,N/A,N/A,N/A,N/A,N/A,2024,N/A,N/A,N/A,4.2819296482412100,0.2247758793969850,0.0000000016476784,72.9250251256281000,1800.2412060301500000,No,N/A,N/A,N/A,N/A,N/A,N/A,N/A,N/A,N/A,N/A,N/A,N/A,N/A,N/A,N/A,N/A,N/A
Steel,Structural steel,"HSS, fabricated",CLF 2025 Material Baselines,https://buildingtransparency.org/ec3/epds/ec31297x,1.000571429,Low-20th%,1751,1,metric ton,N/A,N/A,N/A,FABRICATED HOLLOW STRUCTURAL SECTIONS,MARUICHI LEAVITT PIPE AND TUBE (2022),FALSE,North America,7850,kg/m3,332,"Structures and parts, except prefabricated buildings.",p_custom,Steel,1,No,No,No,No,N/A,N/A,N/A,N/A,N/A,N/A,N/A,N/A,N/A,N/A,N/A,N/A,N/A,N/A,N/A,N/A,N/A,N/A,N/A,N/A,N/A,N/A,1751,N/A,N/A,N/A,3.8822171428571400,0.2101200000000000,0.0000000016209257,68.8393142857143000,1540.8800000000000000,No,N/A,N/A,N/A,N/A,N/A,N/A,N/A,N/A,N/A,N/A,N/A,N/A,N/A,N/A,N/A,N/A,N/A
Steel,Cold-formed steel framing,Cold-formed steel framing,CLF 2025 Material Baselines,https://buildsteel.org/wp-content/uploads/2025/09/SCS-EPD-07103_SFIA_091525.pdf,1,Baseline,2440,1,metric ton,Industry,single,industry data,"Cold-formed steel framing industry-average EPD (SFIA, 2021) ",Steel Framing Industry Association (SFIA). (2021). Environmental Product Declaration: Cold-Formed Steel Framing.,FALSE,North America,7850,kg/m3,332,"Structures and parts, except prefabricated buildings.",e_length,Steel,1,Yes,No,No,No,Smooth,47.5,0.9,0.7,0.7,N/A,N/A,N/A,N/A,N/A,N/A,N/A,N/A,N/A,N/A,N/A,N/A,N/A,N/A,N/A,N/A,N/A,2440,N/A,N/A,N/A,5.5800000000000000,0.8100000000000000,0.0000337000000000,101.0000000000000000,N/A,No,N/A,N/A,N/A,N/A,N/A,N/A,N/A,N/A,N/A,N/A,N/A,N/A,N/A,N/A,N/A,N/A,N/A
Steel,Cold-formed steel framing,Cold-formed steel framing,CLF 2025 Material Baselines,https://buildingtransparency.org/ec3/epds/ec3krwbt,1.005263158,High-80th%,2674,1,metric ton,N/A,N/A,N/A,Cold formed steel framing,CEMCO (2023),FALSE,North America,7850,kg/m3,332,"Structures and parts, except prefabricated buildings.",e_length,Steel,1,Yes,No,No,No,Smooth,47.5,0.9,0.7,0.7,N/A,N/A,N/A,N/A,N/A,N/A,N/A,N/A,N/A,N/A,N/A,N/A,N/A,N/A,N/A,N/A,N/A,2674,N/A,N/A,N/A,11.8621052631579000,10.7563157894737000,0.0001940157894737,192.0052631578950000,28448.9473684211000000,No,N/A,N/A,N/A,N/A,N/A,N/A,N/A,N/A,N/A,N/A,N/A,N/A,N/A,N/A,N/A,N/A,N/A
Steel,Cold-formed steel framing,Cold-formed steel framing,CLF 2025 Material Baselines,https://buildingtransparency.org/ec3/epds/ec393rja,1,Low-20th%,1550,1,metric ton,N/A,N/A,N/A,Steel Secondary Framing,"BlueScope Buildings North America, Inc (2024)",FALSE,North America,7850,kg/m3,332,"Structures and parts, except prefabricated buildings.",e_length,Steel,1,Yes,No,No,No,Smooth,47.5,0.9,0.7,0.7,N/A,N/A,N/A,N/A,N/A,N/A,N/A,N/A,N/A,N/A,N/A,N/A,N/A,N/A,N/A,N/A,N/A,1550,N/A,N/A,N/A,5.2500000000000000,4.8300000000000000,0.0000430000000000,91.7000000000000000,N/A,No,N/A,N/A,N/A,N/A,N/A,N/A,N/A,N/A,N/A,N/A,N/A,N/A,N/A,N/A,N/A,N/A,N/A
Steel,Steel decking,Steel deck,CLF 2025 Material Baselines,https://buildingtransparency.org/ec3/industry-epds/ec3172de,1.004310345,Baseline,2330,1,metric ton,Industry,single,industry data,"Steel deck industry-average EPD (SDI, 2022) ",Steel Deck Institute (SDI). (2022). Environmental Product Declaration - Steel Roof and Floor Deck.,FALSE,North America,7800,kg/m3,322,Flat-rolled products of iron or steel.,e_sheet_metal,Steel,1,No,No,No,No,N/A,N/A,N/A,N/A,N/A,N/A,N/A,N/A,N/A,N/A,N/A,N/A,N/A,N/A,N/A,N/A,N/A,N/A,N/A,N/A,N/A,N/A,2330,N/A,N/A,N/A,4.8407758620689700,0.2540905172413790,0.0000000006276940,85.0650862068966000,1898.1465517241400000,No,N/A,N/A,N/A,N/A,N/A,N/A,N/A,N/A,N/A,N/A,N/A,N/A,N/A,N/A,N/A,N/A,N/A
Steel,Steel decking,Steel deck,CLF 2025 Material Baselines,https://buildingtransparency.org/ec3/epds/ec3sezdg,1.00349345,High-80th%,2298,1,metric ton,N/A,N/A,N/A,Fabricated steel roof and floor deck,Nucor (2021),FALSE,North America,7800,kg/m3,322,Flat-rolled products of iron or steel.,e_sheet_metal,Steel,1,No,No,No,No,N/A,N/A,N/A,N/A,N/A,N/A,N/A,N/A,N/A,N/A,N/A,N/A,N/A,N/A,N/A,N/A,N/A,N/A,N/A,N/A,N/A,N/A,2298,N/A,N/A,N/A,5.3686899563318800,0.2970340611353710,0.0000000032713886,94.8301310043668000,2147.4759825327500000,No,N/A,N/A,N/A,N/A,N/A,N/A,N/A,N/A,N/A,N/A,N/A,N/A,N/A,N/A,N/A,N/A,N/A
Steel,Steel decking,Steel deck,CLF 2025 Material Baselines,https://buildingtransparency.org/ec3/epds/ec3sezdg,1.00349345,High-80th%,2298,1,metric ton,N/A,N/A,N/A,Fabricated steel roof and floor deck,Nucor (2021),FALSE,North America,7800,kg/m3,322,Flat-rolled products of iron or steel.,e_sheet_metal,Steel,1,No,No,No,No,N/A,N/A,N/A,N/A,N/A,N/A,N/A,N/A,N/A,N/A,N/A,N/A,N/A,N/A,N/A,N/A,N/A,N/A,N/A,N/A,N/A,N/A,2298,N/A,N/A,N/A,5.3686899563318800,0.2970340611353710,0.0000000032713886,94.8301310043668000,2147.4759825327500000,No,N/A,N/A,N/A,N/A,N/A,N/A,N/A,N/A,N/A,N/A,N/A,N/A,N/A,N/A,N/A,N/A,N/A
Steel,Open-web steel joists,Open-web steel joist,CLF 2025 Material Baselines,https://steeljoist.org/wp-content/uploads/2022/02/101.1_SJI_EPD_2022-Steel-Joist_022122.pdf,1,Baseline,1430,1,metric ton,Industry,single,industry data,"OWSJ industry-average EPD (SJI, 2022) ",Steel Joist Institute (SJI). (2022). Environmental Product Declaration: Open Web Steel Joists and Joist Girders.,FALSE,North America,7800,kg/m3,332,"Structures and parts, except prefabricated buildings.",p_custom,Steel,1,No,No,No,No,N/A,N/A,N/A,N/A,N/A,N/A,N/A,N/A,N/A,N/A,N/A,N/A,N/A,N/A,N/A,N/A,N/A,N/A,N/A,N/A,N/A,N/A,1430,N/A,N/A,N/A,3.2600000000000000,0.1800000000000000,0.0000000279000000,55.6000000000000000,1630.0000000000000000,No,N/A,N/A,N/A,N/A,N/A,N/A,N/A,N/A,N/A,N/A,N/A,N/A,N/A,N/A,N/A,N/A,N/A
Steel,Open-web steel joists,Open-web steel joist,CLF 2025 Material Baselines,https://buildingtransparency.org/ec3/epds/ec3he6kc,1.122641509,High-80th%,1190,1,metric ton,N/A,N/A,N/A,Steel Joist Products,New Millennium Building Systems (2023),FALSE,North America,7800,kg/m3,332,"Structures and parts, except prefabricated buildings.",p_custom,Steel,1,No,No,No,No,N/A,N/A,N/A,N/A,N/A,N/A,N/A,N/A,N/A,N/A,N/A,N/A,N/A,N/A,N/A,N/A,N/A,N/A,N/A,N/A,N/A,N/A,1190,N/A,N/A,N/A,6.6572641509434000,6.2867924528301900,0.0001069877358491,93.9650943396227000,1291.0377358490600000,No,N/A,N/A,N/A,N/A,N/A,N/A,N/A,N/A,N/A,N/A,N/A,N/A,N/A,N/A,N/A,N/A,N/A
Steel,Open-web steel joists,Open-web steel joist,CLF 2025 Material Baselines,https://buildingtransparency.org/ec3/epds/ec3zjceh,1.003963012,Low-20th%,760,1,metric ton,N/A,N/A,N/A,Fabricated Open-Web Steel Joists and Joist Girders,Nucor (2024),FALSE,North America,7800,kg/m3,332,"Structures and parts, except prefabricated buildings.",p_custom,Steel,1,No,No,No,No,N/A,N/A,N/A,N/A,N/A,N/A,N/A,N/A,N/A,N/A,N/A,N/A,N/A,N/A,N/A,N/A,N/A,N/A,N/A,N/A,N/A,N/A,760,N/A,N/A,N/A,2.3693527080581200,0.1596301188903570,0.0000073088507266,44.8771466314399000,8383.0911492734500000,No,N/A,N/A,N/A,N/A,N/A,N/A,N/A,N/A,N/A,N/A,N/A,N/A,N/A,N/A,N/A,N/A,N/A
Wood,Sawn lumber,Softwood Lumber,CLF 2025 Material Baselines,https://awc.org/wp-content/uploads/2021/11/AWC_EPD_NorthAmericanSoftwoodLumber_20200605.pdf,1,Baseline,63.1,1,m3,Industry,single,industry data,"North American softwood lumber industry-average EPD (AWC & CWC, 2020e) ",American Wood Council (AWC) & Canadian Wood Council (CWC). (2020). Environmental product declaration - North American softwood lumber. UL Environment.,FALSE,North America,460,kg/m3,262,"Lumber, wood continuously shaped along any of its edges or faces, shingles and shakes.",e_length,Wood,2,Yes,No,No,No,Medium Smooth,0.12,0.9,0.7,0.7,N/A,N/A,N/A,N/A,N/A,N/A,N/A,N/A,N/A,N/A,N/A,N/A,N/A,N/A,N/A,N/A,N/A,63.1,63.1,0,N/A,0.5200000000000000,0.2500000000000000,0.0000028000000000,13.6800000000000000,833.3700000000000000,Yes,0.5,15,3.666666667,100,0.5,460,230,843.3333333,-780.2333333,-843.3333333,,,N/A,N/A,N/A,N/A,N/A
Wood,Sawn lumber,Softwood Lumber,N/A,N/A,#VALUE!,High-80th%,N/A,N/A,N/A,N/A,N/A,N/A,N/A,N/A,N/A,N/A,N/A,N/A,262,"Lumber, wood continuously shaped along any of its edges or faces, shingles and shakes.",e_length,Wood,2,Yes,No,No,No,Medium Smooth,0.12,0.9,0.7,0.7,N/A,N/A,N/A,N/A,N/A,N/A,N/A,N/A,N/A,N/A,N/A,N/A,N/A,N/A,N/A,N/A,N/A,N/A,N/A,N/A,N/A,N/A,N/A,N/A,N/A,N/A,Yes,Null,Null,Null,Null,Null,Null,Null,Null,Null,Null,,,N/A,N/A,N/A,N/A,N/A
Wood,Sawn lumber,Softwood Lumber,N/A,N/A,#VALUE!,Low-20th%,N/A,N/A,N/A,N/A,N/A,N/A,N/A,N/A,N/A,N/A,N/A,N/A,262,"Lumber, wood continuously shaped along any of its edges or faces, shingles and shakes.",e_length,Wood,2,Yes,No,No,No,Medium Smooth,0.12,0.9,0.7,0.7,N/A,N/A,N/A,N/A,N/A,N/A,N/A,N/A,N/A,N/A,N/A,N/A,N/A,N/A,N/A,N/A,N/A,N/A,N/A,N/A,N/A,N/A,N/A,N/A,N/A,N/A,Yes,Null,Null,Null,Null,Null,Null,Null,Null,Null,Null,,,N/A,N/A,N/A,N/A,N/A
Wood,Sawn lumber,"Softwood lumber, U.S. Inland Northwest",CLF 2025 Material Baselines,https://buildingtransparency.org/ec3/industry-epds/ec3uqysx,1.000700771,Baseline,71.4,1,m3,Industry,single,industry data,U.S. Inland Northwest softwood lumber industry-average EPD  (AWC 2024a) ,American Wood Council (AWC). (2024). Environmental product declaration - U.S. Inland Northwest Softwood Lumber. UL Environment.,FALSE,US Inland Northwest,470.7,kg/m3,262,"Lumber, wood continuously shaped along any of its edges or faces, shingles and shakes.",e_length,Wood,2,Yes,No,No,No,Medium Smooth,0.12,0.9,0.7,0.7,N/A,N/A,N/A,N/A,N/A,N/A,N/A,N/A,N/A,N/A,N/A,N/A,N/A,N/A,N/A,N/A,N/A,71.4,71.4,0,N/A,0.7405185704274700,0.2301611772950250,0.0000007745423966,23.8366923615978000,921.3451997196920000,Yes,0.5,15,3.666666667,100,0.5,470.7,235.35,862.95,-791.6,-862.95,,,N/A,N/A,N/A,N/A,N/A
Wood,Sawn lumber,"Softwood lumber, U.S. Inland Northwest",N/A,N/A,#VALUE!,High-80th%,N/A,N/A,N/A,N/A,N/A,N/A,N/A,N/A,N/A,N/A,N/A,N/A,262,"Lumber, wood continuously shaped along any of its edges or faces, shingles and shakes.",e_length,Wood,2,Yes,No,No,No,Medium Smooth,0.12,0.9,0.7,0.7,N/A,N/A,N/A,N/A,N/A,N/A,N/A,N/A,N/A,N/A,N/A,N/A,N/A,N/A,N/A,N/A,N/A,N/A,N/A,N/A,N/A,N/A,N/A,N/A,N/A,N/A,Yes,Null,Null,Null,Null,Null,Null,Null,Null,Null,Null,,,N/A,N/A,N/A,N/A,N/A
Wood,Sawn lumber,"Softwood lumber, U.S. Inland Northwest",N/A,N/A,#VALUE!,Low-20th%,N/A,N/A,N/A,N/A,N/A,N/A,N/A,N/A,N/A,N/A,N/A,N/A,262,"Lumber, wood continuously shaped along any of its edges or faces, shingles and shakes.",e_length,Wood,2,Yes,No,No,No,Medium Smooth,0.12,0.9,0.7,0.7,N/A,N/A,N/A,N/A,N/A,N/A,N/A,N/A,N/A,N/A,N/A,N/A,N/A,N/A,N/A,N/A,N/A,N/A,N/A,N/A,N/A,N/A,N/A,N/A,N/A,N/A,Yes,Null,Null,Null,Null,Null,Null,Null,Null,Null,Null,,,N/A,N/A,N/A,N/A,N/A
Wood,Sawn lumber,"Softwood lumber, U.S. Southern",CLF 2025 Material Baselines,https://buildingtransparency.org/ec3/industry-epds/ec3t1u55,1.000110632,Baseline,90.4,1,m3,Industry,single,industry data,U.S. Southern softwood lumber industry-average EPD  (AWC 2024c) ,American Wood Council (AWC). (2024). Environmental product declaration - U.S. Southern Softwood Lumber. UL Environment.,FALSE,US South,564.97,kg/m3,262,"Lumber, wood continuously shaped along any of its edges or faces, shingles and shakes.",e_length,Wood,2,Yes,No,No,No,Medium Smooth,0.12,0.9,0.7,0.7,N/A,N/A,N/A,N/A,N/A,N/A,N/A,N/A,N/A,N/A,N/A,N/A,N/A,N/A,N/A,N/A,N/A,90.4,90.4,0,N/A,0.7400818674632150,0.2100232326584800,0.0000007770859608,25.9628719991150000,1194.3821219161400000,Yes,0.5,15,3.666666667,100,0.5,564.97,282.485,1035.778333,-945.3883333,-1035.778333,,,N/A,N/A,N/A,N/A,N/A
Wood,Sawn lumber,"Softwood lumber, U.S. Southern",N/A,N/A,#VALUE!,High-80th%,N/A,N/A,N/A,N/A,N/A,N/A,N/A,N/A,N/A,N/A,N/A,N/A,262,"Lumber, wood continuously shaped along any of its edges or faces, shingles and shakes.",e_length,Wood,2,Yes,No,No,No,Medium Smooth,0.12,0.9,0.7,0.7,N/A,N/A,N/A,N/A,N/A,N/A,N/A,N/A,N/A,N/A,N/A,N/A,N/A,N/A,N/A,N/A,N/A,N/A,N/A,N/A,N/A,N/A,N/A,N/A,N/A,N/A,Yes,Null,Null,Null,Null,Null,Null,Null,Null,Null,Null,,,N/A,N/A,N/A,N/A,N/A
Wood,Sawn lumber,"Softwood lumber, U.S. Southern",N/A,N/A,#VALUE!,Low-20th%,N/A,N/A,N/A,N/A,N/A,N/A,N/A,N/A,N/A,N/A,N/A,N/A,262,"Lumber, wood continuously shaped along any of its edges or faces, shingles and shakes.",e_length,Wood,2,Yes,No,No,No,Medium Smooth,0.12,0.9,0.7,0.7,N/A,N/A,N/A,N/A,N/A,N/A,N/A,N/A,N/A,N/A,N/A,N/A,N/A,N/A,N/A,N/A,N/A,N/A,N/A,N/A,N/A,N/A,N/A,N/A,N/A,N/A,Yes,Null,Null,Null,Null,Null,Null,Null,Null,Null,Null,,,N/A,N/A,N/A,N/A,N/A
Wood,Sawn lumber,"Softwood lumber, U.S. Pacific Coast",CLF 2025 Material Baselines,https://buildingtransparency.org/ec3/industry-epds/ec3sshjr,0.999864517,Baseline,73.8,1,m3,Industry,single,industry data,U.S. Pacific Coast softwood lumber industry-average EPD  (AWC 2024b) ,American Wood Council (AWC). (2024). Environmental product declaration - U.S. Pacific Coast Softwood Lumber. UL Environment.,FALSE,US Pacific Coast,492.78,kg/m3,262,"Lumber, wood continuously shaped along any of its edges or faces, shingles and shakes.",e_length,Wood,2,Yes,No,No,No,Medium Smooth,0.12,0.9,0.7,0.7,N/A,N/A,N/A,N/A,N/A,N/A,N/A,N/A,N/A,N/A,N/A,N/A,N/A,N/A,N/A,N/A,N/A,73.8,73.8,0,N/A,0.5799214198618070,0.1699769678905300,0.0000003749491939,18.3075193063271000,953.0908548977100000,Yes,0.5,15,3.666666667,100,0.5,492.78,246.39,903.43,-829.62,-903.43,,,N/A,N/A,N/A,N/A,N/A
Wood,Sawn lumber,"Softwood lumber, U.S. Pacific Coast",N/A,N/A,#VALUE!,High-80th%,N/A,N/A,N/A,N/A,N/A,N/A,N/A,N/A,N/A,N/A,N/A,N/A,262,"Lumber, wood continuously shaped along any of its edges or faces, shingles and shakes.",e_length,Wood,2,Yes,No,No,No,Medium Smooth,0.12,0.9,0.7,0.7,N/A,N/A,N/A,N/A,N/A,N/A,N/A,N/A,N/A,N/A,N/A,N/A,N/A,N/A,N/A,N/A,N/A,N/A,N/A,N/A,N/A,N/A,N/A,N/A,N/A,N/A,Yes,Null,Null,Null,Null,Null,Null,Null,Null,Null,Null,,,N/A,N/A,N/A,N/A,N/A
Wood,Sawn lumber,"Softwood lumber, U.S. Pacific Coast",N/A,N/A,#VALUE!,Low-20th%,N/A,N/A,N/A,N/A,N/A,N/A,N/A,N/A,N/A,N/A,N/A,N/A,262,"Lumber, wood continuously shaped along any of its edges or faces, shingles and shakes.",e_length,Wood,2,Yes,No,No,No,Medium Smooth,0.12,0.9,0.7,0.7,N/A,N/A,N/A,N/A,N/A,N/A,N/A,N/A,N/A,N/A,N/A,N/A,N/A,N/A,N/A,N/A,N/A,N/A,N/A,N/A,N/A,N/A,N/A,N/A,N/A,N/A,Yes,Null,Null,Null,Null,Null,Null,Null,Null,Null,Null,,,N/A,N/A,N/A,N/A,N/A
Wood,Sawn lumber,"Softwood lumber, British Columbia",CLF 2025 Material Baselines,https://pcr-epd.s3.us-east-2.amazonaws.com/903.Softwood_Lumber_BC_Average_Product_EPD.pdf,1.00087222,Baseline,45.9,1,m3,Industry,single,industry data,"British Columbia softwood lumber industry-average EPD  (Forestry Innovation Investment, 2023b) ",Forestry Innovation Investment. (2023). Environmental product declaration - Surfaced Dry Softwood Lumber Produced in British Columbia. UL Environment.,FALSE,Canada BC,428.62,kg/m3,262,"Lumber, wood continuously shaped along any of its edges or faces, shingles and shakes.",e_length,Wood,2,Yes,No,No,No,Medium Smooth,0.12,0.9,0.7,0.7,N/A,N/A,N/A,N/A,N/A,N/A,N/A,N/A,N/A,N/A,N/A,N/A,N/A,N/A,N/A,N/A,N/A,45.9,45.9,0,N/A,0.5805058874836460,0.0600523331879634,0.0000014012211077,11.9404055822067000,699.5396205843870000,Yes,0.5,8,3.666666667,100,0.5,428.62,214.31,785.8033333,-739.9433333,-785.8033333,,,N/A,N/A,N/A,N/A,N/A
Wood,Sawn lumber,"Softwood lumber, British Columbia",N/A,N/A,#VALUE!,High-80th%,N/A,N/A,N/A,N/A,N/A,N/A,N/A,N/A,N/A,N/A,N/A,N/A,262,"Lumber, wood continuously shaped along any of its edges or faces, shingles and shakes.",e_length,Wood,2,Yes,No,No,No,Medium Smooth,0.12,0.9,0.7,0.7,N/A,N/A,N/A,N/A,N/A,N/A,N/A,N/A,N/A,N/A,N/A,N/A,N/A,N/A,N/A,N/A,N/A,N/A,N/A,N/A,N/A,N/A,N/A,N/A,N/A,N/A,Yes,Null,Null,Null,Null,Null,Null,Null,Null,Null,Null,,,N/A,N/A,N/A,N/A,N/A
Wood,Sawn lumber,"Softwood lumber, British Columbia",N/A,N/A,#VALUE!,Low-20th%,N/A,N/A,N/A,N/A,N/A,N/A,N/A,N/A,N/A,N/A,N/A,N/A,262,"Lumber, wood continuously shaped along any of its edges or faces, shingles and shakes.",e_length,Wood,2,Yes,No,No,No,Medium Smooth,0.12,0.9,0.7,0.7,N/A,N/A,N/A,N/A,N/A,N/A,N/A,N/A,N/A,N/A,N/A,N/A,N/A,N/A,N/A,N/A,N/A,N/A,N/A,N/A,N/A,N/A,N/A,N/A,N/A,N/A,Yes,Null,Null,Null,Null,Null,Null,Null,Null,Null,Null,,,N/A,N/A,N/A,N/A,N/A
Wood,Sawn lumber,Redwood Lumber,CLF 2025 Material Baselines,https://awc.org/wp-content/uploads/2021/11/AWC_EPD_RedwoodLumber_20200605.pdf,1.000790097,Baseline,38,1,m3,Industry,single,industry data,"Redwood lumber industry-average EPD (AWC, 2020) ",American Wood Council (AWC. (2020). Environmental product declaration - North American redwood lumber. UL Environment.,FALSE,North America,380,kg/m3,262,"Lumber, wood continuously shaped along any of its edges or faces, shingles and shakes.",e_length,Wood,2,No,No,No,No,N/A,N/A,N/A,N/A,N/A,N/A,N/A,N/A,N/A,N/A,N/A,N/A,N/A,N/A,N/A,N/A,N/A,N/A,N/A,N/A,N/A,N/A,38,38,0,N/A,0.3502765341058730,0.0700553068211746,0.0000008136423492,10.7484856465631000,511.8540953384250000,Yes,0.5,19,3.666666667,100,0.5,380,190,696.6666667,-658.6966667,-696.6666667,,,N/A,N/A,N/A,N/A,N/A
Wood,Sawn lumber,Redwood Lumber,N/A,N/A,#VALUE!,High-80th%,N/A,N/A,N/A,N/A,N/A,N/A,N/A,N/A,N/A,N/A,N/A,N/A,262,"Lumber, wood continuously shaped along any of its edges or faces, shingles and shakes.",e_length,Wood,2,No,No,No,No,N/A,N/A,N/A,N/A,N/A,N/A,N/A,N/A,N/A,N/A,N/A,N/A,N/A,N/A,N/A,N/A,N/A,N/A,N/A,N/A,N/A,N/A,N/A,N/A,N/A,N/A,N/A,N/A,N/A,N/A,N/A,Yes,Null,Null,Null,Null,Null,Null,Null,Null,Null,Null,,,N/A,N/A,N/A,N/A,N/A
Wood,Sawn lumber,Redwood Lumber,N/A,N/A,#VALUE!,Low-20th%,N/A,N/A,N/A,N/A,N/A,N/A,N/A,N/A,N/A,N/A,N/A,N/A,262,"Lumber, wood continuously shaped along any of its edges or faces, shingles and shakes.",e_length,Wood,2,No,No,No,No,N/A,N/A,N/A,N/A,N/A,N/A,N/A,N/A,N/A,N/A,N/A,N/A,N/A,N/A,N/A,N/A,N/A,N/A,N/A,N/A,N/A,N/A,N/A,N/A,N/A,N/A,N/A,N/A,N/A,N/A,N/A,Yes,Null,Null,Null,Null,Null,Null,Null,Null,Null,Null,,,N/A,N/A,N/A,N/A,N/A
Wood,Structural composite lumber ,Laminated strand lumber (LSL),CLF 2025 Material Baselines,https://buildingtransparency.org/ec3/industry-epds/ec30a9cm,1.000363769,Baseline,275,1,m3,Industry,single,industry data,"LSL industry-average EPD (AWC & CWC, 2021) ",American Wood Council (AWC) & Canadian Wood Council (CWC). (2021). Environmental product declaration - North American laminated strand lumber. UL Environment.,FALSE,North America,613.25,kg/m3,269,Other wood products.,e_length,Wood,2,No,No,No,No,N/A,N/A,N/A,N/A,N/A,N/A,N/A,N/A,N/A,N/A,N/A,N/A,N/A,N/A,N/A,N/A,N/A,N/A,N/A,N/A,N/A,N/A,275,275,0,N/A,1.7006184066933400,0.2040742088032010,0.0000067224445253,39.5243724990906000,4017.3408512186300000,Yes,0.5,7,3.666666667,95.8,0.479,613.25,293.74675,1077.071417,-802.1714167,-1077.071417,,,N/A,N/A,N/A,N/A,N/A
Wood,Structural composite lumber ,Laminated strand lumber (LSL),N/A,N/A,#VALUE!,High-80th%,N/A,N/A,N/A,N/A,N/A,N/A,N/A,N/A,N/A,N/A,N/A,N/A,269,Other wood products.,e_length,Wood,2,No,No,No,No,N/A,N/A,N/A,N/A,N/A,N/A,N/A,N/A,N/A,N/A,N/A,N/A,N/A,N/A,N/A,N/A,N/A,N/A,N/A,N/A,N/A,N/A,N/A,N/A,N/A,N/A,N/A,N/A,N/A,N/A,N/A,Yes,Null,Null,Null,Null,Null,Null,Null,Null,Null,Null,,,N/A,N/A,N/A,N/A,N/A
Wood,Structural composite lumber ,Laminated strand lumber (LSL),N/A,N/A,#VALUE!,Low-20th%,N/A,N/A,N/A,N/A,N/A,N/A,N/A,N/A,N/A,N/A,N/A,N/A,269,Other wood products.,e_length,Wood,2,No,No,No,No,N/A,N/A,N/A,N/A,N/A,N/A,N/A,N/A,N/A,N/A,N/A,N/A,N/A,N/A,N/A,N/A,N/A,N/A,N/A,N/A,N/A,N/A,N/A,N/A,N/A,N/A,N/A,N/A,N/A,N/A,N/A,Yes,Null,Null,Null,Null,Null,Null,Null,Null,Null,Null,,,N/A,N/A,N/A,N/A,N/A
Wood,Structural composite lumber ,Laminated veneer lumber (LVL),CLF 2025 Material Baselines,https://awc.org/wp-content/uploads/2021/11/AWC_EPD_NorthAmericanLaminatedVeneerLumber_20200605.pdf,0.998755015,Baseline,361,1,m3,Industry,single,industry data,"LVL industry-average EPD (AWC & CWC, 2020c) ",American Wood Council (AWC) & Canadian Wood Council (CWC). (2020). Environmental product declaration - North American laminated veneer lumber. UL Environment.  ,FALSE,North America,544.53,kg/m3,269,Other wood products.,e_length,Wood,2,No,No,No,No,N/A,N/A,N/A,N/A,N/A,N/A,N/A,N/A,N/A,N/A,N/A,N/A,N/A,N/A,N/A,N/A,N/A,N/A,N/A,N/A,N/A,N/A,361,361,0,N/A,1.7078710748374600,1.6479457739659700,0.0000159800802324,37.0338359385807000,5399.3095587218100000,Yes,0.5,6,3.666666667,95.6,0.478,544.53,260.28534,954.37958,-592.92958,-954.37958,,,N/A,N/A,N/A,N/A,N/A
Wood,Structural composite lumber ,Laminated veneer lumber (LVL),N/A,N/A,#VALUE!,High-80th%,N/A,N/A,N/A,N/A,N/A,N/A,N/A,N/A,N/A,N/A,N/A,N/A,269,Other wood products.,e_length,Wood,2,No,No,No,No,N/A,N/A,N/A,N/A,N/A,N/A,N/A,N/A,N/A,N/A,N/A,N/A,N/A,N/A,N/A,N/A,N/A,N/A,N/A,N/A,N/A,N/A,N/A,N/A,N/A,N/A,N/A,N/A,N/A,N/A,N/A,Yes,Null,Null,Null,Null,Null,Null,Null,Null,Null,Null,,,N/A,N/A,N/A,N/A,N/A
Wood,Structural composite lumber ,Laminated veneer lumber (LVL),N/A,N/A,#VALUE!,Low-20th%,N/A,N/A,N/A,N/A,N/A,N/A,N/A,N/A,N/A,N/A,N/A,N/A,269,Other wood products.,e_length,Wood,2,No,No,No,No,N/A,N/A,N/A,N/A,N/A,N/A,N/A,N/A,N/A,N/A,N/A,N/A,N/A,N/A,N/A,N/A,N/A,N/A,N/A,N/A,N/A,N/A,N/A,N/A,N/A,N/A,N/A,N/A,N/A,N/A,N/A,Yes,Null,Null,Null,Null,Null,Null,Null,Null,Null,Null,,,N/A,N/A,N/A,N/A,N/A
Wood,Mass timber,"Cross laminated timber (CLT), North America",CLF 2025 Material Baselines,https://buildingtransparency.org/ec3/epds/ec3r13dj,0.984497833,Baseline,134,1,m3,Product,unweighted,sampling fraction,"Collection of CLT product EPDs , unweighted average. ","Collection of CLT product EPDs , unweighted average. ",FALSE,North America,395.1160714,kg/m3,269,Other wood products.,p_custom,Wood,2,No,No,No,No,N/A,N/A,N/A,N/A,N/A,N/A,N/A,N/A,N/A,N/A,N/A,N/A,N/A,N/A,N/A,N/A,N/A,N/A,N/A,N/A,N/A,N/A,134,134,0,N/A,0.8860480493718320,0.5316288296230990,0.0000088309455587,19.0106531481890000,1937.6197193446500000,Yes,0.5,12,3.666666667,98.4,0.492,395.1160714,194.3971071,712.7893929,-576.6793929,-712.7893929,,,N/A,N/A,N/A,N/A,N/A
Wood,Mass timber,"Cross laminated timber (CLT), North America",CLF 2025 Material Baselines,https://buildingtransparency.org/ec3/epds/ec3ghhsf,0.952380952,High-80th%,160,1,m3,N/A,N/A,N/A,Cross-laminated Timber (2025),Mercer Conway ,FALSE,North America,580,kg/m3,269,Other wood products.,p_custom,Wood,2,No,No,No,No,N/A,N/A,N/A,N/A,N/A,N/A,N/A,N/A,N/A,N/A,N/A,N/A,N/A,N/A,N/A,N/A,N/A,N/A,N/A,N/A,N/A,N/A,160,160,0,N/A,0.9809523809523810,0.3333333333333330,0.0000049333333333,29.9809523809524000,2158.4380952381000000,Yes,0.5,12,3.666666667,99.2,0.496,580,287.68,1054.826667,-886.8266667,-1054.826667,,,N/A,N/A,N/A,N/A,N/A
Wood,Mass timber,"Cross laminated timber (CLT), North America",CLF 2025 Material Baselines,https://buildingtransparency.org/ec3/epds/ec3hrx1j,0.976190476,Low-20th%,123,1,m3,N/A,N/A,N/A,Cross-laminated Timber (2021),SmartLam NA,FALSE,North America,493.68,kg/m3,269,Other wood products.,p_custom,Wood,2,No,No,No,No,N/A,N/A,N/A,N/A,N/A,N/A,N/A,N/A,N/A,N/A,N/A,N/A,N/A,N/A,N/A,N/A,N/A,N/A,N/A,N/A,N/A,N/A,123,123,0,N/A,0.7194523809523810,0.9478809523809520,0.0000145452380952,20.7928571428571000,N/A,Yes,0.5,12,3.666666667,98,0.49,493.68,241.9032,886.9784,-760.9784,-886.9784,,,N/A,N/A,N/A,N/A,N/A
Wood,Mass timber,"CLT, British Columbia",CLF 2025 Material Baselines,https://buildingtransparency.org/ec3/industry-epds/ec31pjca,1,Baseline,101,1,m3,Industry,single,industry data,"BC CLT industry-average EPD (Forestry Innovation Investment, 2023c) ",Forestry Innovation Investment. (2023). Environmental product declaration - Glulam Produced in British Columbia. UL Environment.,FALSE,Canada BC,430.7,kg/m3,269,Other wood products.,p_custom,Wood,2,No,No,No,No,N/A,N/A,N/A,N/A,N/A,N/A,N/A,N/A,N/A,N/A,N/A,N/A,N/A,N/A,N/A,N/A,N/A,N/A,N/A,N/A,N/A,N/A,101,101,0,N/A,1.1000000000000000,0.1300000000000000,0.0000025200000000,23.2500000000000000,1462.6700000000000000,Yes,0.5,8,3.666666667,99.6,0.498,430.7,214.4886,786.4582,-685.4582,-786.4582,,,N/A,N/A,N/A,N/A,N/A
Wood,Mass timber,"CLT, British Columbia",N/A,N/A,#VALUE!,High-80th%,N/A,N/A,N/A,N/A,N/A,N/A,N/A,N/A,N/A,N/A,N/A,N/A,269,Other wood products.,p_custom,Wood,2,No,No,No,No,N/A,N/A,N/A,N/A,N/A,N/A,N/A,N/A,N/A,N/A,N/A,N/A,N/A,N/A,N/A,N/A,N/A,N/A,N/A,N/A,N/A,N/A,N/A,N/A,N/A,N/A,N/A,N/A,N/A,N/A,N/A,Yes,Null,Null,Null,Null,Null,Null,Null,Null,Null,Null,,,N/A,N/A,N/A,N/A,N/A
Wood,Mass timber,"CLT, British Columbia",N/A,N/A,#VALUE!,Low-20th%,N/A,N/A,N/A,N/A,N/A,N/A,N/A,N/A,N/A,N/A,N/A,N/A,269,Other wood products.,p_custom,Wood,2,No,No,No,No,N/A,N/A,N/A,N/A,N/A,N/A,N/A,N/A,N/A,N/A,N/A,N/A,N/A,N/A,N/A,N/A,N/A,N/A,N/A,N/A,N/A,N/A,N/A,N/A,N/A,N/A,N/A,N/A,N/A,N/A,N/A,Yes,Null,Null,Null,Null,Null,Null,Null,Null,Null,Null,,,N/A,N/A,N/A,N/A,N/A
Wood,Mass timber,"CLT, Eastern Canada",CLF 2025 Material Baselines,https://buildingtransparency.org/ec3/epds/ec3jz1y3,1.372212693,Baseline,96,1,m3,Product,unweighted,sampling fraction,"Collection of CLT product EPDs (Nordic Structures; 2023; Element5 LP - Modern Timber Buildings, 2022), unweighted average. ","Nordic Structures. (2023). Environmental product declaration - Nordic X-LAMTM. CSA Group.
Element5 LP - Modern Timber Buildings. (2022). Environmental Product Declaration: A company-specific cradle-to-gate EPD for Element5 Cross-Laminated Timber (CLT). ASTM International.",FALSE,Canada Eastern,460.81,kg/m3,269,Other wood products.,p_custom,Wood,2,No,No,No,No,N/A,N/A,N/A,N/A,N/A,N/A,N/A,N/A,N/A,N/A,N/A,N/A,N/A,N/A,N/A,N/A,N/A,N/A,N/A,N/A,N/A,N/A,96,96,0,N/A,0.8233276157804460,0.0686106346483705,0.0000017564322470,25.3173241852487000,1412.6518010291600000,Yes,0.5,12,3.666666667,98.7,0.4935,460.81,227.409735,833.835695,-763.875695,-833.835695,,,N/A,N/A,N/A,N/A,N/A
Wood,Mass timber,"CLT, Eastern Canada",N/A,N/A,#VALUE!,High-80th%,N/A,N/A,N/A,N/A,N/A,N/A,N/A,N/A,N/A,N/A,N/A,N/A,269,Other wood products.,p_custom,Wood,2,No,No,No,No,N/A,N/A,N/A,N/A,N/A,N/A,N/A,N/A,N/A,N/A,N/A,N/A,N/A,N/A,N/A,N/A,N/A,N/A,N/A,N/A,N/A,N/A,N/A,N/A,N/A,N/A,N/A,N/A,N/A,N/A,N/A,Yes,Null,Null,Null,Null,Null,Null,Null,Null,Null,Null,,,N/A,N/A,N/A,N/A,N/A
Wood,Mass timber,"CLT, Eastern Canada",N/A,N/A,#VALUE!,Low-20th%,N/A,N/A,N/A,N/A,N/A,N/A,N/A,N/A,N/A,N/A,N/A,N/A,269,Other wood products.,p_custom,Wood,2,No,No,No,No,N/A,N/A,N/A,N/A,N/A,N/A,N/A,N/A,N/A,N/A,N/A,N/A,N/A,N/A,N/A,N/A,N/A,N/A,N/A,N/A,N/A,N/A,N/A,N/A,N/A,N/A,N/A,N/A,N/A,N/A,N/A,Yes,Null,Null,Null,Null,Null,Null,Null,Null,Null,Null,,,N/A,N/A,N/A,N/A,N/A
Wood,Mass timber,"CLT, Southern US",CLF 2025 Material Baselines,https://buildingtransparency.org/ec3/epds/ec3ghhsf,0.875,Baseline,147,1,m3,Product,unweighted,sampling fraction,"Collection of CLT product EPDs (Mercer Mass Timber, 2025a; SmartLam North America, 2021a), unweighted average. ","Mercer Mass Timber. (2025). Environmental Product Declaration: Cross-laminated Timber (Mercer Conway).; SmartLam North America. (2021). Environmental Product Declaration: Cross Laminated Timber Smartlam NA Dothan, Alabama. ",FALSE,US South,580,kg/m3,269,Other wood products.,p_custom,Wood,2,No,No,No,No,N/A,N/A,N/A,N/A,N/A,N/A,N/A,N/A,N/A,N/A,N/A,N/A,N/A,N/A,N/A,N/A,N/A,N/A,N/A,N/A,N/A,N/A,147,147,0,N/A,0.9012500000000000,0.3062500000000000,0.0000045325000000,27.5450000000000000,1983.0650000000000000,Yes,0.5,12,3.666666667,99.2,0.496,580,287.68,1054.826667,-886.8266667,-1054.826667,,,N/A,N/A,N/A,N/A,N/A
Wood,Mass timber,"CLT, Southern US",N/A,N/A,#VALUE!,High-80th%,N/A,N/A,N/A,N/A,N/A,N/A,N/A,N/A,N/A,N/A,N/A,N/A,269,Other wood products.,p_custom,Wood,2,No,No,No,No,N/A,N/A,N/A,N/A,N/A,N/A,N/A,N/A,N/A,N/A,N/A,N/A,N/A,N/A,N/A,N/A,N/A,N/A,N/A,N/A,N/A,N/A,N/A,N/A,N/A,N/A,N/A,N/A,N/A,N/A,N/A,Yes,Null,Null,Null,Null,Null,Null,Null,Null,Null,Null,,,N/A,N/A,N/A,N/A,N/A
Wood,Mass timber,"CLT, Southern US",N/A,N/A,#VALUE!,Low-20th%,N/A,N/A,N/A,N/A,N/A,N/A,N/A,N/A,N/A,N/A,N/A,N/A,269,Other wood products.,p_custom,Wood,2,No,No,No,No,N/A,N/A,N/A,N/A,N/A,N/A,N/A,N/A,N/A,N/A,N/A,N/A,N/A,N/A,N/A,N/A,N/A,N/A,N/A,N/A,N/A,N/A,N/A,N/A,N/A,N/A,N/A,N/A,N/A,N/A,N/A,Yes,Null,Null,Null,Null,Null,Null,Null,Null,Null,Null,,,N/A,N/A,N/A,N/A,N/A
Wood,Mass timber,"CLT, Western US",CLF 2025 Material Baselines,https://buildingtransparency.org/ec3/epds/ec3r13dj,1.146131805,Baseline,156,1,m3,Product,unweighted,sampling fraction,"Collection of CLT product EPDs (Mercer Mass Timber, 2025b; SmartLam North America, 2021b; Vaagen Timbers, 2021), unweighted average. ","Mercer Mass Timber. (2025). Environmental Product Declaration: Cross-laminated Timber and Glue-laminated Timber (Mercer Spokane).; 
Smartlam North America. (2021). Environmental 
product declaration - Cross Laminated Timber. UL Environment.; Vaagen Timbers. (2021). Environmental Product Declaration: Cross Laminated Timber produced by Vaagen Timbers in Colville, WA. ASTM International.",FALSE,US West,395.88,kg/m3,269,Other wood products.,p_custom,Wood,2,No,No,No,No,N/A,N/A,N/A,N/A,N/A,N/A,N/A,N/A,N/A,N/A,N/A,N/A,N/A,N/A,N/A,N/A,N/A,N/A,N/A,N/A,N/A,N/A,156,156,0,N/A,1.0315186246418300,0.6189111747851000,0.0000102808022923,22.1318051575931000,2255.7363896848100000,Yes,0.5,12,3.666666667,98.2,0.491,395.88,194.37708,712.71596,-576.60596,-712.71596,,,N/A,N/A,N/A,N/A,N/A
Wood,Mass timber,"CLT, Western US",N/A,N/A,#VALUE!,High-80th%,N/A,N/A,N/A,N/A,N/A,N/A,N/A,N/A,N/A,N/A,N/A,N/A,269,Other wood products.,p_custom,Wood,2,No,No,No,No,N/A,N/A,N/A,N/A,N/A,N/A,N/A,N/A,N/A,N/A,N/A,N/A,N/A,N/A,N/A,N/A,N/A,N/A,N/A,N/A,N/A,N/A,N/A,N/A,N/A,N/A,N/A,N/A,N/A,N/A,N/A,Yes,Null,Null,Null,Null,Null,Null,Null,Null,Null,Null,,,N/A,N/A,N/A,N/A,N/A
Wood,Mass timber,"CLT, Western US",N/A,N/A,#VALUE!,Low-20th%,N/A,N/A,N/A,N/A,N/A,N/A,N/A,N/A,N/A,N/A,N/A,N/A,269,Other wood products.,p_custom,Wood,2,No,No,No,No,N/A,N/A,N/A,N/A,N/A,N/A,N/A,N/A,N/A,N/A,N/A,N/A,N/A,N/A,N/A,N/A,N/A,N/A,N/A,N/A,N/A,N/A,N/A,N/A,N/A,N/A,N/A,N/A,N/A,N/A,N/A,Yes,Null,Null,Null,Null,Null,Null,Null,Null,Null,Null,,,N/A,N/A,N/A,N/A,N/A
Wood,Mass timber,Mass ply panel (MPP),CLF 2025 Material Baselines,https://buildingtransparency.org/ec3/epds/ec3rh1tn,1,Baseline,259,1,m3,Product,weighted,sampling fraction,"MPP product EPD (Freres Lumber Company, 2020) ","Freres Lumber Company. (2020). EPD for mass ply panels produced by Freres Lumber in Lyons, Oregon. ASTM International.",FALSE,North America,505.56,kg/m3,269,Other wood products.,p_custom,Wood,2,No,No,No,No,N/A,N/A,N/A,N/A,N/A,N/A,N/A,N/A,N/A,N/A,N/A,N/A,N/A,N/A,N/A,N/A,N/A,N/A,N/A,N/A,N/A,N/A,259,259,0,N/A,1.1300000000000000,0.2900000000000000,0.0000081700000000,22.9400000000000000,4648.6700000000000000,Yes,0.5,8,3.666666667,97.8,0.489,505.56,247.21884,906.46908,-647.46908,-906.46908,,,N/A,N/A,N/A,N/A,N/A
Wood,Mass timber,Mass ply panel (MPP),N/A,N/A,#VALUE!,High-80th%,N/A,N/A,N/A,N/A,N/A,N/A,N/A,N/A,N/A,N/A,N/A,N/A,269,Other wood products.,p_custom,Wood,2,No,No,No,No,N/A,N/A,N/A,N/A,N/A,N/A,N/A,N/A,N/A,N/A,N/A,N/A,N/A,N/A,N/A,N/A,N/A,N/A,N/A,N/A,N/A,N/A,N/A,N/A,N/A,N/A,N/A,N/A,N/A,N/A,N/A,Yes,Null,Null,Null,Null,Null,Null,Null,Null,Null,Null,,,N/A,N/A,N/A,N/A,N/A
Wood,Mass timber,Mass ply panel (MPP),N/A,N/A,#VALUE!,Low-20th%,N/A,N/A,N/A,N/A,N/A,N/A,N/A,N/A,N/A,N/A,N/A,N/A,269,Other wood products.,p_custom,Wood,2,No,No,No,No,N/A,N/A,N/A,N/A,N/A,N/A,N/A,N/A,N/A,N/A,N/A,N/A,N/A,N/A,N/A,N/A,N/A,N/A,N/A,N/A,N/A,N/A,N/A,N/A,N/A,N/A,N/A,N/A,N/A,N/A,N/A,Yes,Null,Null,Null,Null,Null,Null,Null,Null,Null,Null,,,N/A,N/A,N/A,N/A,N/A
Wood,Mass timber,Dowel Laminated Timber (DLT),CLF 2025 Material Baselines,https://structurecraft.com/assets/main/pdf/structurecraft_dlt_epd_20200910_.pdf,1,Baseline,121,1,m3,Product,weighted,sampling fraction,"DLT product EPD (StructureCraft, 2020) ","StructureCraft. (2020). EPD for Dowel Laminated Timber produced by StructureCraft in Abbotsford, BC Canada. ASTM International.",FALSE,North America,383.76,kg/m3,269,Other wood products.,p_custom,Wood,2,No,No,No,No,N/A,N/A,N/A,N/A,N/A,N/A,N/A,N/A,N/A,N/A,N/A,N/A,N/A,N/A,N/A,N/A,N/A,N/A,N/A,N/A,N/A,N/A,121,121,0,N/A,1.2800000000000000,0.2300000000000000,0.0000036400000000,27.1600000000000000,1822.7400000000000000,Yes,0.5,17,3.666666667,98.43,0.49215,383.76,188.867484,692.514108,-571.514108,-692.514108,,,N/A,N/A,N/A,N/A,N/A
Wood,Mass timber,Dowel Laminated Timber (DLT),N/A,N/A,#VALUE!,High-80th%,N/A,N/A,N/A,N/A,N/A,N/A,N/A,N/A,N/A,N/A,N/A,N/A,269,Other wood products.,p_custom,Wood,2,No,No,No,No,N/A,N/A,N/A,N/A,N/A,N/A,N/A,N/A,N/A,N/A,N/A,N/A,N/A,N/A,N/A,N/A,N/A,N/A,N/A,N/A,N/A,N/A,N/A,N/A,N/A,N/A,N/A,N/A,N/A,N/A,N/A,Yes,Null,Null,Null,Null,Null,Null,Null,Null,Null,Null,,,N/A,N/A,N/A,N/A,N/A
Wood,Mass timber,Dowel Laminated Timber (DLT),N/A,N/A,#VALUE!,Low-20th%,N/A,N/A,N/A,N/A,N/A,N/A,N/A,N/A,N/A,N/A,N/A,N/A,269,Other wood products.,p_custom,Wood,2,No,No,No,No,N/A,N/A,N/A,N/A,N/A,N/A,N/A,N/A,N/A,N/A,N/A,N/A,N/A,N/A,N/A,N/A,N/A,N/A,N/A,N/A,N/A,N/A,N/A,N/A,N/A,N/A,N/A,N/A,N/A,N/A,N/A,Yes,Null,Null,Null,Null,Null,Null,Null,Null,Null,Null,,,N/A,N/A,N/A,N/A,N/A
Wood,Mass timber,Glue laminated timber (GLT),CLF 2025 Material Baselines,https://awc.org/wp-content/uploads/2021/11/AWC_EPD_NorthAmericanGluedLaminatedTimber_20200605.pdf,1,Baseline,137,1,m3,Industry,single,industry data,"North America GLT industry-average EPD (AWC & CWC, 2020b) ",American Wood Council (AWC) & Canadian Wood Council (CWC). (2020). Environmental product declaration - North American glue laminated timber. UL Environment.,FALSE,North America,480.7,kg/m3,269,Other wood products.,p_custom,Wood,2,No,No,No,No,N/A,N/A,N/A,N/A,N/A,N/A,N/A,N/A,N/A,N/A,N/A,N/A,N/A,N/A,N/A,N/A,N/A,N/A,N/A,N/A,N/A,N/A,137,137,0,N/A,4.3600000000000000,0.8300000000000000,0.0000059700000000,147.8100000000000000,1864.6500000000000000,Yes,0.5,14,3.666666667,98.9,0.4945,480.7,237.70615,871.5892167,-734.5892167,-871.5892167,,,N/A,N/A,N/A,N/A,N/A
Wood,Mass timber,Glue laminated timber (GLT),CLF 2025 Material Baselines,https://buildingtransparency.org/ec3/epds/ec3cty4u,0.942337895,High-80th%,252,1,m3,N/A,N/A,N/A,"EPD for Glued Laminated Timber produced by Western Archrib in Edmonton, Alberta)",Western Archrib 2021,FALSE,North America,436.6,kg/m3,269,Other wood products.,p_custom,Wood,2,No,No,No,No,N/A,N/A,N/A,N/A,N/A,N/A,N/A,N/A,N/A,N/A,N/A,N/A,N/A,N/A,N/A,N/A,N/A,N/A,N/A,N/A,N/A,N/A,252,252,0,N/A,1.9506394435719100,1.4229302221225000,0.0000085752748486,27.0356742203276000,3650.7300875028000000,Yes,0.5,12,3.666666667,97,0.485,436.6,211.751,776.4203333,-509.0003333,-776.4203333,,,N/A,N/A,N/A,N/A,N/A
Wood,Mass timber,Glue laminated timber (GLT),CLF 2025 Material Baselines,https://buildingtransparency.org/ec3/epds/ec3t9y6w,0.946164002,Low-20th%,129,1,m3,N/A,N/A,N/A,Nordic Lam,Nordic Structures (2023),FALSE,North America,486,kg/m3,269,Other wood products.,p_custom,Wood,2,No,No,No,No,N/A,N/A,N/A,N/A,N/A,N/A,N/A,N/A,N/A,N/A,N/A,N/A,N/A,N/A,N/A,N/A,N/A,N/A,N/A,N/A,N/A,N/A,129,129,0,N/A,1.0597036819715400,0.0946164001760305,0.0000011164735221,33.2671263018923000,2059.9314947924300000,Yes,0.5,12,3.666666667,96.7,0.4835,486,234.981,861.597,-725.257,-861.597,,,N/A,N/A,N/A,N/A,N/A
Wood,Mass timber,"GLT, British Columbia",CLF 2025 Material Baselines,https://pcr-epd.s3.us-east-2.amazonaws.com/902.Glulam_BC_Average_Product_EPD.pdf,1,Baseline,103,1,m3,Industry,single,industry data,"BC GLT industry-average EPD (Forestry Innovation Investment, 2023d) ",Forestry Innovation Investment. (2023). Environmental product declaration - Glulam Produced in British Columbia. UL Environment.,FALSE,Canada BC,429.95,kg/m3,269,Other wood products.,p_custom,Wood,2,No,No,No,No,N/A,N/A,N/A,N/A,N/A,N/A,N/A,N/A,N/A,N/A,N/A,N/A,N/A,N/A,N/A,N/A,N/A,N/A,N/A,N/A,N/A,N/A,103,103,0,N/A,1.1600000000000000,0.1300000000000000,0.0000000000000000,24.8900000000000000,1569.5400000000000000,Yes,0.5,8,3.666666667,99.54645889,0.497732294,429.95,214,784.6666667,-681.6666667,-784.6666667,,,N/A,N/A,N/A,N/A,N/A
Wood,Mass timber,"GLT, British Columbia",N/A,N/A,#VALUE!,High-80th%,N/A,N/A,N/A,N/A,N/A,N/A,N/A,N/A,N/A,N/A,N/A,N/A,269,Other wood products.,p_custom,Wood,2,No,No,No,No,N/A,N/A,N/A,N/A,N/A,N/A,N/A,N/A,N/A,N/A,N/A,N/A,N/A,N/A,N/A,N/A,N/A,N/A,N/A,N/A,N/A,N/A,N/A,N/A,N/A,N/A,N/A,N/A,N/A,N/A,N/A,Yes,Null,Null,Null,Null,Null,Null,Null,Null,Null,Null,,,N/A,N/A,N/A,N/A,N/A
Wood,Mass timber,"GLT, British Columbia",N/A,N/A,#VALUE!,Low-20th%,N/A,N/A,N/A,N/A,N/A,N/A,N/A,N/A,N/A,N/A,N/A,N/A,269,Other wood products.,p_custom,Wood,2,No,No,No,No,N/A,N/A,N/A,N/A,N/A,N/A,N/A,N/A,N/A,N/A,N/A,N/A,N/A,N/A,N/A,N/A,N/A,N/A,N/A,N/A,N/A,N/A,N/A,N/A,N/A,N/A,N/A,N/A,N/A,N/A,N/A,Yes,Null,Null,Null,Null,Null,Null,Null,Null,Null,Null,,,N/A,N/A,N/A,N/A,N/A
Wood,Wood sheathing ,Softwood plywood,CLF 2025 Material Baselines,https://awc.org/wp-content/uploads/2021/11/AWC_EPD_NorthAmericanSoftwoodPlywood_20200605.pdf,1,Baseline,219,1,m3,Industry,single,industry data,"Softwood plywood industry-average EPD (AWC & CWC, 2020a) ",American Wood Council (AWC) & Canadian Wood Council (CWC). (2020). Environmental product declaration - North American softwood plywood. UL Environment.,FALSE,North America,452.33,kg/m3,263,"Veneer sheets and sheets for plywood, particle board, fiberboard, plywood, and similar laminated wood.",e_sheet_other,Wood,2,No,No,No,No,N/A,N/A,N/A,N/A,N/A,N/A,N/A,N/A,N/A,N/A,N/A,N/A,N/A,N/A,N/A,N/A,N/A,N/A,N/A,N/A,N/A,N/A,219,219,0,N/A,1.0700000000000000,0.8700000000000000,0.0000086600000000,22.4400000000000000,3402.9900000000000000,Yes,0.5,7,3.666666667,97.1,0.4855,452.33,219.606215,805.2227883,-586.2227883,-805.2227883,,,N/A,N/A,N/A,N/A,N/A
Wood,Wood sheathing ,Softwood plywood,N/A,N/A,#VALUE!,High-80th%,N/A,N/A,N/A,N/A,N/A,N/A,N/A,N/A,N/A,N/A,N/A,N/A,263,"Veneer sheets and sheets for plywood, particle board, fiberboard, plywood, and similar laminated wood.",e_sheet_other,Wood,2,No,No,No,No,N/A,N/A,N/A,N/A,N/A,N/A,N/A,N/A,N/A,N/A,N/A,N/A,N/A,N/A,N/A,N/A,N/A,N/A,N/A,N/A,N/A,N/A,N/A,N/A,N/A,N/A,N/A,N/A,N/A,N/A,N/A,Yes,Null,Null,Null,Null,Null,Null,Null,Null,Null,Null,,,N/A,N/A,N/A,N/A,N/A
Wood,Wood sheathing ,Softwood plywood,N/A,N/A,#VALUE!,Low-20th%,N/A,N/A,N/A,N/A,N/A,N/A,N/A,N/A,N/A,N/A,N/A,N/A,263,"Veneer sheets and sheets for plywood, particle board, fiberboard, plywood, and similar laminated wood.",e_sheet_other,Wood,2,No,No,No,No,N/A,N/A,N/A,N/A,N/A,N/A,N/A,N/A,N/A,N/A,N/A,N/A,N/A,N/A,N/A,N/A,N/A,N/A,N/A,N/A,N/A,N/A,N/A,N/A,N/A,N/A,N/A,N/A,N/A,N/A,N/A,Yes,Null,Null,Null,Null,Null,Null,Null,Null,Null,Null,,,N/A,N/A,N/A,N/A,N/A
Wood,Wood sheathing ,"Softwood plywood, British Columbia",CLF 2025 Material Baselines,https://pcr-epd.s3.us-east-2.amazonaws.com/904.Softwood_Plywood_BC_Average_Product_EPD.pdf,1,Baseline,132,1,m3,Industry,single,industry data,"BC softwood plywood industry-average EPD (Forestry Innovation Investment, 2023a) ",Forest Innovation Investment. (2023a). Environmental Product Declaration (EPD) for Softwood Plywood Produced in British Columbia. https://www.athenasmi.org/news-item/new-bc-specific-wood-epds/,FALSE,Canada BC,443.1,kg/m3,263,"Veneer sheets and sheets for plywood, particle board, fiberboard, plywood, and similar laminated wood.",e_sheet_other,Wood,2,No,No,No,No,N/A,N/A,N/A,N/A,N/A,N/A,N/A,N/A,N/A,N/A,N/A,N/A,N/A,N/A,N/A,N/A,N/A,N/A,N/A,N/A,N/A,N/A,132,132,0,N/A,1.3400000000000000,0.1300000000000000,0.0000020800000000,15.2700000000000000,2672.5200000000000000,Yes,0.5,8,3.666666667,96.73211465,0.483660573,443.1,214.31,785.8033333,-653.8033333,-785.8033333,,,N/A,N/A,N/A,N/A,N/A
Wood,Wood sheathing ,"Softwood plywood, British Columbia",N/A,N/A,#VALUE!,High-80th%,N/A,N/A,N/A,N/A,N/A,N/A,N/A,N/A,N/A,N/A,N/A,N/A,263,"Veneer sheets and sheets for plywood, particle board, fiberboard, plywood, and similar laminated wood.",e_sheet_other,Wood,2,No,No,No,No,N/A,N/A,N/A,N/A,N/A,N/A,N/A,N/A,N/A,N/A,N/A,N/A,N/A,N/A,N/A,N/A,N/A,N/A,N/A,N/A,N/A,N/A,N/A,N/A,N/A,N/A,N/A,N/A,N/A,N/A,N/A,Yes,Null,Null,Null,Null,Null,Null,Null,Null,Null,Null,,,N/A,N/A,N/A,N/A,N/A
Wood,Wood sheathing ,"Softwood plywood, British Columbia",N/A,N/A,#VALUE!,Low-20th%,N/A,N/A,N/A,N/A,N/A,N/A,N/A,N/A,N/A,N/A,N/A,N/A,263,"Veneer sheets and sheets for plywood, particle board, fiberboard, plywood, and similar laminated wood.",e_sheet_other,Wood,2,No,No,No,No,N/A,N/A,N/A,N/A,N/A,N/A,N/A,N/A,N/A,N/A,N/A,N/A,N/A,N/A,N/A,N/A,N/A,N/A,N/A,N/A,N/A,N/A,N/A,N/A,N/A,N/A,N/A,N/A,N/A,N/A,N/A,Yes,Null,Null,Null,Null,Null,Null,Null,Null,Null,Null,,,N/A,N/A,N/A,N/A,N/A
Wood,Wood sheathing ,Oriented strandboard (OSB),CLF 2025 Material Baselines,https://awc.org/wp-content/uploads/2021/11/AWC_EPD_NorthAmericanOrientedStrandBoard_20200605.pdf,1,Baseline,243,1,m3,Industry,single,industry data,"OSB industry-average EPD (AWC & CWC, 2020d) ",American Wood Council (AWC) & Canadian Wood Council (CWC). (2020). Environmental product declaration - North American oriented strand board. UL Environment.,FALSE,North America,579.44,kg/m3,263,"Veneer sheets and sheets for plywood, particle board, fiberboard, plywood, and similar laminated wood.",e_sheet_other,Wood,2,No,No,No,No,N/A,N/A,N/A,N/A,N/A,N/A,N/A,N/A,N/A,N/A,N/A,N/A,N/A,N/A,N/A,N/A,N/A,N/A,N/A,N/A,N/A,N/A,243,243,0,N/A,1.4400000000000000,0.9800000000000000,0.0000078100000000,26.3600000000000000,4055.5200000000000000,Yes,0.5,7,3.666666667,95.8,0.479,579.44,277.55176,1017.689787,-774.6897867,-1017.689787,,,N/A,N/A,N/A,N/A,N/A
Wood,Wood sheathing ,Oriented strandboard (OSB),N/A,N/A,#VALUE!,High-80th%,N/A,N/A,N/A,N/A,N/A,N/A,N/A,N/A,N/A,N/A,N/A,N/A,263,"Veneer sheets and sheets for plywood, particle board, fiberboard, plywood, and similar laminated wood.",e_sheet_other,Wood,2,No,No,No,No,N/A,N/A,N/A,N/A,N/A,N/A,N/A,N/A,N/A,N/A,N/A,N/A,N/A,N/A,N/A,N/A,N/A,N/A,N/A,N/A,N/A,N/A,N/A,N/A,N/A,N/A,N/A,N/A,N/A,N/A,N/A,Yes,Null,Null,Null,Null,Null,Null,Null,Null,Null,Null,,,N/A,N/A,N/A,N/A,N/A
Wood,Wood sheathing ,Oriented strandboard (OSB),N/A,N/A,#VALUE!,Low-20th%,N/A,N/A,N/A,N/A,N/A,N/A,N/A,N/A,N/A,N/A,N/A,N/A,263,"Veneer sheets and sheets for plywood, particle board, fiberboard, plywood, and similar laminated wood.",e_sheet_other,Wood,2,No,No,No,No,N/A,N/A,N/A,N/A,N/A,N/A,N/A,N/A,N/A,N/A,N/A,N/A,N/A,N/A,N/A,N/A,N/A,N/A,N/A,N/A,N/A,N/A,N/A,N/A,N/A,N/A,N/A,N/A,N/A,N/A,N/A,Yes,Null,Null,Null,Null,Null,Null,Null,Null,Null,Null,,,N/A,N/A,N/A,N/A,N/A
Wood,Wood sheathing ,Wood sheathing (includes plywood and OSB),CLF 2025 Material Baselines,https://buildingtransparency.org/ec3/epds/ec3wpzky,0.935222672,Baseline,231,1,m3,Industry,multi-unweighted,industry data,"Softwood plywood and OSB industry-average EPDs (AWC & CWC, 2020a; 2020d). Baseline = unweighted average of industry EPD values for OSB and plywood. Parent category baseline.","American Wood Council (AWC) & Canadian Wood Council (CWC). (2020). Environmental product declaration - North American softwood plywood. UL Environment.
American Wood Council (AWC) & Canadian Wood Council (CWC). (2020). Environmental product declaration - North American oriented strand board. UL Environment.",FALSE,North America,551,kg/m3,263,"Veneer sheets and sheets for plywood, particle board, fiberboard, plywood, and similar laminated wood.",e_sheet_other,Wood,2,No,No,No,No,N/A,N/A,N/A,N/A,N/A,N/A,N/A,N/A,N/A,N/A,N/A,N/A,N/A,N/A,N/A,N/A,N/A,N/A,N/A,N/A,N/A,N/A,231,231,0,N/A,2.0387854251012100,0.4535829959514170,0.0000039372874494,14.0283400809717000,3291.9838056680200000,Yes,0.5,4,3.666666667,75,0.375,551,206.625,757.625,-510.625,-757.625,,,N/A,N/A,N/A,N/A,N/A
Wood,Wood sheathing ,Wood sheathing (includes plywood and OSB),N/A,N/A,#VALUE!,High-80th%,N/A,N/A,N/A,N/A,N/A,N/A,N/A,N/A,N/A,N/A,N/A,N/A,263,"Veneer sheets and sheets for plywood, particle board, fiberboard, plywood, and similar laminated wood.",e_sheet_other,Wood,2,No,No,No,No,N/A,N/A,N/A,N/A,N/A,N/A,N/A,N/A,N/A,N/A,N/A,N/A,N/A,N/A,N/A,N/A,N/A,N/A,N/A,N/A,N/A,N/A,N/A,N/A,N/A,N/A,N/A,N/A,N/A,N/A,N/A,Yes,Null,Null,Null,Null,Null,Null,Null,Null,Null,Null,,,N/A,N/A,N/A,N/A,N/A
Wood,Wood sheathing ,Wood sheathing (includes plywood and OSB),N/A,N/A,#VALUE!,Low-20th%,N/A,N/A,N/A,N/A,N/A,N/A,N/A,N/A,N/A,N/A,N/A,N/A,263,"Veneer sheets and sheets for plywood, particle board, fiberboard, plywood, and similar laminated wood.",e_sheet_other,Wood,2,No,No,No,No,N/A,N/A,N/A,N/A,N/A,N/A,N/A,N/A,N/A,N/A,N/A,N/A,N/A,N/A,N/A,N/A,N/A,N/A,N/A,N/A,N/A,N/A,N/A,N/A,N/A,N/A,N/A,N/A,N/A,N/A,N/A,Yes,Null,Null,Null,Null,Null,Null,Null,Null,Null,Null,,,N/A,N/A,N/A,N/A,N/A
Wood,Wood I-joists,"Wood I-joist, 300mm (≅11-7/8"")",CLF 2025 Material Baselines,https://awc.org/wp-content/uploads/2021/11/AWC_EPD_NorthAmericanWoodIJoists_20200605.pdf,1,Baseline,1.97,1,m3,Industry,single,industry data,"Wood I-joist industry-average EPD (AWC & CWC, 2020f). See Additional notes and guidance for approach to develop baseline values for joists of other depths. ",American Wood Council (AWC) & Canadian Wood Council (CWC). (2020). Environmental product declaration - North American wood I-joists. UL Environment.,FALSE,North America,4.09,kg/m3,269,Other wood products.,e_length,Wood,2,No,No,No,No,N/A,N/A,N/A,N/A,N/A,N/A,N/A,N/A,N/A,N/A,N/A,N/A,N/A,N/A,N/A,N/A,N/A,N/A,N/A,N/A,N/A,N/A,1.97,1.97,0,N/A,0.0279000000000000,0.0076000000000000,0.0000000648000000,0.8290000000000000,33.0800000000000000,Yes,0.5,6,3.666666667,99,0.495,4.09,2.02455,7.42335,-5.45335,-7.42335,,,N/A,N/A,N/A,N/A,N/A
Wood,Wood I-joists,"Wood I-joist, 300mm (≅11-7/8"")",N/A,N/A,#VALUE!,High-80th%,N/A,N/A,N/A,N/A,N/A,N/A,N/A,N/A,N/A,N/A,N/A,N/A,269,Other wood products.,e_length,Wood,2,No,No,No,No,N/A,N/A,N/A,N/A,N/A,N/A,N/A,N/A,N/A,N/A,N/A,N/A,N/A,N/A,N/A,N/A,N/A,N/A,N/A,N/A,N/A,N/A,N/A,N/A,N/A,N/A,N/A,N/A,N/A,N/A,N/A,Yes,Null,Null,Null,Null,Null,Null,Null,Null,Null,Null,,,N/A,N/A,N/A,N/A,N/A
Wood,Wood I-joists,"Wood I-joist, 300mm (≅11-7/8"")",N/A,N/A,#VALUE!,Low-20th%,N/A,N/A,N/A,N/A,N/A,N/A,N/A,N/A,N/A,N/A,N/A,N/A,269,Other wood products.,e_length,Wood,2,No,No,No,No,N/A,N/A,N/A,N/A,N/A,N/A,N/A,N/A,N/A,N/A,N/A,N/A,N/A,N/A,N/A,N/A,N/A,N/A,N/A,N/A,N/A,N/A,N/A,N/A,N/A,N/A,N/A,N/A,N/A,N/A,N/A,Yes,Null,Null,Null,Null,Null,Null,Null,Null,Null,Null,,,N/A,N/A,N/A,N/A,N/A
Cement and concrete,Cement,"Portland cement, USA",CLF 2025 Material Baselines,https://www.cement.org/wp-content/uploads/2024/07/pca_epd_portland_athena_final_revised_nov2023-1.pdf,1,Baseline,919,1,metric ton,Industry,single,industry data,"Portland cement industry-average EPD (PCA, 2024c) ",Portland Cement Association (PCA). (2023c). Environmental Product Declaration: Portland Cement (Rev. ed). ASTM International.,FALSE,US,1440,kg/m3,311,Hydraulic cements.,Null,Null,3,No,No,No,No,N/A,N/A,N/A,N/A,N/A,N/A,N/A,N/A,N/A,N/A,N/A,N/A,N/A,N/A,N/A,N/A,N/A,N/A,N/A,N/A,N/A,N/A,919,N/A,N/A,N/A,1.7400000000000000,1.0200000000000000,0.0000205000000000,32.8000000000000000,4365.0000000000000000,No,N/A,N/A,N/A,N/A,N/A,N/A,N/A,N/A,N/A,N/A,N/A,N/A,N/A,N/A,N/A,N/A,N/A
Cement and concrete,Cement,"Portland cement, USA",CLF 2025 Material Baselines,https://buildingtransparency.org/ec3/epds/ec3rf1w8,1.012707722,High-80th%,1036,1,metric ton,N/A,N/A,N/A,Portland Type III ASTM C150,Holcim US (2021),FALSE,US,1440,kg/m3,311,Hydraulic cements.,Null,Null,3,No,No,No,No,N/A,N/A,N/A,N/A,N/A,N/A,N/A,N/A,N/A,N/A,N/A,N/A,N/A,N/A,N/A,N/A,N/A,N/A,N/A,N/A,N/A,N/A,1036,N/A,N/A,N/A,2.3292277614858300,1.4380449657869000,0.0000096207233627,68.2565004887586000,3409.7869012707700000,No,N/A,N/A,N/A,N/A,N/A,N/A,N/A,N/A,N/A,N/A,N/A,N/A,N/A,N/A,N/A,N/A,N/A
Cement and concrete,Cement,"Portland cement, USA",CLF 2025 Material Baselines,https://buildingtransparency.org/ec3/epds/ec30n0w9,1,Low-20th%,819,1,metric ton,N/A,N/A,N/A,Portland Type III GU,Votorantim Cimentos (2021),FALSE,US,1440,kg/m3,311,Hydraulic cements.,Null,Null,3,No,No,No,No,N/A,N/A,N/A,N/A,N/A,N/A,N/A,N/A,N/A,N/A,N/A,N/A,N/A,N/A,N/A,N/A,N/A,N/A,N/A,N/A,N/A,N/A,819,N/A,N/A,N/A,1.0730000000000000,0.1707000000000000,0.0000194200000000,25.1500000000000000,266.5000000000000000,No,N/A,N/A,N/A,N/A,N/A,N/A,N/A,N/A,N/A,N/A,N/A,N/A,N/A,N/A,N/A,N/A,N/A
Cement and concrete,Cement,"Blended hydraulic cement, USA",CLF 2025 Material Baselines,https://www.scribd.com/document/806794390/pca-epd-blendedhydraulic-athena-final-revised-nov2023,1,Baseline,739,1,metric ton,Industry,single,industry data,"Blended hydraulic cement industry-average EPD (PCA, 2024a) ",Portland Cement Association (PCA). (2023a). Environmental Product Declaration: Blended Hydraulic Cement (Rev. ed).  ASTM International.,FALSE,US,1440,kg/m3,311,Hydraulic cements.,Null,Null,3,No,No,No,No,N/A,N/A,N/A,N/A,N/A,N/A,N/A,N/A,N/A,N/A,N/A,N/A,N/A,N/A,N/A,N/A,N/A,N/A,N/A,N/A,N/A,N/A,739,N/A,N/A,N/A,1.4500000000000000,0.9500000000000000,0.0000193000000000,26.5000000000000000,3782.0000000000000000,No,N/A,N/A,N/A,N/A,N/A,N/A,N/A,N/A,N/A,N/A,N/A,N/A,N/A,N/A,N/A,N/A,N/A
Cement and concrete,Cement,"Blended hydraulic cement, USA",CLF 2025 Material Baselines,https://buildingtransparency.org/ec3/epds/ec3p79y3,1,High-80th%,846,1,metric ton,N/A,N/A,N/A,Blended Type IL-AE,Holcim (2021),FALSE,US,1440,kg/m3,311,Hydraulic cements.,Null,Null,3,No,No,No,No,N/A,N/A,N/A,N/A,N/A,N/A,N/A,N/A,N/A,N/A,N/A,N/A,N/A,N/A,N/A,N/A,N/A,N/A,N/A,N/A,N/A,N/A,846,N/A,N/A,N/A,2.0000000000000000,0.9800000000000000,0.0000250000000000,31.0000000000000000,3497.0000000000000000,No,N/A,N/A,N/A,N/A,N/A,N/A,N/A,N/A,N/A,N/A,N/A,N/A,N/A,N/A,N/A,N/A,N/A
Cement and concrete,Cement,"Blended hydraulic cement, USA",CLF 2025 Material Baselines,https://buildingtransparency.org/ec3/epds/ec3q9zqk,1.028289178,Low-20th%,687,1,metric ton,N/A,N/A,N/A,"Blended Type IT(S15)(L12), GULb-15S",St. Marys Cement(2021),FALSE,US,1440,kg/m3,311,Hydraulic cements.,Null,Null,3,No,No,No,No,N/A,N/A,N/A,N/A,N/A,N/A,N/A,N/A,N/A,N/A,N/A,N/A,N/A,N/A,N/A,N/A,N/A,N/A,N/A,N/A,N/A,N/A,687,N/A,N/A,N/A,3.9486304445442300,0.7198024247867090,0.0000169667714414,36.3397395599461000,3534.2299057027400000,No,N/A,N/A,N/A,N/A,N/A,N/A,N/A,N/A,N/A,N/A,N/A,N/A,N/A,N/A,N/A,N/A,N/A
Cement and concrete,Cement,"Portland-limestone cement, USA",CLF 2025 Material Baselines,"https://www.cement.org/wp-content/uploads/2024/07/pca_epd_plc_athena_final_revised_nov2023.pdf#:~:text=This%20document%20is%20a%20Type%20III%20industry-average%20Environmental,States%20%28US%29%20by%20Portland%20Cement%20Association%20%28PCA%29%20members.",1,Baseline,844,1,metric ton,Industry,single,industry data,"Portland-limestone cement industry-average EPD (PCA, 2024d) ",Portland Cement Association (PCA). (2023d). Environmental Product Declaration: Portland-Limestone Cement (Rev. ed). ASTM International.,FALSE,US ,1440,kg/m3,311,Hydraulic cements.,Null,Null,3,No,No,No,No,N/A,N/A,N/A,N/A,N/A,N/A,N/A,N/A,N/A,N/A,N/A,N/A,N/A,N/A,N/A,N/A,N/A,N/A,N/A,N/A,N/A,N/A,844,N/A,N/A,N/A,1.6400000000000000,0.9400000000000000,0.0000211000000000,30.2000000000000000,4138.0000000000000000,No,N/A,N/A,N/A,N/A,N/A,N/A,N/A,N/A,N/A,N/A,N/A,N/A,N/A,N/A,N/A,N/A,N/A
Cement and concrete,Cement,"Portland-limestone cement, USA",CLF 2025 Material Baselines,https://buildingtransparency.org/ec3/epds/ec3875ne,1.100247525,High-80th%,889,1,metric ton,N/A,N/A,N/A,Type IL Portland Limestone Cement,CEMEX (2021),FALSE,US ,1440,kg/m3,311,Hydraulic cements.,Null,Null,3,No,No,No,No,N/A,N/A,N/A,N/A,N/A,N/A,N/A,N/A,N/A,N/A,N/A,N/A,N/A,N/A,N/A,N/A,N/A,N/A,N/A,N/A,N/A,N/A,889,N/A,N/A,N/A,0.9352103960396040,0.3740841584158420,0.0000108044306931,14.9633663366337000,5153.5594059405900000,No,N/A,N/A,N/A,N/A,N/A,N/A,N/A,N/A,N/A,N/A,N/A,N/A,N/A,N/A,N/A,N/A,N/A
Cement and concrete,Cement,"Portland-limestone cement, USA",CLF 2025 Material Baselines,https://buildingtransparency.org/ec3/epds/ec3wted3,0.996376812,Low-20th%,715,1,metric ton,N/A,N/A,N/A,C595 Type IT,St. Marys Cement(2025),FALSE,US ,1440,kg/m3,311,Hydraulic cements.,Null,Null,3,No,No,No,No,N/A,N/A,N/A,N/A,N/A,N/A,N/A,N/A,N/A,N/A,N/A,N/A,N/A,N/A,N/A,N/A,N/A,N/A,N/A,N/A,N/A,N/A,715,N/A,N/A,N/A,2.0923913043478300,0.8568840579710140,0.0000210235507246,26.8125000000000000,4035.3260869565200000,No,N/A,N/A,N/A,N/A,N/A,N/A,N/A,N/A,N/A,N/A,N/A,N/A,N/A,N/A,N/A,N/A,N/A
Cement and concrete,Cement,"Hydraulic cement, USA (portland, portland-limestone, and blended hydraulic cements)",CLF 2025 Material Baselines,"Cement industry-average EPDs (PCA, 2023a; PCA, 2023c; PCA, 2023d). Baseline = production-weighted average of the industry-average GWP values for portland cement (41% of total production volume), portland-limestone cement (57%), and blended hydraulic cement (2%). Production volume data from National Minerals Information Center (2024). Parent category baseline.",1.000401077,Baseline,873,1,metric ton,Industry,multi-weighted,industry data,"Cement industry-average EPDs (PCA, 2024a; PCA, 2024c; PCA, 2024d). Baseline = production-weighted average of the industry-average GWP values for portland cement (41% of total production volume), portland-limestone cement (57%), and blended hydraulic cement (2%). Production volume data from National Minerals Information Center (2024). Parent category baseline.","Portland Cement Association (PCA). (2023c). Environmental Product Declaration: Portland Cement (Rev. ed). ASTM International.Portland Cement Association (PCA). 
Portland Cement Association (PCA). (2023a). Environmental Product Declaration: Blended Hydraulic Cement (Rev. ed).  ASTM International.
Portland Cement Association (PCA). (2023d). Environmental Product Declaration: Portland-Limestone Cement (Rev. ed). ASTM International.
National Minerals Information Center. (2024). Cement Statistics and Information. https://www.usgs.gov/centers/national-minerals-information-center/cement-statistics-and-information",FALSE,US ,1440,kg/m3,311,Hydraulic cements.,Null,Null,3,No,No,No,No,N/A,N/A,N/A,N/A,N/A,N/A,N/A,N/A,N/A,N/A,N/A,N/A,N/A,N/A,N/A,N/A,N/A,N/A,N/A,N/A,N/A,N/A,873,N/A,N/A,N/A,1.6778726866441300,0.9733902480948840,0.0000208263496247,31.2045103993583000,4225.6441299490100000,No,N/A,N/A,N/A,N/A,N/A,N/A,N/A,N/A,N/A,N/A,N/A,N/A,N/A,N/A,N/A,N/A,N/A
Cement and concrete,Cement,"Hydraulic cement, USA (portland, portland-limestone, and blended hydraulic cements)",N/A,N/A,#VALUE!,High-80th%,N/A,N/A,N/A,N/A,N/A,N/A,N/A,N/A,FALSE,N/A,N/A,N/A,311,Hydraulic cements.,Null,Null,3,No,No,No,No,N/A,N/A,N/A,N/A,N/A,N/A,N/A,N/A,N/A,N/A,N/A,N/A,N/A,N/A,N/A,N/A,N/A,N/A,N/A,N/A,N/A,N/A,N/A,N/A,N/A,N/A,N/A,N/A,N/A,N/A,N/A,No,N/A,N/A,N/A,N/A,N/A,N/A,N/A,N/A,N/A,N/A,N/A,N/A,N/A,N/A,N/A,N/A,N/A
Cement and concrete,Cement,"Hydraulic cement, USA (portland, portland-limestone, and blended hydraulic cements)",N/A,N/A,#VALUE!,Low-20th%,N/A,N/A,N/A,N/A,N/A,N/A,N/A,N/A,FALSE,N/A,N/A,N/A,311,Hydraulic cements.,Null,Null,3,No,No,No,No,N/A,N/A,N/A,N/A,N/A,N/A,N/A,N/A,N/A,N/A,N/A,N/A,N/A,N/A,N/A,N/A,N/A,N/A,N/A,N/A,N/A,N/A,N/A,N/A,N/A,N/A,N/A,N/A,N/A,N/A,N/A,No,N/A,N/A,N/A,N/A,N/A,N/A,N/A,N/A,N/A,N/A,N/A,N/A,N/A,N/A,N/A,N/A,N/A
Cement and concrete,Cement,"GU cement, Western Canada",CLF 2025 Material Baselines,https://pcr-epd.s3.us-east-2.amazonaws.com/919.CAC_General_Use_(GU)_and_Portland-Limestone_(GUL)_Cements.pdf,1,Baseline,796,1,metric ton,Industry,single,industry data,"Canadian cement industry-average EPD (CAC, 2023) ",Cement Association of Canada. (2023). An Environmental Product Declaration for General Use (GU) and Portland-limestone (GUL) Cements. ASTM.,FALSE,Canada Western,1440,kg/m3,311,Hydraulic cements.,Null,Null,3,No,No,No,No,N/A,N/A,N/A,N/A,N/A,N/A,N/A,N/A,N/A,N/A,N/A,N/A,N/A,N/A,N/A,N/A,N/A,N/A,N/A,N/A,N/A,N/A,796,N/A,N/A,N/A,0.8500000000000000,0.5600000000000000,0.0000192000000000,6.4100000000000000,4005.0000000000000000,No,N/A,N/A,N/A,N/A,N/A,N/A,N/A,N/A,N/A,N/A,N/A,N/A,N/A,N/A,N/A,N/A,N/A
Cement and concrete,Cement,"GU cement, Western Canada",N/A,N/A,#VALUE!,High-80th%,N/A,N/A,N/A,N/A,N/A,N/A,N/A,N/A,FALSE,N/A,N/A,N/A,311,Hydraulic cements.,Null,Null,3,No,No,No,No,N/A,N/A,N/A,N/A,N/A,N/A,N/A,N/A,N/A,N/A,N/A,N/A,N/A,N/A,N/A,N/A,N/A,N/A,N/A,N/A,N/A,N/A,N/A,N/A,N/A,N/A,N/A,N/A,N/A,N/A,N/A,No,N/A,N/A,N/A,N/A,N/A,N/A,N/A,N/A,N/A,N/A,N/A,N/A,N/A,N/A,N/A,N/A,N/A
Cement and concrete,Cement,"GU cement, Western Canada",N/A,N/A,#VALUE!,Low-20th%,N/A,N/A,N/A,N/A,N/A,N/A,N/A,N/A,FALSE,N/A,N/A,N/A,311,Hydraulic cements.,Null,Null,3,No,No,No,No,N/A,N/A,N/A,N/A,N/A,N/A,N/A,N/A,N/A,N/A,N/A,N/A,N/A,N/A,N/A,N/A,N/A,N/A,N/A,N/A,N/A,N/A,N/A,N/A,N/A,N/A,N/A,N/A,N/A,N/A,N/A,No,N/A,N/A,N/A,N/A,N/A,N/A,N/A,N/A,N/A,N/A,N/A,N/A,N/A,N/A,N/A,N/A,N/A
Cement and concrete,Cement,"GU cement, Central Canada",CLF 2025 Material Baselines,https://pcr-epd.s3.us-east-2.amazonaws.com/919.CAC_General_Use_(GU)_and_Portland-Limestone_(GUL)_Cements.pdf,1,Baseline,854,1,metric ton,Industry,single,industry data,"Canadian cement industry-average EPD (CAC, 2023) ",Cement Association of Canada. (2023). An Environmental Product Declaration for General Use (GU) and Portland-limestone (GUL) Cements. ASTM.,FALSE,Canada Central,1440,kg/m3,311,Hydraulic cements.,Null,Null,3,No,No,No,No,N/A,N/A,N/A,N/A,N/A,N/A,N/A,N/A,N/A,N/A,N/A,N/A,N/A,N/A,N/A,N/A,N/A,N/A,N/A,N/A,N/A,N/A,854,N/A,N/A,N/A,0.4400000000000000,0.5300000000000000,0.0000183000000000,5.5100000000000000,4212.0000000000000000,No,N/A,N/A,N/A,N/A,N/A,N/A,N/A,N/A,N/A,N/A,N/A,N/A,N/A,N/A,N/A,N/A,N/A
Cement and concrete,Cement,"GU cement, Central Canada",N/A,N/A,#VALUE!,High-80th%,N/A,N/A,N/A,N/A,N/A,N/A,N/A,N/A,FALSE,N/A,N/A,N/A,311,Hydraulic cements.,Null,Null,3,No,No,No,No,N/A,N/A,N/A,N/A,N/A,N/A,N/A,N/A,N/A,N/A,N/A,N/A,N/A,N/A,N/A,N/A,N/A,N/A,N/A,N/A,N/A,N/A,N/A,N/A,N/A,N/A,N/A,N/A,N/A,N/A,N/A,No,N/A,N/A,N/A,N/A,N/A,N/A,N/A,N/A,N/A,N/A,N/A,N/A,N/A,N/A,N/A,N/A,N/A
Cement and concrete,Cement,"GU cement, Central Canada",N/A,N/A,#VALUE!,Low-20th%,N/A,N/A,N/A,N/A,N/A,N/A,N/A,N/A,FALSE,N/A,N/A,N/A,311,Hydraulic cements.,Null,Null,3,No,No,No,No,N/A,N/A,N/A,N/A,N/A,N/A,N/A,N/A,N/A,N/A,N/A,N/A,N/A,N/A,N/A,N/A,N/A,N/A,N/A,N/A,N/A,N/A,N/A,N/A,N/A,N/A,N/A,N/A,N/A,N/A,N/A,No,N/A,N/A,N/A,N/A,N/A,N/A,N/A,N/A,N/A,N/A,N/A,N/A,N/A,N/A,N/A,N/A,N/A
Cement and concrete,Cement,"GU cement, Eastern Canada",CLF 2025 Material Baselines,https://pcr-epd.s3.us-east-2.amazonaws.com/919.CAC_General_Use_(GU)_and_Portland-Limestone_(GUL)_Cements.pdf,1,Baseline,898,1,metric ton,Industry,single,industry data,"Canadian cement industry-average EPD (CAC, 2023) ",Cement Association of Canada. (2023). An Environmental Product Declaration for General Use (GU) and Portland-limestone (GUL) Cements. ASTM.,FALSE,Canada Eastern,1440,kg/m3,311,Hydraulic cements.,Null,Null,3,No,No,No,No,N/A,N/A,N/A,N/A,N/A,N/A,N/A,N/A,N/A,N/A,N/A,N/A,N/A,N/A,N/A,N/A,N/A,N/A,N/A,N/A,N/A,N/A,898,N/A,N/A,N/A,0.5300000000000000,0.3700000000000000,0.0000154000000000,6.6800000000000000,3419.0000000000000000,No,N/A,N/A,N/A,N/A,N/A,N/A,N/A,N/A,N/A,N/A,N/A,N/A,N/A,N/A,N/A,N/A,N/A
Cement and concrete,Cement,"GU cement, Eastern Canada",N/A,N/A,#VALUE!,High-80th%,N/A,N/A,N/A,N/A,N/A,N/A,N/A,N/A,FALSE,N/A,N/A,N/A,311,Hydraulic cements.,Null,Null,3,No,No,No,No,N/A,N/A,N/A,N/A,N/A,N/A,N/A,N/A,N/A,N/A,N/A,N/A,N/A,N/A,N/A,N/A,N/A,N/A,N/A,N/A,N/A,N/A,N/A,N/A,N/A,N/A,N/A,N/A,N/A,N/A,N/A,No,N/A,N/A,N/A,N/A,N/A,N/A,N/A,N/A,N/A,N/A,N/A,N/A,N/A,N/A,N/A,N/A,N/A
Cement and concrete,Cement,"GU cement, Eastern Canada",N/A,N/A,#VALUE!,Low-20th%,N/A,N/A,N/A,N/A,N/A,N/A,N/A,N/A,FALSE,N/A,N/A,N/A,311,Hydraulic cements.,Null,Null,3,No,No,No,No,N/A,N/A,N/A,N/A,N/A,N/A,N/A,N/A,N/A,N/A,N/A,N/A,N/A,N/A,N/A,N/A,N/A,N/A,N/A,N/A,N/A,N/A,N/A,N/A,N/A,N/A,N/A,N/A,N/A,N/A,N/A,No,N/A,N/A,N/A,N/A,N/A,N/A,N/A,N/A,N/A,N/A,N/A,N/A,N/A,N/A,N/A,N/A,N/A
Cement and concrete,Cement,"GUL cement, Western Canada",CLF 2025 Material Baselines,https://pcr-epd.s3.us-east-2.amazonaws.com/919.CAC_General_Use_(GU)_and_Portland-Limestone_(GUL)_Cements.pdf,1,Baseline,732,1,metric ton,Industry,single,industry data,"Canadian cement industry-average EPD (CAC, 2023) ",Cement Association of Canada. (2023). An Environmental Product Declaration for General Use (GU) and Portland-limestone (GUL) Cements. ASTM.,FALSE,Canada Western,1440,kg/m3,311,Hydraulic cements.,Null,Null,3,No,No,No,No,N/A,N/A,N/A,N/A,N/A,N/A,N/A,N/A,N/A,N/A,N/A,N/A,N/A,N/A,N/A,N/A,N/A,N/A,N/A,N/A,N/A,N/A,732,N/A,N/A,N/A,0.7900000000000000,0.4400000000000000,0.0000169000000000,6.1900000000000000,3607.0000000000000000,No,N/A,N/A,N/A,N/A,N/A,N/A,N/A,N/A,N/A,N/A,N/A,N/A,N/A,N/A,N/A,N/A,N/A
Cement and concrete,Cement,"GUL cement, Western Canada",N/A,N/A,#VALUE!,High-80th%,N/A,N/A,N/A,N/A,N/A,N/A,N/A,N/A,FALSE,N/A,N/A,N/A,311,Hydraulic cements.,Null,Null,3,No,No,No,No,N/A,N/A,N/A,N/A,N/A,N/A,N/A,N/A,N/A,N/A,N/A,N/A,N/A,N/A,N/A,N/A,N/A,N/A,N/A,N/A,N/A,N/A,N/A,N/A,N/A,N/A,N/A,N/A,N/A,N/A,N/A,No,N/A,N/A,N/A,N/A,N/A,N/A,N/A,N/A,N/A,N/A,N/A,N/A,N/A,N/A,N/A,N/A,N/A
Cement and concrete,Cement,"GUL cement, Western Canada",N/A,N/A,#VALUE!,Low-20th%,N/A,N/A,N/A,N/A,N/A,N/A,N/A,N/A,FALSE,N/A,N/A,N/A,311,Hydraulic cements.,Null,Null,3,No,No,No,No,N/A,N/A,N/A,N/A,N/A,N/A,N/A,N/A,N/A,N/A,N/A,N/A,N/A,N/A,N/A,N/A,N/A,N/A,N/A,N/A,N/A,N/A,N/A,N/A,N/A,N/A,N/A,N/A,N/A,N/A,N/A,No,N/A,N/A,N/A,N/A,N/A,N/A,N/A,N/A,N/A,N/A,N/A,N/A,N/A,N/A,N/A,N/A,N/A
Cement and concrete,Cement,"GUL cement, Central Canada",CLF 2025 Material Baselines,https://pcr-epd.s3.us-east-2.amazonaws.com/919.CAC_General_Use_(GU)_and_Portland-Limestone_(GUL)_Cements.pdf,1,Baseline,798,1,metric ton,Industry,single,industry data,"Canadian cement industry-average EPD (CAC, 2023) ",Cement Association of Canada. (2023). An Environmental Product Declaration for General Use (GU) and Portland-limestone (GUL) Cements. ASTM.,FALSE,Canada Central,1440,kg/m3,311,Hydraulic cements.,Null,Null,3,No,No,No,No,N/A,N/A,N/A,N/A,N/A,N/A,N/A,N/A,N/A,N/A,N/A,N/A,N/A,N/A,N/A,N/A,N/A,N/A,N/A,N/A,N/A,N/A,798,N/A,N/A,N/A,0.4200000000000000,0.4900000000000000,0.0000178000000000,5.3700000000000000,3982.0000000000000000,No,N/A,N/A,N/A,N/A,N/A,N/A,N/A,N/A,N/A,N/A,N/A,N/A,N/A,N/A,N/A,N/A,N/A
Cement and concrete,Cement,"GUL cement, Central Canada",N/A,N/A,#VALUE!,High-80th%,N/A,N/A,N/A,N/A,N/A,N/A,N/A,N/A,FALSE,N/A,N/A,N/A,311,Hydraulic cements.,Null,Null,3,No,No,No,No,N/A,N/A,N/A,N/A,N/A,N/A,N/A,N/A,N/A,N/A,N/A,N/A,N/A,N/A,N/A,N/A,N/A,N/A,N/A,N/A,N/A,N/A,N/A,N/A,N/A,N/A,N/A,N/A,N/A,N/A,N/A,No,N/A,N/A,N/A,N/A,N/A,N/A,N/A,N/A,N/A,N/A,N/A,N/A,N/A,N/A,N/A,N/A,N/A
Cement and concrete,Cement,"GUL cement, Central Canada",N/A,N/A,#VALUE!,Low-20th%,N/A,N/A,N/A,N/A,N/A,N/A,N/A,N/A,FALSE,N/A,N/A,N/A,311,Hydraulic cements.,Null,Null,3,No,No,No,No,N/A,N/A,N/A,N/A,N/A,N/A,N/A,N/A,N/A,N/A,N/A,N/A,N/A,N/A,N/A,N/A,N/A,N/A,N/A,N/A,N/A,N/A,N/A,N/A,N/A,N/A,N/A,N/A,N/A,N/A,N/A,No,N/A,N/A,N/A,N/A,N/A,N/A,N/A,N/A,N/A,N/A,N/A,N/A,N/A,N/A,N/A,N/A,N/A
Cement and concrete,Cement,"GUL cement, Eastern Canada",CLF 2025 Material Baselines,https://pcr-epd.s3.us-east-2.amazonaws.com/919.CAC_General_Use_(GU)_and_Portland-Limestone_(GUL)_Cements.pdf,1,Baseline,864,1,metric ton,Industry,single,industry data,"Canadian cement industry-average EPD (CAC, 2023) ",Cement Association of Canada. (2023). An Environmental Product Declaration for General Use (GU) and Portland-limestone (GUL) Cements. ASTM.,FALSE,Canada Eastern,1440,kg/m3,311,Hydraulic cements.,Null,Null,3,No,No,No,No,N/A,N/A,N/A,N/A,N/A,N/A,N/A,N/A,N/A,N/A,N/A,N/A,N/A,N/A,N/A,N/A,N/A,N/A,N/A,N/A,N/A,N/A,864,N/A,N/A,N/A,0.5700000000000000,0.4700000000000000,0.0000159000000000,7.0700000000000000,3401.0000000000000000,No,N/A,N/A,N/A,N/A,N/A,N/A,N/A,N/A,N/A,N/A,N/A,N/A,N/A,N/A,N/A,N/A,N/A
Cement and concrete,Cement,"GUL cement, Eastern Canada",N/A,N/A,#VALUE!,High-80th%,N/A,N/A,N/A,N/A,N/A,N/A,N/A,N/A,FALSE,N/A,N/A,N/A,311,Hydraulic cements.,Null,Null,3,No,No,No,No,N/A,N/A,N/A,N/A,N/A,N/A,N/A,N/A,N/A,N/A,N/A,N/A,N/A,N/A,N/A,N/A,N/A,N/A,N/A,N/A,N/A,N/A,N/A,N/A,N/A,N/A,N/A,N/A,N/A,N/A,N/A,No,N/A,N/A,N/A,N/A,N/A,N/A,N/A,N/A,N/A,N/A,N/A,N/A,N/A,N/A,N/A,N/A,N/A
Cement and concrete,Cement,"GUL cement, Eastern Canada",N/A,N/A,#VALUE!,Low-20th%,N/A,N/A,N/A,N/A,N/A,N/A,N/A,N/A,FALSE,N/A,N/A,N/A,311,Hydraulic cements.,Null,Null,3,No,No,No,No,N/A,N/A,N/A,N/A,N/A,N/A,N/A,N/A,N/A,N/A,N/A,N/A,N/A,N/A,N/A,N/A,N/A,N/A,N/A,N/A,N/A,N/A,N/A,N/A,N/A,N/A,N/A,N/A,N/A,N/A,N/A,No,N/A,N/A,N/A,N/A,N/A,N/A,N/A,N/A,N/A,N/A,N/A,N/A,N/A,N/A,N/A,N/A,N/A
Cement and concrete,Cement,Masonry cement,CLF 2025 Material Baselines,https://www.cement.org/wp-content/uploads/2024/07/pca_epd_masonry_athena_final_revised_nov2023.pdf,1,Baseline,587,1,metric ton,Industry,single,industry data,"Masonry cement industry-average EPD (PCA, 2024b) ",Portland Cement Association (PCA). (2023b). Environmental Product Declaration: Masonry Cement (Rev. ed). ASTM International.,FALSE,US ,1440,kg/m3,311,Hydraulic cements.,Null,Null,3,Yes,No,No,No,Very Rough,1.011111111,0.9,0.7,0.7,N/A,N/A,N/A,N/A,N/A,N/A,N/A,N/A,N/A,N/A,N/A,N/A,N/A,N/A,N/A,N/A,N/A,587,N/A,N/A,N/A,1.2300000000000000,0.8000000000000000,0.0000173000000000,22.4000000000000000,3223.0000000000000000,No,N/A,N/A,N/A,N/A,N/A,N/A,N/A,N/A,N/A,N/A,N/A,N/A,N/A,N/A,N/A,N/A,N/A
Cement and concrete,Cement,Masonry cement,CLF 2025 Material Baselines,https://buildingtransparency.org/ec3/epds/ec3fn4mp,1.068037975,High-80th%,675,1,metric ton,N/A,N/A,N/A,CEMEX Brooksville South Masonry M,CEMEX(2023),FALSE,US ,1440,kg/m3,311,Hydraulic cements.,Null,Null,3,Yes,No,No,No,Very Rough,1.011111111,0.9,0.7,0.7,N/A,N/A,N/A,N/A,N/A,N/A,N/A,N/A,N/A,N/A,N/A,N/A,N/A,N/A,N/A,N/A,N/A,675,N/A,N/A,N/A,1.8477056962025300,0.6835443037974680,0.0000069956487342,46.8868670886076000,4979.1930379746800000,No,N/A,N/A,N/A,N/A,N/A,N/A,N/A,N/A,N/A,N/A,N/A,N/A,N/A,N/A,N/A,N/A,N/A
Cement and concrete,Cement,Masonry cement,CLF 2025 Material Baselines,https://buildingtransparency.org/ec3/epds/ec329qab,0.886597938,Low-20th%,516,1,metric ton,N/A,N/A,N/A,Lebec Cement Products1: Type IT,National Cement,FALSE,US ,1440,kg/m3,311,Hydraulic cements.,Null,Null,3,Yes,No,No,No,Very Rough,1.011111111,0.9,0.7,0.7,N/A,N/A,N/A,N/A,N/A,N/A,N/A,N/A,N/A,N/A,N/A,N/A,N/A,N/A,N/A,N/A,N/A,516,N/A,N/A,N/A,0.9309278350515460,0.2154432989690720,0.0000357298969072,18.2639175257732000,3688.2474226804100000,No,N/A,N/A,N/A,N/A,N/A,N/A,N/A,N/A,N/A,N/A,N/A,N/A,N/A,N/A,N/A,N/A,N/A
Cement and concrete,Cement,Slag cement,CLF 2025 Material Baselines,https://www.argos-us.com/wp-content/uploads/2021/03/SCA-EPD-Final_30.07.2021.pdf,1,Baseline,147,1,metric ton,Industry,single,industry data,"Slag cement industry-average EPD (Slag Cement Association, 2021) ","Industry-average EPD (Slag Cement Association (SCA), 2021).",FALSE,North America,1440,kg/m3,999,Placeholder,Null,Concrete,3,No,No,No,No,N/A,N/A,N/A,N/A,N/A,N/A,N/A,N/A,N/A,N/A,N/A,N/A,N/A,N/A,N/A,N/A,N/A,N/A,N/A,N/A,N/A,N/A,147,N/A,N/A,N/A,2.0000000000000000,0.3300000000000000,0.0000240000000000,37.6000000000000000,249.0000000000000000,No,N/A,N/A,N/A,N/A,N/A,N/A,N/A,N/A,N/A,N/A,N/A,N/A,N/A,N/A,N/A,N/A,N/A
Cement and concrete,Cement,Slag cement,N/A,N/A,#VALUE!,High-80th%,N/A,N/A,N/A,N/A,N/A,N/A,N/A,N/A,N/A,N/A,N/A,N/A,999,Placeholder,Null,Concrete,3,No,No,No,No,N/A,N/A,N/A,N/A,N/A,N/A,N/A,N/A,N/A,N/A,N/A,N/A,N/A,N/A,N/A,N/A,N/A,N/A,N/A,N/A,N/A,N/A,N/A,N/A,N/A,N/A,N/A,N/A,N/A,N/A,N/A,No,N/A,N/A,N/A,N/A,N/A,N/A,N/A,N/A,N/A,N/A,N/A,N/A,N/A,N/A,N/A,N/A,N/A
Cement and concrete,Cement,Slag cement,N/A,N/A,#VALUE!,Low-20th%,N/A,N/A,N/A,N/A,N/A,N/A,N/A,N/A,N/A,N/A,N/A,N/A,999,Placeholder,Null,Concrete,3,No,No,No,No,N/A,N/A,N/A,N/A,N/A,N/A,N/A,N/A,N/A,N/A,N/A,N/A,N/A,N/A,N/A,N/A,N/A,N/A,N/A,N/A,N/A,N/A,N/A,N/A,N/A,N/A,N/A,N/A,N/A,N/A,N/A,No,N/A,N/A,N/A,N/A,N/A,N/A,N/A,N/A,N/A,N/A,N/A,N/A,N/A,N/A,N/A,N/A,N/A
Cement and concrete,Ready-mix,"Ready-mixed concrete, USA, National, 2500 psi",CLF 2025 Material Baselines,https://www.nrmca.org/wp-content/uploads/2022/02/NRMCA_LCAReportV3-2_20220224.pdf,1,Baseline,240,1,m3,Industry,single,industry data,"NRMCA ready-mixed concrete benchmark report (ASMI, 2021) ","Athena Sustainable Materials Institute. (2021). A Cradle-to-Gate Life Cycle Assessment of Ready-Mixed Concrete Manufactured by NRMCA Members - Version 3.2, Appendix C: NRMCA Member National and Regional LCA Benchmark (Industry Average) Report - V3.2 (pp. 51–101). National Ready Mixed Concrete Association (NRMCA).",FALSE,US,2294.19992,kg/m3,999,Placeholder,d_truck,Concrete,3,No,No,No,No,N/A,N/A,N/A,N/A,N/A,N/A,N/A,N/A,N/A,N/A,N/A,N/A,N/A,N/A,N/A,N/A,2500,regular,N/A,N/A,N/A,N/A,240,N/A,N/A,N/A,0.6600000000000000,0.2400000000000000,0.0000051200000000,14.4800000000000000,390.7600000000000000,No,N/A,N/A,N/A,N/A,N/A,N/A,N/A,N/A,N/A,N/A,N/A,N/A,N/A,N/A,N/A,N/A,N/A
Cement and concrete,Ready-mix,"Ready-mixed concrete, USA, National, 2500 psi",Data Automation,https://buildingtransparency.org/ec3/epds/ec3krhay,1,High-80th%,338,1,m3,N/A,N/A,N/A,Mix 390399,RiverBend Materials,FALSE,US,2294.19992,kg/m3,999,Placeholder,d_truck,Concrete,3,No,No,No,No,N/A,N/A,N/A,N/A,N/A,N/A,N/A,N/A,N/A,N/A,N/A,N/A,N/A,N/A,N/A,N/A,2500,regular,N/A,N/A,N/A,N/A,338,N/A,N/A,N/A,2.1400000000000000,0.3900000000000000,0.0000088600000000,53.2000000000000000,1152.0000000000000000,No,N/A,N/A,N/A,N/A,N/A,N/A,N/A,N/A,N/A,N/A,N/A,N/A,N/A,N/A,N/A,N/A,N/A
Cement and concrete,Ready-mix,"Ready-mixed concrete, USA, National, 2500 psi",Data Automation,https://buildingtransparency.org/ec3/epds/ec3wnxwj,1,Low-20th%,223,1,m3,N/A,N/A,N/A,Mix 1557875,CEMEX,FALSE,US,2294.19992,kg/m3,999,Placeholder,d_truck,Concrete,3,No,No,No,No,N/A,N/A,N/A,N/A,N/A,N/A,N/A,N/A,N/A,N/A,N/A,N/A,N/A,N/A,N/A,N/A,2500,regular,N/A,N/A,N/A,N/A,223,N/A,N/A,N/A,0.6500000000000000,0.2700000000000000,0.0000056700000000,13.9000000000000000,514.0000000000000000,No,N/A,N/A,N/A,N/A,N/A,N/A,N/A,N/A,N/A,N/A,N/A,N/A,N/A,N/A,N/A,N/A,N/A
Cement and concrete,Ready-mix,"Ready-mixed concrete, USA, National, 3000 psi",CLF 2025 Material Baselines,https://www.nrmca.org/wp-content/uploads/2022/02/NRMCA_LCAReportV3-2_20220224.pdf,0.998703972,Baseline,262,1,m3,Industry,single,industry data,"NRMCA ready-mixed concrete benchmark report (ASMI, 2021) ","Athena Sustainable Materials Institute. (2021). A Cradle-to-Gate Life Cycle Assessment of Ready-Mixed Concrete Manufactured by NRMCA Members - Version 3.2, Appendix C: NRMCA Member National and Regional LCA Benchmark (Industry Average) Report - V3.2 (pp. 51–101). National Ready Mixed Concrete Association (NRMCA).",FALSE,US,2305.472172,kg/m3,999,Placeholder,d_truck,Concrete,3,No,No,No,No,N/A,N/A,N/A,N/A,N/A,N/A,N/A,N/A,N/A,N/A,N/A,N/A,N/A,N/A,N/A,N/A,3000,regular,N/A,N/A,N/A,N/A,262,N/A,N/A,N/A,0.9088206144697720,0.3395593504612340,0.0000072006556377,19.9840664786155000,525.9774338644510000,No,N/A,N/A,N/A,N/A,N/A,N/A,N/A,N/A,N/A,N/A,N/A,N/A,N/A,N/A,N/A,N/A,N/A
Cement and concrete,Ready-mix,"Ready-mixed concrete, USA, National, 3000 psi",Data Automation,https://buildingtransparency.org/ec3/epds/ec3asyeg,1,High-80th%,375,1,m3,N/A,N/A,N/A,Mix E7G0NR20,Titan Virginia Ready-Mix,FALSE,US,2305.472172,kg/m3,999,Placeholder,d_truck,Concrete,3,No,No,No,No,N/A,N/A,N/A,N/A,N/A,N/A,N/A,N/A,N/A,N/A,N/A,N/A,N/A,N/A,N/A,N/A,3000,regular,N/A,N/A,N/A,N/A,375,N/A,N/A,N/A,1.9400000000000000,0.4300000000000000,0.0000081400000000,52.7000000000000000,1421.0000000000000000,No,N/A,N/A,N/A,N/A,N/A,N/A,N/A,N/A,N/A,N/A,N/A,N/A,N/A,N/A,N/A,N/A,N/A
Cement and concrete,Ready-mix,"Ready-mixed concrete, USA, National, 3000 psi",Data Automation,https://buildingtransparency.org/ec3/epds/ec3s86j2,1,Low-20th%,256,1,m3,N/A,N/A,N/A,Mix 313061,RiverBend Materials,FALSE,US,2305.472172,kg/m3,999,Placeholder,d_truck,Concrete,3,No,No,No,No,N/A,N/A,N/A,N/A,N/A,N/A,N/A,N/A,N/A,N/A,N/A,N/A,N/A,N/A,N/A,N/A,3000,regular,N/A,N/A,N/A,N/A,256,N/A,N/A,N/A,1.5600000000000000,0.3300000000000000,0.0000067800000000,39.0000000000000000,1113.0000000000000000,No,N/A,N/A,N/A,N/A,N/A,N/A,N/A,N/A,N/A,N/A,N/A,N/A,N/A,N/A,N/A,N/A,N/A
Cement and concrete,Ready-mix,"Ready-mixed concrete, USA, National, 4000 psi",CLF 2025 Material Baselines,https://www.nrmca.org/wp-content/uploads/2022/02/NRMCA_LCAReportV3-2_20220224.pdf,0.999448356,Baseline,308,1,m3,Industry,single,industry data,"NRMCA ready-mixed concrete benchmark report (ASMI, 2021) ","Athena Sustainable Materials Institute. (2021). A Cradle-to-Gate Life Cycle Assessment of Ready-Mixed Concrete Manufactured by NRMCA Members - Version 3.2, Appendix C: NRMCA Member National and Regional LCA Benchmark (Industry Average) Report - V3.2 (pp. 51–101). National Ready Mixed Concrete Association (NRMCA).",FALSE,US,2310.81166,kg/m3,999,Placeholder,d_truck,Concrete,3,No,No,No,No,N/A,N/A,N/A,N/A,N/A,N/A,N/A,N/A,N/A,N/A,N/A,N/A,N/A,N/A,N/A,N/A,4000,regular,N/A,N/A,N/A,N/A,308,N/A,N/A,N/A,1.0094428399909100,0.3797903754421260,0.0000082354544570,22.1477755784145000,557.2324366421130000,No,N/A,N/A,N/A,N/A,N/A,N/A,N/A,N/A,N/A,N/A,N/A,N/A,N/A,N/A,N/A,N/A,N/A
Cement and concrete,Ready-mix,"Ready-mixed concrete, USA, National, 4000 psi",Data Automation,https://buildingtransparency.org/ec3/epds/ec3mnyx7,1,High-80th%,424,1,m3,N/A,N/A,N/A,Mix G4000AUGA,Scioto Ready Mix,FALSE,US,2310.81166,kg/m3,999,Placeholder,d_truck,Concrete,3,No,No,No,No,N/A,N/A,N/A,N/A,N/A,N/A,N/A,N/A,N/A,N/A,N/A,N/A,N/A,N/A,N/A,N/A,4000,regular,N/A,N/A,N/A,N/A,424,N/A,N/A,N/A,2.1600000000000000,0.1900000000000000,0.0000137000000000,56.6000000000000000,1324.0000000000000000,No,N/A,N/A,N/A,N/A,N/A,N/A,N/A,N/A,N/A,N/A,N/A,N/A,N/A,N/A,N/A,N/A,N/A
Cement and concrete,Ready-mix,"Ready-mixed concrete, USA, National, 4000 psi",Data Automation,https://buildingtransparency.org/ec3/epds/ec3382yn,1,Low-20th%,285.15323,1,m3,N/A,N/A,N/A,1824NSX,Ozinga,FALSE,US,2310.81166,kg/m3,999,Placeholder,d_truck,Concrete,3,No,No,No,No,N/A,N/A,N/A,N/A,N/A,N/A,N/A,N/A,N/A,N/A,N/A,N/A,N/A,N/A,N/A,N/A,4000,regular,N/A,N/A,N/A,N/A,285.15323,N/A,N/A,N/A,1.4485544000000000,0.4407203200000000,0.0000101781920000,75.1729900000000000,N/A,No,N/A,N/A,N/A,N/A,N/A,N/A,N/A,N/A,N/A,N/A,N/A,N/A,N/A,N/A,N/A,N/A,N/A
Cement and concrete,Ready-mix,"Ready-mixed concrete, USA, National, 5000 psi",CLF 2025 Material Baselines,https://www.nrmca.org/wp-content/uploads/2022/02/NRMCA_LCAReportV3-2_20220224.pdf,1.000246636,Baseline,365,1,m3,Industry,single,industry data,"NRMCA ready-mixed concrete benchmark report (ASMI, 2021) ","Athena Sustainable Materials Institute. (2021). A Cradle-to-Gate Life Cycle Assessment of Ready-Mixed Concrete Manufactured by NRMCA Members - Version 3.2, Appendix C: NRMCA Member National and Regional LCA Benchmark (Industry Average) Report - V3.2 (pp. 51–101). National Ready Mixed Concrete Association (NRMCA).",FALSE,US,2300.725961,kg/m3,999,Placeholder,d_truck,Concrete,3,No,No,No,No,N/A,N/A,N/A,N/A,N/A,N/A,N/A,N/A,N/A,N/A,N/A,N/A,N/A,N/A,N/A,N/A,5000,regular,N/A,N/A,N/A,N/A,365,N/A,N/A,N/A,1.1402811652188200,0.4501109862705870,0.0000094923405771,24.7461017785207000,598.5575895426270000,No,N/A,N/A,N/A,N/A,N/A,N/A,N/A,N/A,N/A,N/A,N/A,N/A,N/A,N/A,N/A,N/A,N/A
Cement and concrete,Ready-mix,"Ready-mixed concrete, USA, National, 5000 psi",Data Automation,https://buildingtransparency.org/ec3/epds/ec3ee5sx,1,High-80th%,475,1,m3,N/A,N/A,N/A,Mix 503-5,Thomas Concrete,FALSE,US,2300.725961,kg/m3,999,Placeholder,d_truck,Concrete,3,No,No,No,No,N/A,N/A,N/A,N/A,N/A,N/A,N/A,N/A,N/A,N/A,N/A,N/A,N/A,N/A,N/A,N/A,5000,regular,N/A,N/A,N/A,N/A,475,N/A,N/A,N/A,1.0900000000000000,0.5500000000000000,0.0000114000000000,21.1000000000000000,613.0000000000000000,No,N/A,N/A,N/A,N/A,N/A,N/A,N/A,N/A,N/A,N/A,N/A,N/A,N/A,N/A,N/A,N/A,N/A
Cement and concrete,Ready-mix,"Ready-mixed concrete, USA, National, 5000 psi",Data Automation,https://buildingtransparency.org/ec3/epds/ec30quyq,1,Low-20th%,315,1,m3,N/A,N/A,N/A,Mix 390332A,RiverBend Materials,FALSE,US,2300.725961,kg/m3,999,Placeholder,d_truck,Concrete,3,No,No,No,No,N/A,N/A,N/A,N/A,N/A,N/A,N/A,N/A,N/A,N/A,N/A,N/A,N/A,N/A,N/A,N/A,5000,regular,N/A,N/A,N/A,N/A,315,N/A,N/A,N/A,1.2300000000000000,0.1900000000000000,0.0000057700000000,19.4000000000000000,1457.0000000000000000,No,N/A,N/A,N/A,N/A,N/A,N/A,N/A,N/A,N/A,N/A,N/A,N/A,N/A,N/A,N/A,N/A,N/A
Cement and concrete,Ready-mix,"Ready-mixed concrete, USA, National, 6000 psi",CLF 2025 Material Baselines,https://www.nrmca.org/wp-content/uploads/2022/02/NRMCA_LCAReportV3-2_20220224.pdf,0.99924732,Baseline,385,1,m3,Industry,single,industry data,"NRMCA ready-mixed concrete benchmark report (ASMI, 2021) ","Athena Sustainable Materials Institute. (2021). A Cradle-to-Gate Life Cycle Assessment of Ready-Mixed Concrete Manufactured by NRMCA Members - Version 3.2, Appendix C: NRMCA Member National and Regional LCA Benchmark (Industry Average) Report - V3.2 (pp. 51–101). National Ready Mixed Concrete Association (NRMCA).",FALSE,US,2395.056912,kg/m3,999,Placeholder,d_truck,Concrete,3,No,No,No,No,N/A,N/A,N/A,N/A,N/A,N/A,N/A,N/A,N/A,N/A,N/A,N/A,N/A,N/A,N/A,N/A,6000,regular,N/A,N/A,N/A,N/A,385,N/A,N/A,N/A,1.1990967842404400,0.4696462404941730,0.0000099824807288,25.8904980663916000,623.2705235017780000,No,N/A,N/A,N/A,N/A,N/A,N/A,N/A,N/A,N/A,N/A,N/A,N/A,N/A,N/A,N/A,N/A,N/A
Cement and concrete,Ready-mix,"Ready-mixed concrete, USA, National, 6000 psi",Data Automation,https://buildingtransparency.org/ec3/epds/ec30g67s,1,High-80th%,509,1,m3,N/A,N/A,N/A,Mix HAN05PZB,Titan Virginia Ready-Mix,FALSE,US,2395.056912,kg/m3,999,Placeholder,d_truck,Concrete,3,No,No,No,No,N/A,N/A,N/A,N/A,N/A,N/A,N/A,N/A,N/A,N/A,N/A,N/A,N/A,N/A,N/A,N/A,6000,regular,N/A,N/A,N/A,N/A,509,N/A,N/A,N/A,2.6700000000000000,0.6000000000000000,0.0000113000000000,68.1000000000000000,1710.0000000000000000,No,N/A,N/A,N/A,N/A,N/A,N/A,N/A,N/A,N/A,N/A,N/A,N/A,N/A,N/A,N/A,N/A,N/A
Cement and concrete,Ready-mix,"Ready-mixed concrete, USA, National, 6000 psi",Data Automation,https://buildingtransparency.org/ec3/epds/ec3r7481,1,Low-20th%,325,1,m3,N/A,N/A,N/A,Mix 0565AFG,Miles Sand & Gravel Company,FALSE,US,2395.056912,kg/m3,999,Placeholder,d_truck,Concrete,3,No,No,No,No,N/A,N/A,N/A,N/A,N/A,N/A,N/A,N/A,N/A,N/A,N/A,N/A,N/A,N/A,N/A,N/A,6000,regular,N/A,N/A,N/A,N/A,325,N/A,N/A,N/A,0.8200000000000000,0.3800000000000000,0.0000084500000000,16.8000000000000000,525.0000000000000000,No,N/A,N/A,N/A,N/A,N/A,N/A,N/A,N/A,N/A,N/A,N/A,N/A,N/A,N/A,N/A,N/A,N/A
Cement and concrete,Ready-mix,"Ready-mixed concrete, USA, National, 8000 psi",CLF 2025 Material Baselines,https://www.nrmca.org/wp-content/uploads/2022/02/NRMCA_LCAReportV3-2_20220224.pdf,0.999081562,Baseline,446,1,m3,Industry,single,industry data,"NRMCA ready-mixed concrete benchmark report (ASMI, 2021) ","Athena Sustainable Materials Institute. (2021). A Cradle-to-Gate Life Cycle Assessment of Ready-Mixed Concrete Manufactured by NRMCA Members - Version 3.2, Appendix C: NRMCA Member National and Regional LCA Benchmark (Industry Average) Report - V3.2 (pp. 51–101). National Ready Mixed Concrete Association (NRMCA).",FALSE,US,2402.176229,kg/m3,999,Placeholder,d_truck,Concrete,3,No,No,No,No,N/A,N/A,N/A,N/A,N/A,N/A,N/A,N/A,N/A,N/A,N/A,N/A,N/A,N/A,N/A,N/A,8000,regular,N/A,N/A,N/A,N/A,446,N/A,N/A,N/A,1.3387692928025800,0.5395040433682040,0.0000113895298044,28.7435765327838000,666.2175578504070000,No,N/A,N/A,N/A,N/A,N/A,N/A,N/A,N/A,N/A,N/A,N/A,N/A,N/A,N/A,N/A,N/A,N/A
Cement and concrete,Ready-mix,"Ready-mixed concrete, USA, National, 8000 psi",Data Automation,https://buildingtransparency.org/ec3/epds/ec38tgxq,1,High-80th%,491,1,m3,N/A,N/A,N/A,Mix HASB5PZB,Titan Virginia Ready-Mix,FALSE,US,2402.176229,kg/m3,999,Placeholder,d_truck,Concrete,3,No,No,No,No,N/A,N/A,N/A,N/A,N/A,N/A,N/A,N/A,N/A,N/A,N/A,N/A,N/A,N/A,N/A,N/A,8000,regular,N/A,N/A,N/A,N/A,491,N/A,N/A,N/A,2.6600000000000000,0.5700000000000000,0.0000105000000000,67.8000000000000000,1751.0000000000000000,No,N/A,N/A,N/A,N/A,N/A,N/A,N/A,N/A,N/A,N/A,N/A,N/A,N/A,N/A,N/A,N/A,N/A
Cement and concrete,Ready-mix,"Ready-mixed concrete, USA, National, 8000 psi",Data Automation,https://buildingtransparency.org/ec3/epds/ec37d9aq,1,Low-20th%,324,1,m3,N/A,N/A,N/A,Mix 880375,Stoneway Concrete,FALSE,US,2402.176229,kg/m3,999,Placeholder,d_truck,Concrete,3,No,No,No,No,N/A,N/A,N/A,N/A,N/A,N/A,N/A,N/A,N/A,N/A,N/A,N/A,N/A,N/A,N/A,N/A,8000,regular,N/A,N/A,N/A,N/A,324,N/A,N/A,N/A,1.0600000000000000,0.2800000000000000,0.0000189000000000,27.0000000000000000,1919.0000000000000000,No,N/A,N/A,N/A,N/A,N/A,N/A,N/A,N/A,N/A,N/A,N/A,N/A,N/A,N/A,N/A,N/A,N/A
Cement and concrete,Ready-mix,"Ready-mixed concrete, USA, National, LW 3000 psi",CLF 2025 Material Baselines,https://www.nrmca.org/wp-content/uploads/2022/02/NRMCA_LCAReportV3-2_20220224.pdf,0.99930942,Baseline,492,1,m3,Industry,single,industry data,"NRMCA ready-mixed concrete benchmark report (ASMI, 2021) ","Athena Sustainable Materials Institute. (2021). A Cradle-to-Gate Life Cycle Assessment of Ready-Mixed Concrete Manufactured by NRMCA Members - Version 3.2, Appendix C: NRMCA Member National and Regional LCA Benchmark (Industry Average) Report - V3.2 (pp. 51–101). National Ready Mixed Concrete Association (NRMCA).",FALSE,US,1292.156045,kg/m3,999,Placeholder,d_truck,Concrete,3,No,No,No,No,N/A,N/A,N/A,N/A,N/A,N/A,N/A,N/A,N/A,N/A,N/A,N/A,N/A,N/A,N/A,N/A,3000,light weight,N/A,N/A,N/A,N/A,492,N/A,N/A,N/A,2.4782873623918400,0.8693991956777840,0.0000181874314498,33.0471625299590000,2601.7020758012800000,No,N/A,N/A,N/A,N/A,N/A,N/A,N/A,N/A,N/A,N/A,N/A,N/A,N/A,N/A,N/A,N/A,N/A
Cement and concrete,Ready-mix,"Ready-mixed concrete, USA, National, LW 3000 psi",Data Automation,https://buildingtransparency.org/ec3/epds/ec3tdr1g,1,High-80th%,530,1,m3,N/A,N/A,N/A,Mix L30PF8C8,Central Concrete,FALSE,US,1292.156045,kg/m3,999,Placeholder,d_truck,Concrete,3,No,No,No,No,N/A,N/A,N/A,N/A,N/A,N/A,N/A,N/A,N/A,N/A,N/A,N/A,N/A,N/A,N/A,N/A,3000,light weight,N/A,N/A,N/A,N/A,530,N/A,N/A,N/A,2.4900000000000000,0.6000000000000000,0.0000307000000000,38.7000000000000000,3076.0000000000000000,No,N/A,N/A,N/A,N/A,N/A,N/A,N/A,N/A,N/A,N/A,N/A,N/A,N/A,N/A,N/A,N/A,N/A
Cement and concrete,Ready-mix,"Ready-mixed concrete, USA, National, LW 3000 psi",Data Automation,https://buildingtransparency.org/ec3/epds/ec3hgtnp,1,Low-20th%,397,1,m3,N/A,N/A,N/A,Mix L581L683,Eastern Concrete,FALSE,US,1292.156045,kg/m3,999,Placeholder,d_truck,Concrete,3,No,No,No,No,N/A,N/A,N/A,N/A,N/A,N/A,N/A,N/A,N/A,N/A,N/A,N/A,N/A,N/A,N/A,N/A,3000,light weight,N/A,N/A,N/A,N/A,397,N/A,N/A,N/A,2.2400000000000000,0.4500000000000000,0.0000073100000000,57.9000000000000000,1666.0000000000000000,No,N/A,N/A,N/A,N/A,N/A,N/A,N/A,N/A,N/A,N/A,N/A,N/A,N/A,N/A,N/A,N/A,N/A
Cement and concrete,Ready-mix,"Ready-mixed concrete, USA, National, LW 4000 psi",CLF 2025 Material Baselines,https://www.nrmca.org/wp-content/uploads/2022/02/NRMCA_LCAReportV3-2_20220224.pdf,0.999796338,Baseline,540,1,m3,Industry,single,industry data,"NRMCA ready-mixed concrete benchmark report (ASMI, 2021) ","Athena Sustainable Materials Institute. (2021). A Cradle-to-Gate Life Cycle Assessment of Ready-Mixed Concrete Manufactured by NRMCA Members - Version 3.2, Appendix C: NRMCA Member National and Regional LCA Benchmark (Industry Average) Report - V3.2 (pp. 51–101). National Ready Mixed Concrete Association (NRMCA).",FALSE,US,1286.223281,kg/m3,999,Placeholder,d_truck,Concrete,3,No,No,No,No,N/A,N/A,N/A,N/A,N/A,N/A,N/A,N/A,N/A,N/A,N/A,N/A,N/A,N/A,N/A,N/A,4000,light weight,N/A,N/A,N/A,N/A,540,N/A,N/A,N/A,2.5994704782359200,0.9298105941382310,0.0000192960693192,35.2928107237415000,2654.7792116420700000,No,N/A,N/A,N/A,N/A,N/A,N/A,N/A,N/A,N/A,N/A,N/A,N/A,N/A,N/A,N/A,N/A,N/A
Cement and concrete,Ready-mix,"Ready-mixed concrete, USA, National, LW 4000 psi",Data Automation,https://buildingtransparency.org/ec3/epds/ec3p6uwu,1,High-80th%,548,1,m3,N/A,N/A,N/A,930,Liberty Ready Mix,FALSE,US,1286.223281,kg/m3,999,Placeholder,d_truck,Concrete,3,No,No,No,No,N/A,N/A,N/A,N/A,N/A,N/A,N/A,N/A,N/A,N/A,N/A,N/A,N/A,N/A,N/A,N/A,4000,light weight,N/A,N/A,N/A,N/A,548,N/A,N/A,N/A,2.3300000000000000,0.6100000000000000,0.0000310000000000,35.1000000000000000,2943.0000000000000000,No,N/A,N/A,N/A,N/A,N/A,N/A,N/A,N/A,N/A,N/A,N/A,N/A,N/A,N/A,N/A,N/A,N/A
Cement and concrete,Ready-mix,"Ready-mixed concrete, USA, National, LW 4000 psi",Data Automation,https://buildingtransparency.org/ec3/epds/ec39cr9s,1,Low-20th%,394,1,m3,N/A,N/A,N/A,L631L629,Smyrna Ready Mix Concrete LLC,FALSE,US,1286.223281,kg/m3,999,Placeholder,d_truck,Concrete,3,No,No,No,No,N/A,N/A,N/A,N/A,N/A,N/A,N/A,N/A,N/A,N/A,N/A,N/A,N/A,N/A,N/A,N/A,4000,light weight,N/A,N/A,N/A,N/A,394,N/A,N/A,N/A,1.9900000000000000,0.4500000000000000,0.0000076000000000,50.1000000000000000,1365.0000000000000000,No,N/A,N/A,N/A,N/A,N/A,N/A,N/A,N/A,N/A,N/A,N/A,N/A,N/A,N/A,N/A,N/A,N/A
Cement and concrete,Ready-mix,"Ready-mixed concrete, USA, National, LW 5000 psi",CLF 2025 Material Baselines,https://www.nrmca.org/wp-content/uploads/2022/02/NRMCA_LCAReportV3-2_20220224.pdf,0.999524036,Baseline,588,1,m3,Industry,single,industry data,"NRMCA ready-mixed concrete benchmark report (ASMI, 2021) ","Athena Sustainable Materials Institute. (2021). A Cradle-to-Gate Life Cycle Assessment of Ready-Mixed Concrete Manufactured by NRMCA Members - Version 3.2, Appendix C: NRMCA Member National and Regional LCA Benchmark (Industry Average) Report - V3.2 (pp. 51–101). National Ready Mixed Concrete Association (NRMCA).",FALSE,US,1280.883793,kg/m3,999,Placeholder,d_truck,Concrete,3,No,No,No,No,N/A,N/A,N/A,N/A,N/A,N/A,N/A,N/A,N/A,N/A,N/A,N/A,N/A,N/A,N/A,N/A,5000,light weight,N/A,N/A,N/A,N/A,588,N/A,N/A,N/A,2.7187053783912400,0.9795335554497860,0.0000204902427416,37.5221323179438000,2711.8686339838200000,No,N/A,N/A,N/A,N/A,N/A,N/A,N/A,N/A,N/A,N/A,N/A,N/A,N/A,N/A,N/A,N/A,N/A
Cement and concrete,Ready-mix,"Ready-mixed concrete, USA, National, LW 5000 psi",Data Automation,https://buildingtransparency.org/ec3/epds/ec321wrb,1,High-80th%,557,1,m3,N/A,N/A,N/A,Mix L761L809,Eastern Concrete,FALSE,US,1280.883793,kg/m3,999,Placeholder,d_truck,Concrete,3,No,No,No,No,N/A,N/A,N/A,N/A,N/A,N/A,N/A,N/A,N/A,N/A,N/A,N/A,N/A,N/A,N/A,N/A,5000,light weight,N/A,N/A,N/A,N/A,557,N/A,N/A,N/A,2.8200000000000000,0.6300000000000000,0.0000106000000000,72.0000000000000000,1808.0000000000000000,No,N/A,N/A,N/A,N/A,N/A,N/A,N/A,N/A,N/A,N/A,N/A,N/A,N/A,N/A,N/A,N/A,N/A
Cement and concrete,Ready-mix,"Ready-mixed concrete, USA, National, LW 5000 psi",Data Automation,https://buildingtransparency.org/ec3/epds/ec3qr7an,1,Low-20th%,430,1,m3,N/A,N/A,N/A,L701L629,Smyrna Ready Mix Concrete LLC,FALSE,US,1280.883793,kg/m3,999,Placeholder,d_truck,Concrete,3,No,No,No,No,N/A,N/A,N/A,N/A,N/A,N/A,N/A,N/A,N/A,N/A,N/A,N/A,N/A,N/A,N/A,N/A,5000,light weight,N/A,N/A,N/A,N/A,430,N/A,N/A,N/A,2.3000000000000000,0.4800000000000000,0.0000079000000000,59.4000000000000000,1629.0000000000000000,No,N/A,N/A,N/A,N/A,N/A,N/A,N/A,N/A,N/A,N/A,N/A,N/A,N/A,N/A,N/A,N/A,N/A
Cement and concrete,Ready-mix,"Ready-mixed concrete, USA, Pacific Southwest, 2500 psi",CLF 2025 Material Baselines,https://www.nrmca.org/wp-content/uploads/2022/02/NRMCA_LCAReportV3-2_20220224.pdf,0.999922185,Baseline,257,1,m3,Industry,single,industry data,"NRMCA ready-mixed concrete benchmark report (ASMI, 2021) ","Athena Sustainable Materials Institute. (2021). A Cradle-to-Gate Life Cycle Assessment of Ready-Mixed Concrete Manufactured by NRMCA Members - Version 3.2, Appendix C: NRMCA Member National and Regional LCA Benchmark (Industry Average) Report - V3.2 (pp. 51–101). National Ready Mixed Concrete Association (NRMCA).",FALSE,US Pacific Sothwest,2247.924359,kg/m3,999,Placeholder,d_truck,Concrete,3,No,No,No,No,N/A,N/A,N/A,N/A,N/A,N/A,N/A,N/A,N/A,N/A,N/A,N/A,N/A,N/A,N/A,N/A,2500,regular,N/A,N/A,N/A,N/A,257,N/A,N/A,N/A,0.7399424169325340,0.2399813244105520,0.0000049096179286,17.3486499105128000,458.3643296241540000,No,N/A,N/A,N/A,N/A,N/A,N/A,N/A,N/A,N/A,N/A,N/A,N/A,N/A,N/A,N/A,N/A,N/A
Cement and concrete,Ready-mix,"Ready-mixed concrete, USA, Pacific Southwest, 2500 psi",CLF 2025 Material Baselines,https://buildingtransparency.org/ec3/epds/ec35k1yt,0.941348974,High-80th%,321,1,m3,N/A,N/A,N/A,Mix S60484,National Ready Mix,FALSE,US Pacific Sothwest,2247.924359,kg/m3,999,Placeholder,d_truck,Concrete,3,No,No,No,No,N/A,N/A,N/A,N/A,N/A,N/A,N/A,N/A,N/A,N/A,N/A,N/A,N/A,N/A,N/A,N/A,2500,regular,N/A,N/A,N/A,N/A,321,N/A,N/A,N/A,0.8095601173020530,0.1223753665689150,0.0000018544574780,19.9565982404692000,1891.1700879765400000,No,N/A,N/A,N/A,N/A,N/A,N/A,N/A,N/A,N/A,N/A,N/A,N/A,N/A,N/A,N/A,N/A,N/A
Cement and concrete,Ready-mix,"Ready-mixed concrete, USA, Pacific Southwest, 2500 psi",CLF 2025 Material Baselines,https://buildingtransparency.org/ec3/epds/ec39y3dw,1.061403509,Low-20th%,242,1,m3,N/A,N/A,N/A,Mix 1555656,CEMEX,FALSE,US Pacific Sothwest,2247.924359,kg/m3,999,Placeholder,d_truck,Concrete,3,No,No,No,No,N/A,N/A,N/A,N/A,N/A,N/A,N/A,N/A,N/A,N/A,N/A,N/A,N/A,N/A,N/A,N/A,2500,regular,N/A,N/A,N/A,N/A,242,N/A,N/A,N/A,0.6262280701754390,0.2865789473684210,0.0000060075438596,12.9491228070175000,441.5438596491230000,No,N/A,N/A,N/A,N/A,N/A,N/A,N/A,N/A,N/A,N/A,N/A,N/A,N/A,N/A,N/A,N/A,N/A
Cement and concrete,Ready-mix,"Ready-mixed concrete, USA, Pacific Southwest, 3000 psi",CLF 2025 Material Baselines,https://www.nrmca.org/wp-content/uploads/2022/02/NRMCA_LCAReportV3-2_20220224.pdf,0.999283668,Baseline,279,1,m3,Industry,single,industry data,"NRMCA ready-mixed concrete benchmark report (ASMI, 2021) ","Athena Sustainable Materials Institute. (2021). A Cradle-to-Gate Life Cycle Assessment of Ready-Mixed Concrete Manufactured by NRMCA Members - Version 3.2, Appendix C: NRMCA Member National and Regional LCA Benchmark (Industry Average) Report - V3.2 (pp. 51–101). National Ready Mixed Concrete Association (NRMCA).",FALSE,US Pacific Sothwest,2256.823505,kg/m3,999,Placeholder,d_truck,Concrete,3,No,No,No,No,N/A,N/A,N/A,N/A,N/A,N/A,N/A,N/A,N/A,N/A,N/A,N/A,N/A,N/A,N/A,N/A,3000,regular,N/A,N/A,N/A,N/A,279,N/A,N/A,N/A,1.0192693409742100,0.3397564469914040,0.0000068950573066,23.6830229226361000,615.1390401146130000,No,N/A,N/A,N/A,N/A,N/A,N/A,N/A,N/A,N/A,N/A,N/A,N/A,N/A,N/A,N/A,N/A,N/A
Cement and concrete,Ready-mix,"Ready-mixed concrete, USA, Pacific Southwest, 3000 psi",CLF 2025 Material Baselines,https://buildingtransparency.org/ec3/epds/ec3gsbcm,0.959349593,High-80th%,354,1,m3,N/A,N/A,N/A,Mix 62321,"Robertson's Ready Mix, Ltd.",FALSE,US Pacific Sothwest,2256.823505,kg/m3,999,Placeholder,d_truck,Concrete,3,No,No,No,No,N/A,N/A,N/A,N/A,N/A,N/A,N/A,N/A,N/A,N/A,N/A,N/A,N/A,N/A,N/A,N/A,3000,regular,N/A,N/A,N/A,N/A,354,N/A,N/A,N/A,1.0648780487804900,0.3933333333333330,0.0000078474796748,24.4634146341463000,684.0162601626020000,No,N/A,N/A,N/A,N/A,N/A,N/A,N/A,N/A,N/A,N/A,N/A,N/A,N/A,N/A,N/A,N/A,N/A
Cement and concrete,Ready-mix,"Ready-mixed concrete, USA, Pacific Southwest, 3000 psi",CLF 2025 Material Baselines,https://buildingtransparency.org/ec3/epds/ec3kn9dh,0.965250965,Low-20th%,250,1,m3,N/A,N/A,N/A,Mix 1471C5E1,Central Concrete,FALSE,US Pacific Sothwest,2256.823505,kg/m3,999,Placeholder,d_truck,Concrete,3,No,No,No,No,N/A,N/A,N/A,N/A,N/A,N/A,N/A,N/A,N/A,N/A,N/A,N/A,N/A,N/A,N/A,N/A,3000,regular,N/A,N/A,N/A,N/A,250,N/A,N/A,N/A,0.8880308880308880,0.2895752895752900,0.0000062451737452,19.2084942084942000,684.3629343629340000,No,N/A,N/A,N/A,N/A,N/A,N/A,N/A,N/A,N/A,N/A,N/A,N/A,N/A,N/A,N/A,N/A,N/A
Cement and concrete,Ready-mix,"Ready-mixed concrete, USA, Pacific Southwest, 4000 psi",CLF 2025 Material Baselines,https://www.nrmca.org/wp-content/uploads/2022/02/NRMCA_LCAReportV3-2_20220224.pdf,0.99848527,Baseline,323,1,m3,Industry,single,industry data,"NRMCA ready-mixed concrete benchmark report (ASMI, 2021) ","Athena Sustainable Materials Institute. (2021). A Cradle-to-Gate Life Cycle Assessment of Ready-Mixed Concrete Manufactured by NRMCA Members - Version 3.2, Appendix C: NRMCA Member National and Regional LCA Benchmark (Industry Average) Report - V3.2 (pp. 51–101). National Ready Mixed Concrete Association (NRMCA).",FALSE,US Pacific Sothwest,2246.13,kg/m3,999,Placeholder,d_truck,Concrete,3,No,No,No,No,N/A,N/A,N/A,N/A,N/A,N/A,N/A,N/A,N/A,N/A,N/A,N/A,N/A,N/A,N/A,N/A,4000,regular,N/A,N/A,N/A,N/A,323,N/A,N/A,N/A,1.1183035024266600,0.3794244026090450,0.0000078480942224,25.5811926180098000,643.1343472750320000,No,N/A,N/A,N/A,N/A,N/A,N/A,N/A,N/A,N/A,N/A,N/A,N/A,N/A,N/A,N/A,N/A,N/A
Cement and concrete,Ready-mix,"Ready-mixed concrete, USA, Pacific Southwest, 4000 psi",CLF 2025 Material Baselines,https://buildingtransparency.org/ec3/epds/ec3rjb19,0.95215311,High-80th%,398,1,m3,N/A,N/A,N/A,Mix 1418349,CEMEX,FALSE,US Pacific Sothwest,2246.13,kg/m3,999,Placeholder,d_truck,Concrete,3,No,No,No,No,N/A,N/A,N/A,N/A,N/A,N/A,N/A,N/A,N/A,N/A,N/A,N/A,N/A,N/A,N/A,N/A,4000,regular,N/A,N/A,N/A,N/A,398,N/A,N/A,N/A,0.6093779904306220,0.1809090909090910,0.0000051511483254,11.7114832535885000,2509.8755980861200000,No,N/A,N/A,N/A,N/A,N/A,N/A,N/A,N/A,N/A,N/A,N/A,N/A,N/A,N/A,N/A,N/A,N/A
Cement and concrete,Ready-mix,"Ready-mixed concrete, USA, Pacific Southwest, 4000 psi",CLF 2025 Material Baselines,https://buildingtransparency.org/ec3/epds/ec3zw0r4,0.958762887,Low-20th%,279,1,m3,N/A,N/A,N/A,Mix 1610934,CEMEX,FALSE,US Pacific Sothwest,2246.13,kg/m3,999,Placeholder,d_truck,Concrete,3,No,No,No,No,N/A,N/A,N/A,N/A,N/A,N/A,N/A,N/A,N/A,N/A,N/A,N/A,N/A,N/A,N/A,N/A,4000,regular,N/A,N/A,N/A,N/A,279,N/A,N/A,N/A,1.0546391752577300,0.1725773195876290,0.0000043144329897,26.3659793814433000,1963.5463917525800000,No,N/A,N/A,N/A,N/A,N/A,N/A,N/A,N/A,N/A,N/A,N/A,N/A,N/A,N/A,N/A,N/A,N/A
Cement and concrete,Ready-mix,"Ready-mixed concrete, USA, Pacific Southwest, 5000 psi",CLF 2025 Material Baselines,https://www.nrmca.org/wp-content/uploads/2022/02/NRMCA_LCAReportV3-2_20220224.pdf,1.000344034,Baseline,378,1,m3,Industry,single,industry data,"NRMCA ready-mixed concrete benchmark report (ASMI, 2021) ","Athena Sustainable Materials Institute. (2021). A Cradle-to-Gate Life Cycle Assessment of Ready-Mixed Concrete Manufactured by NRMCA Members - Version 3.2, Appendix C: NRMCA Member National and Regional LCA Benchmark (Industry Average) Report - V3.2 (pp. 51–101). National Ready Mixed Concrete Association (NRMCA).",FALSE,US Pacific Sothwest,2248.49,kg/m3,999,Placeholder,d_truck,Concrete,3,No,No,No,No,N/A,N/A,N/A,N/A,N/A,N/A,N/A,N/A,N/A,N/A,N/A,N/A,N/A,N/A,N/A,N/A,5000,regular,N/A,N/A,N/A,N/A,378,N/A,N/A,N/A,1.2304231614047200,0.4401513748114430,0.0000090231031836,27.9596157408633000,684.1452880620320000,No,N/A,N/A,N/A,N/A,N/A,N/A,N/A,N/A,N/A,N/A,N/A,N/A,N/A,N/A,N/A,N/A,N/A
Cement and concrete,Ready-mix,"Ready-mixed concrete, USA, Pacific Southwest, 5000 psi",CLF 2025 Material Baselines,https://buildingtransparency.org/ec3/epds/ec3fmu93,0.949781659,High-80th%,435,1,m3,N/A,N/A,N/A,S77010,National Ready Mix,FALSE,US Pacific Sothwest,2248.49,kg/m3,999,Placeholder,d_truck,Concrete,3,No,No,No,No,N/A,N/A,N/A,N/A,N/A,N/A,N/A,N/A,N/A,N/A,N/A,N/A,N/A,N/A,N/A,N/A,5000,regular,N/A,N/A,N/A,N/A,435,N/A,N/A,N/A,1.1872270742358100,0.1804585152838430,0.0000024694323144,29.3482532751092000,2671.7358078602600000,No,N/A,N/A,N/A,N/A,N/A,N/A,N/A,N/A,N/A,N/A,N/A,N/A,N/A,N/A,N/A,N/A,N/A
Cement and concrete,Ready-mix,"Ready-mixed concrete, USA, Pacific Southwest, 5000 psi",CLF 2025 Material Baselines,https://buildingtransparency.org/ec3/epds/ec3qdmjm,0.94516129,Low-20th%,293,1,m3,N/A,N/A,N/A,1556764,CEMEX,FALSE,US Pacific Sothwest,2248.49,kg/m3,999,Placeholder,d_truck,Concrete,3,No,No,No,No,N/A,N/A,N/A,N/A,N/A,N/A,N/A,N/A,N/A,N/A,N/A,N/A,N/A,N/A,N/A,N/A,5000,regular,N/A,N/A,N/A,N/A,293,N/A,N/A,N/A,2.4479677419354800,0.3591612903225810,0.0000122870967742,52.5509677419355000,1082.2096774193500000,No,N/A,N/A,N/A,N/A,N/A,N/A,N/A,N/A,N/A,N/A,N/A,N/A,N/A,N/A,N/A,N/A,N/A
Cement and concrete,Ready-mix,"Ready-mixed concrete, USA, Pacific Southwest, 6000 psi",CLF 2025 Material Baselines,https://www.nrmca.org/wp-content/uploads/2022/02/NRMCA_LCAReportV3-2_20220224.pdf,1.00047404,Baseline,401,1,m3,Industry,single,industry data,"NRMCA ready-mixed concrete benchmark report (ASMI, 2021) ","Athena Sustainable Materials Institute. (2021). A Cradle-to-Gate Life Cycle Assessment of Ready-Mixed Concrete Manufactured by NRMCA Members - Version 3.2, Appendix C: NRMCA Member National and Regional LCA Benchmark (Industry Average) Report - V3.2 (pp. 51–101). National Ready Mixed Concrete Association (NRMCA).",FALSE,US Pacific Sothwest,2343.48,kg/m3,999,Placeholder,d_truck,Concrete,3,No,No,No,No,N/A,N/A,N/A,N/A,N/A,N/A,N/A,N/A,N/A,N/A,N/A,N/A,N/A,N/A,N/A,N/A,6000,regular,N/A,N/A,N/A,N/A,401,N/A,N/A,N/A,1.2906115116888300,0.4702227988323640,0.0000095545270827,29.3238941144183000,714.1383698011530000,No,N/A,N/A,N/A,N/A,N/A,N/A,N/A,N/A,N/A,N/A,N/A,N/A,N/A,N/A,N/A,N/A,N/A
Cement and concrete,Ready-mix,"Ready-mixed concrete, USA, Pacific Southwest, 6000 psi",CLF 2025 Material Baselines,https://buildingtransparency.org/ec3/epds/ec3tb6cw,0.936605317,High-80th%,458,1,m3,N/A,N/A,N/A,60934C,"Robertson's Ready Mix, Ltd.",FALSE,US Pacific Sothwest,2343.48,kg/m3,999,Placeholder,d_truck,Concrete,3,No,No,No,No,N/A,N/A,N/A,N/A,N/A,N/A,N/A,N/A,N/A,N/A,N/A,N/A,N/A,N/A,N/A,N/A,6000,regular,N/A,N/A,N/A,N/A,458,N/A,N/A,N/A,1.2737832310838400,0.5151329243353780,0.0000103963190184,27.6298568507157000,812.0368098159510000,No,N/A,N/A,N/A,N/A,N/A,N/A,N/A,N/A,N/A,N/A,N/A,N/A,N/A,N/A,N/A,N/A,N/A
Cement and concrete,Ready-mix,"Ready-mixed concrete, USA, Pacific Southwest, 6000 psi",CLF 2025 Material Baselines,https://buildingtransparency.org/ec3/epds/ec35d8my,0.954268293,Low-20th%,313,1,m3,N/A,N/A,N/A,1602302,CEMEX,FALSE,US Pacific Sothwest,2343.48,kg/m3,999,Placeholder,d_truck,Concrete,3,No,No,No,No,N/A,N/A,N/A,N/A,N/A,N/A,N/A,N/A,N/A,N/A,N/A,N/A,N/A,N/A,N/A,N/A,6000,regular,N/A,N/A,N/A,N/A,313,N/A,N/A,N/A,2.4429268292682900,0.4007926829268290,0.0000124054878049,52.1984756097561000,980.9878048780490000,No,N/A,N/A,N/A,N/A,N/A,N/A,N/A,N/A,N/A,N/A,N/A,N/A,N/A,N/A,N/A,N/A,N/A
Cement and concrete,Ready-mix,"Ready-mixed concrete, USA, Pacific Southwest, 8000 psi",CLF 2025 Material Baselines,https://www.nrmca.org/wp-content/uploads/2022/02/NRMCA_LCAReportV3-2_20220224.pdf,0.999057906,Baseline,456,1,m3,Industry,single,industry data,"NRMCA ready-mixed concrete benchmark report (ASMI, 2021) ","Athena Sustainable Materials Institute. (2021). A Cradle-to-Gate Life Cycle Assessment of Ready-Mixed Concrete Manufactured by NRMCA Members - Version 3.2, Appendix C: NRMCA Member National and Regional LCA Benchmark (Industry Average) Report - V3.2 (pp. 51–101). National Ready Mixed Concrete Association (NRMCA).",FALSE,US Pacific Sothwest,2341.12,kg/m3,999,Placeholder,d_truck,Concrete,3,No,No,No,No,N/A,N/A,N/A,N/A,N/A,N/A,N/A,N/A,N/A,N/A,N/A,N/A,N/A,N/A,N/A,N/A,8000,regular,N/A,N/A,N/A,N/A,456,N/A,N/A,N/A,1.4086716473500900,0.5295006901386850,0.0000106899195934,31.6801261967881000,748.1145411125470000,No,N/A,N/A,N/A,N/A,N/A,N/A,N/A,N/A,N/A,N/A,N/A,N/A,N/A,N/A,N/A,N/A,N/A
Cement and concrete,Ready-mix,"Ready-mixed concrete, USA, Pacific Southwest, 8000 psi",CLF 2025 Material Baselines,https://buildingtransparency.org/ec3/epds/ec311xkt,1.01010101,High-80th%,500,1,m3,N/A,N/A,N/A,Mix S99002,National Ready Mix,FALSE,US Pacific Sothwest,2341.12,kg/m3,999,Placeholder,d_truck,Concrete,3,No,No,No,No,N/A,N/A,N/A,N/A,N/A,N/A,N/A,N/A,N/A,N/A,N/A,N/A,N/A,N/A,N/A,N/A,8000,regular,N/A,N/A,N/A,N/A,500,N/A,N/A,N/A,1.3535353535353500,0.2020202020202020,0.0000026363636364,33.9393939393939000,3061.6161616161600000,No,N/A,N/A,N/A,N/A,N/A,N/A,N/A,N/A,N/A,N/A,N/A,N/A,N/A,N/A,N/A,N/A,N/A
Cement and concrete,Ready-mix,"Ready-mixed concrete, USA, Pacific Southwest, 8000 psi",CLF 2025 Material Baselines,https://buildingtransparency.org/ec3/epds/ec3m59jq,0.991071429,Low-20th%,333,1,m3,N/A,N/A,N/A,P7A5V2QD,Central Concrete,FALSE,US Pacific Sothwest,2341.12,kg/m3,999,Placeholder,d_truck,Concrete,3,No,No,No,No,N/A,N/A,N/A,N/A,N/A,N/A,N/A,N/A,N/A,N/A,N/A,N/A,N/A,N/A,N/A,N/A,8000,regular,N/A,N/A,N/A,N/A,333,N/A,N/A,N/A,2.2299107142857100,0.4162500000000000,0.0000118928571429,47.1750000000000000,N/A,No,N/A,N/A,N/A,N/A,N/A,N/A,N/A,N/A,N/A,N/A,N/A,N/A,N/A,N/A,N/A,N/A,N/A
Cement and concrete,Ready-mix,"Ready-mixed concrete, USA, Pacific Southwest, 9000 psi",CLF 2025 Material Baselines,"Collection of product EPDs, unweighted average. (https://buildingtransparency.org/ec3/epds/ec3a2g54)",1.274052478,Baseline,437,1,m3,Product,unweighted,qualitative,"Collection of product EPDs , unweighted average. ","97AZ12K2, Central Concrete",FALSE,US Pacific Sothwest,2400,kg/m3,999,Placeholder,d_truck,Concrete,3,No,No,No,No,N/A,N/A,N/A,N/A,N/A,N/A,N/A,N/A,N/A,N/A,N/A,N/A,N/A,N/A,N/A,N/A,9000,regular,N/A,N/A,N/A,N/A,437,N/A,N/A,N/A,3.6055685131195300,0.5605830903790090,0.0000178367346939,78.9912536443149000,1378.5247813411100000,No,N/A,N/A,N/A,N/A,N/A,N/A,N/A,N/A,N/A,N/A,N/A,N/A,N/A,N/A,N/A,N/A,N/A
Cement and concrete,Ready-mix,"Ready-mixed concrete, USA, Pacific Southwest, 9000 psi",CLF 2025 Material Baselines,https://buildingtransparency.org/ec3/epds/ec3xmad9,1.155462185,High-80th%,550,1,m3,N/A,N/A,N/A,H50H15P2,Central Concrete,FALSE,US Pacific Sothwest,2400,kg/m3,999,Placeholder,d_truck,Concrete,3,No,No,No,No,N/A,N/A,N/A,N/A,N/A,N/A,N/A,N/A,N/A,N/A,N/A,N/A,N/A,N/A,N/A,N/A,9000,regular,N/A,N/A,N/A,N/A,550,N/A,N/A,N/A,2.5073529411764700,0.6817226890756300,0.0000161764705882,54.4222689075630000,N/A,No,N/A,N/A,N/A,N/A,N/A,N/A,N/A,N/A,N/A,N/A,N/A,N/A,N/A,N/A,N/A,N/A,N/A
Cement and concrete,Ready-mix,"Ready-mixed concrete, USA, Pacific Southwest, 9000 psi",CLF 2025 Material Baselines,https://buildingtransparency.org/ec3/epds/ec36jxg1,1.017793594,Low-20th%,286,1,m3,N/A,N/A,N/A,1547042,CEMEX,FALSE,US Pacific Sothwest,2400,kg/m3,999,Placeholder,d_truck,Concrete,3,No,No,No,No,N/A,N/A,N/A,N/A,N/A,N/A,N/A,N/A,N/A,N/A,N/A,N/A,N/A,N/A,N/A,N/A,9000,regular,N/A,N/A,N/A,N/A,286,N/A,N/A,N/A,1.5063345195729500,0.3358718861209960,0.0000090583629893,31.9587188612100000,844.7686832740210000,No,N/A,N/A,N/A,N/A,N/A,N/A,N/A,N/A,N/A,N/A,N/A,N/A,N/A,N/A,N/A,N/A,N/A
Cement and concrete,Ready-mix,"Ready-mixed concrete, USA, Pacific Southwest, 10,000 psi",CLF 2025 Material Baselines,"Collection of product EPDs , unweighted average. (https://buildingtransparency.org/ec3/epds/ec3fbu2g)",1.017278618,Baseline,471,1,m3,Product,unweighted,qualitative,"Collection of product EPDs , unweighted average. ","1617410, CEMEX ",FALSE,US Pacific Sothwest,2400,kg/m3,999,Placeholder,d_truck,Concrete,3,No,No,No,No,N/A,N/A,N/A,N/A,N/A,N/A,N/A,N/A,N/A,N/A,N/A,N/A,N/A,N/A,N/A,N/A,10000,regular,N/A,N/A,N/A,N/A,471,N/A,N/A,N/A,2.4618142548596100,0.5595032397408210,0.0000132246220302,55.0347732181426000,1250.2354211663100000,No,N/A,N/A,N/A,N/A,N/A,N/A,N/A,N/A,N/A,N/A,N/A,N/A,N/A,N/A,N/A,N/A,N/A
Cement and concrete,Ready-mix,"Ready-mixed concrete, USA, Pacific Southwest, 10,000 psi",CLF 2025 Material Baselines,https://buildingtransparency.org/ec3/epds/ec33f66f,1.079847909,High-80th%,568,1,m3,N/A,N/A,N/A,1617640,CEMEX,FALSE,US Pacific Sothwest,2400,kg/m3,999,Placeholder,d_truck,Concrete,3,No,No,No,No,N/A,N/A,N/A,N/A,N/A,N/A,N/A,N/A,N/A,N/A,N/A,N/A,N/A,N/A,N/A,N/A,10000,regular,N/A,N/A,N/A,N/A,568,N/A,N/A,N/A,1.8681368821292800,0.3239543726235740,0.0000107984790875,40.4942965779468000,3649.8859315589400000,No,N/A,N/A,N/A,N/A,N/A,N/A,N/A,N/A,N/A,N/A,N/A,N/A,N/A,N/A,N/A,N/A,N/A
Cement and concrete,Ready-mix,"Ready-mixed concrete, USA, Pacific Southwest, 10,000 psi",CLF 2025 Material Baselines,https://buildingtransparency.org/ec3/epds/ec3q3s99,1,Low-20th%,396,1,m3,N/A,N/A,N/A,1605265,CEMEX,FALSE,US Pacific Sothwest,2400,kg/m3,999,Placeholder,d_truck,Concrete,3,No,No,No,No,N/A,N/A,N/A,N/A,N/A,N/A,N/A,N/A,N/A,N/A,N/A,N/A,N/A,N/A,N/A,N/A,10000,regular,N/A,N/A,N/A,N/A,396,N/A,N/A,N/A,2.5500000000000000,0.4900000000000000,0.0000130000000000,55.3000000000000000,1077.0000000000000000,No,N/A,N/A,N/A,N/A,N/A,N/A,N/A,N/A,N/A,N/A,N/A,N/A,N/A,N/A,N/A,N/A,N/A
Cement and concrete,Ready-mix,"Ready-mixed concrete, USA, Pacific Southwest, LW 3000 psi",CLF 2025 Material Baselines,https://www.nrmca.org/wp-content/uploads/2022/02/NRMCA_LCAReportV3-2_20220224.pdf,1.000240058,Baseline,500,1,m3,Industry,single,industry data,"NRMCA ready-mixed concrete benchmark report (ASMI, 2021) ","Athena Sustainable Materials Institute. (2021). A Cradle-to-Gate Life Cycle Assessment of Ready-Mixed Concrete Manufactured by NRMCA Members - Version 3.2, Appendix C: NRMCA Member National and Regional LCA Benchmark (Industry Average) Report - V3.2 (pp. 51–101). National Ready Mixed Concrete Association (NRMCA).",FALSE,US Pacific Sothwest,1333.4,kg/m3,999,Placeholder,d_truck,Concrete,3,No,No,No,No,N/A,N/A,N/A,N/A,N/A,N/A,N/A,N/A,N/A,N/A,N/A,N/A,N/A,N/A,N/A,N/A,3000,light weight,N/A,N/A,N/A,N/A,500,N/A,N/A,N/A,2.5506121469152600,0.8502040489717530,0.0000173041529967,37.7190525726174000,2630.3012723053500000,No,N/A,N/A,N/A,N/A,N/A,N/A,N/A,N/A,N/A,N/A,N/A,N/A,N/A,N/A,N/A,N/A,N/A
Cement and concrete,Ready-mix,"Ready-mixed concrete, USA, Pacific Southwest, LW 3000 psi",CLF 2025 Material Baselines,https://buildingtransparency.org/ec3/epds/ec3upngg,0.979816514,High-80th%,534,1,m3,N/A,N/A,N/A,L64E75301,National Ready Mix,FALSE,US Pacific Sothwest,1333.4,kg/m3,999,Placeholder,d_truck,Concrete,3,No,No,No,No,N/A,N/A,N/A,N/A,N/A,N/A,N/A,N/A,N/A,N/A,N/A,N/A,N/A,N/A,N/A,N/A,3000,light weight,N/A,N/A,N/A,N/A,534,N/A,N/A,N/A,2.1849908256880700,0.3331376146788990,0.0000225357798165,35.7633027522936000,4429.7504587156000000,No,N/A,N/A,N/A,N/A,N/A,N/A,N/A,N/A,N/A,N/A,N/A,N/A,N/A,N/A,N/A,N/A,N/A
Cement and concrete,Ready-mix,"Ready-mixed concrete, USA, Pacific Southwest, LW 3000 psi",CLF 2025 Material Baselines,https://buildingtransparency.org/ec3/epds/ec3a44ky,0.876477149,Low-20th%,297,1,m3,N/A,N/A,N/A,L30PL8C8,Central Concrete,FALSE,US Pacific Sothwest,1333.4,kg/m3,999,Placeholder,d_truck,Concrete,3,No,No,No,No,N/A,N/A,N/A,N/A,N/A,N/A,N/A,N/A,N/A,N/A,N/A,N/A,N/A,N/A,N/A,N/A,3000,light weight,N/A,N/A,N/A,N/A,297,N/A,N/A,N/A,0.9860661515193190,0.3518502066433570,0.0000064363443734,22.5223537133186000,652.0590448860380000,No,N/A,N/A,N/A,N/A,N/A,N/A,N/A,N/A,N/A,N/A,N/A,N/A,N/A,N/A,N/A,N/A,N/A
Cement and concrete,Ready-mix,"Ready-mixed concrete, USA, Pacific Southwest, LW 4000 psi",CLF 2025 Material Baselines,https://www.nrmca.org/wp-content/uploads/2022/02/NRMCA_LCAReportV3-2_20220224.pdf,0.999871811,Baseline,546,1,m3,Industry,single,industry data,"NRMCA ready-mixed concrete benchmark report (ASMI, 2021) ","Athena Sustainable Materials Institute. (2021). A Cradle-to-Gate Life Cycle Assessment of Ready-Mixed Concrete Manufactured by NRMCA Members - Version 3.2, Appendix C: NRMCA Member National and Regional LCA Benchmark (Industry Average) Report - V3.2 (pp. 51–101). National Ready Mixed Concrete Association (NRMCA).",FALSE,US Pacific Sothwest,1328.68,kg/m3,999,Placeholder,d_truck,Concrete,3,No,No,No,No,N/A,N/A,N/A,N/A,N/A,N/A,N/A,N/A,N/A,N/A,N/A,N/A,N/A,N/A,N/A,N/A,4000,light weight,N/A,N/A,N/A,N/A,546,N/A,N/A,N/A,2.6596590180746100,0.8998846301756180,0.0000183976413280,39.6849121907448000,2677.6767081143400000,No,N/A,N/A,N/A,N/A,N/A,N/A,N/A,N/A,N/A,N/A,N/A,N/A,N/A,N/A,N/A,N/A,N/A
Cement and concrete,Ready-mix,"Ready-mixed concrete, USA, Pacific Southwest, LW 4000 psi",CLF 2025 Material Baselines,https://buildingtransparency.org/ec3/epds/ec34d4tg,0.984429066,High-80th%,569,1,m3,N/A,N/A,N/A,Mix 613901,"Robertson's Ready Mix, Ltd.",FALSE,US Pacific Sothwest,1328.68,kg/m3,999,Placeholder,d_truck,Concrete,3,No,No,No,No,N/A,N/A,N/A,N/A,N/A,N/A,N/A,N/A,N/A,N/A,N/A,N/A,N/A,N/A,N/A,N/A,4000,light weight,N/A,N/A,N/A,N/A,569,N/A,N/A,N/A,2.2937197231833900,0.5906574394463670,0.0000296313148789,37.4083044982699000,2940.4896193771600000,No,N/A,N/A,N/A,N/A,N/A,N/A,N/A,N/A,N/A,N/A,N/A,N/A,N/A,N/A,N/A,N/A,N/A
Cement and concrete,Ready-mix,"Ready-mixed concrete, USA, Pacific Southwest, LW 4000 psi",CLF 2025 Material Baselines,https://buildingtransparency.org/ec3/epds/ec3z9gua,0.99204244,Low-20th%,374,1,m3,N/A,N/A,N/A,Mix L40PL2P8,Central Concrete,FALSE,US Pacific Sothwest,1328.68,kg/m3,999,Placeholder,d_truck,Concrete,3,No,No,No,No,N/A,N/A,N/A,N/A,N/A,N/A,N/A,N/A,N/A,N/A,N/A,N/A,N/A,N/A,N/A,N/A,4000,light weight,N/A,N/A,N/A,N/A,374,N/A,N/A,N/A,2.2717771883289100,0.4662599469496020,0.0000109124668435,49.8997347480106000,1062.4774535809000000,No,N/A,N/A,N/A,N/A,N/A,N/A,N/A,N/A,N/A,N/A,N/A,N/A,N/A,N/A,N/A,N/A,N/A
Cement and concrete,Ready-mix,"Ready-mixed concrete, USA, Pacific Southwest, LW 5000 psi",CLF 2025 Material Baselines,https://www.nrmca.org/wp-content/uploads/2022/02/NRMCA_LCAReportV3-2_20220224.pdf,1.000471603,Baseline,594,1,m3,Industry,single,industry data,"NRMCA ready-mixed concrete benchmark report (ASMI, 2021) ","Athena Sustainable Materials Institute. (2021). A Cradle-to-Gate Life Cycle Assessment of Ready-Mixed Concrete Manufactured by NRMCA Members - Version 3.2, Appendix C: NRMCA Member National and Regional LCA Benchmark (Industry Average) Report - V3.2 (pp. 51–101). National Ready Mixed Concrete Association (NRMCA).",FALSE,US Pacific Sothwest,1313.93,kg/m3,999,Placeholder,d_truck,Concrete,3,No,No,No,No,N/A,N/A,N/A,N/A,N/A,N/A,N/A,N/A,N/A,N/A,N/A,N/A,N/A,N/A,N/A,N/A,5000,light weight,N/A,N/A,N/A,N/A,594,N/A,N/A,N/A,2.7813110557165000,0.9604527386646900,0.0000195091962541,41.7696894158863000,2754.4884120460800000,No,N/A,N/A,N/A,N/A,N/A,N/A,N/A,N/A,N/A,N/A,N/A,N/A,N/A,N/A,N/A,N/A,N/A
Cement and concrete,Ready-mix,"Ready-mixed concrete, USA, Pacific Southwest, LW 5000 psi",CLF 2025 Material Baselines,https://buildingtransparency.org/ec3/epds/ec3rhegz,1.003696858,High-80th%,543,1,m3,N/A,N/A,N/A,Mix L90E539T1,National Ready Mix,FALSE,US Pacific Sothwest,1313.93,kg/m3,999,Placeholder,d_truck,Concrete,3,No,No,No,No,N/A,N/A,N/A,N/A,N/A,N/A,N/A,N/A,N/A,N/A,N/A,N/A,N/A,N/A,N/A,N/A,5000,light weight,N/A,N/A,N/A,N/A,543,N/A,N/A,N/A,2.9006839186691300,0.3914417744916820,0.0000246909426987,52.6940850277264000,4450.3918669131200000,No,N/A,N/A,N/A,N/A,N/A,N/A,N/A,N/A,N/A,N/A,N/A,N/A,N/A,N/A,N/A,N/A,N/A
Cement and concrete,Ready-mix,"Ready-mixed concrete, USA, Pacific Southwest, LW 5000 psi",CLF 2025 Material Baselines,https://buildingtransparency.org/ec3/epds/ec36nduu,1.016224262,Low-20th%,447,1,m3,N/A,N/A,N/A,18061S50,"Bristol Management Services, Inc.",FALSE,US Pacific Sothwest,1313.93,kg/m3,999,Placeholder,d_truck,Concrete,3,No,No,No,No,N/A,N/A,N/A,N/A,N/A,N/A,N/A,N/A,N/A,N/A,N/A,N/A,N/A,N/A,N/A,N/A,5000,light weight,N/A,N/A,N/A,N/A,447,N/A,N/A,N/A,2.2461422903120600,0.4946799661881860,0.0000316045745413,30.0362528732513000,2693.3153443610700000,No,N/A,N/A,N/A,N/A,N/A,N/A,N/A,N/A,N/A,N/A,N/A,N/A,N/A,N/A,N/A,N/A,N/A
Cement and concrete,Ready-mix,"Ready-mixed concrete, USA, Pacific Northwest, 2500 psi",CLF 2025 Material Baselines,https://www.nrmca.org/wp-content/uploads/2022/02/NRMCA_LCAReportV3-2_20220224.pdf,0.998046377,Baseline,235,1,m3,Industry,single,industry data,"NRMCA ready-mixed concrete benchmark report (ASMI, 2021) ","Athena Sustainable Materials Institute. (2021). A Cradle-to-Gate Life Cycle Assessment of Ready-Mixed Concrete Manufactured by NRMCA Members - Version 3.2, Appendix C: NRMCA Member National and Regional LCA Benchmark (Industry Average) Report - V3.2 (pp. 51–101). National Ready Mixed Concrete Association (NRMCA).",FALSE,US Pacific Northwest,2370.62,kg/m3,999,Placeholder,d_truck,Concrete,3,No,No,No,No,N/A,N/A,N/A,N/A,N/A,N/A,N/A,N/A,N/A,N/A,N/A,N/A,N/A,N/A,N/A,N/A,2500,regular,N/A,N/A,N/A,N/A,235,N/A,N/A,N/A,0.6287692177015200,0.2195702030068800,0.0000047706616835,14.4616920071350000,319.8938248534780000,No,N/A,N/A,N/A,N/A,N/A,N/A,N/A,N/A,N/A,N/A,N/A,N/A,N/A,N/A,N/A,N/A,N/A
Cement and concrete,Ready-mix,"Ready-mixed concrete, USA, Pacific Northwest, 2500 psi",CLF 2025 Material Baselines,https://buildingtransparency.org/ec3/epds/ec3qhyck,0.932352941,High-80th%,317,1,m3,N/A,N/A,N/A,Mix J3800A1D,Corliss,FALSE,US Pacific Northwest,2370.62,kg/m3,999,Placeholder,d_truck,Concrete,3,No,No,No,No,N/A,N/A,N/A,N/A,N/A,N/A,N/A,N/A,N/A,N/A,N/A,N/A,N/A,N/A,N/A,N/A,2500,regular,N/A,N/A,N/A,N/A,317,N/A,N/A,N/A,1.2680000000000000,0.3170000000000000,0.0000099761764706,35.9888235294118000,1621.3617647058800000,No,N/A,N/A,N/A,N/A,N/A,N/A,N/A,N/A,N/A,N/A,N/A,N/A,N/A,N/A,N/A,N/A,N/A
Cement and concrete,Ready-mix,"Ready-mixed concrete, USA, Pacific Northwest, 2500 psi",CLF 2025 Material Baselines,https://buildingtransparency.org/ec3/epds/ec3zxux3,1.04,Low-20th%,208,1,m3,N/A,N/A,N/A,Mix 1308242,Heidelberg Materials,FALSE,US Pacific Northwest,2370.62,kg/m3,999,Placeholder,d_truck,Concrete,3,No,No,No,No,N/A,N/A,N/A,N/A,N/A,N/A,N/A,N/A,N/A,N/A,N/A,N/A,N/A,N/A,N/A,N/A,2500,regular,N/A,N/A,N/A,N/A,208,N/A,N/A,N/A,1.1960000000000000,0.2392000000000000,0.0000075816000000,31.0960000000000000,1208.4800000000000000,No,N/A,N/A,N/A,N/A,N/A,N/A,N/A,N/A,N/A,N/A,N/A,N/A,N/A,N/A,N/A,N/A,N/A
Cement and concrete,Ready-mix,"Ready-mixed concrete, USA, Pacific Northwest, 3000 psi",CLF 2025 Material Baselines,https://www.nrmca.org/wp-content/uploads/2022/02/NRMCA_LCAReportV3-2_20220224.pdf,0.998546178,Baseline,261,1,m3,Industry,single,industry data,"NRMCA ready-mixed concrete benchmark report (ASMI, 2021) ","Athena Sustainable Materials Institute. (2021). A Cradle-to-Gate Life Cycle Assessment of Ready-Mixed Concrete Manufactured by NRMCA Members - Version 3.2, Appendix C: NRMCA Member National and Regional LCA Benchmark (Industry Average) Report - V3.2 (pp. 51–101). National Ready Mixed Concrete Association (NRMCA).",FALSE,US Pacific Northwest,2368.26,kg/m3,999,Placeholder,d_truck,Concrete,3,No,No,No,No,N/A,N/A,N/A,N/A,N/A,N/A,N/A,N/A,N/A,N/A,N/A,N/A,N/A,N/A,N/A,N/A,3000,regular,N/A,N/A,N/A,N/A,261,N/A,N/A,N/A,0.8986915601805800,0.3195347769530950,0.0000067901140103,20.6099931134746000,446.6796617950880000,No,N/A,N/A,N/A,N/A,N/A,N/A,N/A,N/A,N/A,N/A,N/A,N/A,N/A,N/A,N/A,N/A,N/A
Cement and concrete,Ready-mix,"Ready-mixed concrete, USA, Pacific Northwest, 3000 psi",CLF 2025 Material Baselines,https://buildingtransparency.org/ec3/epds/ec3gukwm,1.038690476,High-80th%,349,1,m3,N/A,N/A,N/A,Mix 322555205B,American Rock Products,FALSE,US Pacific Northwest,2368.26,kg/m3,999,Placeholder,d_truck,Concrete,3,No,No,No,No,N/A,N/A,N/A,N/A,N/A,N/A,N/A,N/A,N/A,N/A,N/A,N/A,N/A,N/A,N/A,N/A,3000,regular,N/A,N/A,N/A,N/A,349,N/A,N/A,N/A,1.1737202380952400,0.3531547619047620,0.0000068761309524,26.7982142857143000,2284.0803571428600000,No,N/A,N/A,N/A,N/A,N/A,N/A,N/A,N/A,N/A,N/A,N/A,N/A,N/A,N/A,N/A,N/A,N/A
Cement and concrete,Ready-mix,"Ready-mixed concrete, USA, Pacific Northwest, 3000 psi",CLF 2025 Material Baselines,https://buildingtransparency.org/ec3/epds/ec36dtjg,1.013636364,Low-20th%,223,1,m3,N/A,N/A,N/A,Mix 1336951C,Heidelberg Materials,FALSE,US Pacific Northwest,2368.26,kg/m3,999,Placeholder,d_truck,Concrete,3,No,No,No,No,N/A,N/A,N/A,N/A,N/A,N/A,N/A,N/A,N/A,N/A,N/A,N/A,N/A,N/A,N/A,N/A,3000,regular,N/A,N/A,N/A,N/A,223,N/A,N/A,N/A,1.1150000000000000,0.2432727272727270,0.0000071157272727,31.0172727272727000,1318.7409090909100000,No,N/A,N/A,N/A,N/A,N/A,N/A,N/A,N/A,N/A,N/A,N/A,N/A,N/A,N/A,N/A,N/A,N/A
Cement and concrete,Ready-mix,"Ready-mixed concrete, USA, Pacific Northwest, 4000 psi",CLF 2025 Material Baselines,https://www.nrmca.org/wp-content/uploads/2022/02/NRMCA_LCAReportV3-2_20220224.pdf,0.99854642,Baseline,316,1,m3,Industry,single,industry data,"NRMCA ready-mixed concrete benchmark report (ASMI, 2021) ","Athena Sustainable Materials Institute. (2021). A Cradle-to-Gate Life Cycle Assessment of Ready-Mixed Concrete Manufactured by NRMCA Members - Version 3.2, Appendix C: NRMCA Member National and Regional LCA Benchmark (Industry Average) Report - V3.2 (pp. 51–101). National Ready Mixed Concrete Association (NRMCA).",FALSE,US Pacific Northwest,2384.78,kg/m3,999,Placeholder,d_truck,Concrete,3,No,No,No,No,N/A,N/A,N/A,N/A,N/A,N/A,N/A,N/A,N/A,N/A,N/A,N/A,N/A,N/A,N/A,N/A,4000,regular,N/A,N/A,N/A,N/A,316,N/A,N/A,N/A,1.0584592049548100,0.3794476395121030,0.0000079783858940,24.2147506793908000,507.8007963091700000,No,N/A,N/A,N/A,N/A,N/A,N/A,N/A,N/A,N/A,N/A,N/A,N/A,N/A,N/A,N/A,N/A,N/A
Cement and concrete,Ready-mix,"Ready-mixed concrete, USA, Pacific Northwest, 4000 psi",CLF 2025 Material Baselines,https://buildingtransparency.org/ec3/epds/ec3nak8n,1.018617021,High-80th%,383,1,m3,N/A,N/A,N/A,Mix 314365,RiverBend Materials,FALSE,US Pacific Northwest,2384.78,kg/m3,999,Placeholder,d_truck,Concrete,3,No,No,No,No,N/A,N/A,N/A,N/A,N/A,N/A,N/A,N/A,N/A,N/A,N/A,N/A,N/A,N/A,N/A,N/A,4000,regular,N/A,N/A,N/A,N/A,383,N/A,N/A,N/A,2.4650531914893600,0.4583776595744680,0.0000090045744681,63.1542553191489000,1487.1808510638300000,No,N/A,N/A,N/A,N/A,N/A,N/A,N/A,N/A,N/A,N/A,N/A,N/A,N/A,N/A,N/A,N/A,N/A
Cement and concrete,Ready-mix,"Ready-mixed concrete, USA, Pacific Northwest, 4000 psi",CLF 2025 Material Baselines,https://buildingtransparency.org/ec3/epds/ec3kn6hc,0.996062992,Low-20th%,253,1,m3,N/A,N/A,N/A,Mix 12400FB,Miles Sand & Gravel Company,FALSE,US Pacific Northwest,2384.78,kg/m3,999,Placeholder,d_truck,Concrete,3,No,No,No,No,N/A,N/A,N/A,N/A,N/A,N/A,N/A,N/A,N/A,N/A,N/A,N/A,N/A,N/A,N/A,N/A,4000,regular,N/A,N/A,N/A,N/A,253,N/A,N/A,N/A,1.3446850393700800,0.3087795275590550,0.0000085262992126,34.9618110236220000,1565.8110236220500000,No,N/A,N/A,N/A,N/A,N/A,N/A,N/A,N/A,N/A,N/A,N/A,N/A,N/A,N/A,N/A,N/A,N/A
Cement and concrete,Ready-mix,"Ready-mixed concrete, USA, Pacific Northwest, 5000 psi",CLF 2025 Material Baselines,https://www.nrmca.org/wp-content/uploads/2022/02/NRMCA_LCAReportV3-2_20220224.pdf,0.999715107,Baseline,386,1,m3,Industry,single,industry data,"NRMCA ready-mixed concrete benchmark report (ASMI, 2021) ","Athena Sustainable Materials Institute. (2021). A Cradle-to-Gate Life Cycle Assessment of Ready-Mixed Concrete Manufactured by NRMCA Members - Version 3.2, Appendix C: NRMCA Member National and Regional LCA Benchmark (Industry Average) Report - V3.2 (pp. 51–101). National Ready Mixed Concrete Association (NRMCA).",FALSE,US Pacific Northwest,2371.21,kg/m3,999,Placeholder,d_truck,Concrete,3,No,No,No,No,N/A,N/A,N/A,N/A,N/A,N/A,N/A,N/A,N/A,N/A,N/A,N/A,N/A,N/A,N/A,N/A,5000,regular,N/A,N/A,N/A,N/A,386,N/A,N/A,N/A,1.2596410349382300,0.4598689492631630,0.0000094673020642,28.7518064800187000,588.9121752868350000,No,N/A,N/A,N/A,N/A,N/A,N/A,N/A,N/A,N/A,N/A,N/A,N/A,N/A,N/A,N/A,N/A,N/A
Cement and concrete,Ready-mix,"Ready-mixed concrete, USA, Pacific Northwest, 5000 psi",CLF 2025 Material Baselines,https://buildingtransparency.org/ec3/epds/ec3d1bfn,1.012224939,High-80th%,414,1,m3,N/A,N/A,N/A,Mix 390580,RiverBend Materials,FALSE,US Pacific Northwest,2371.21,kg/m3,999,Placeholder,d_truck,Concrete,3,No,No,No,No,N/A,N/A,N/A,N/A,N/A,N/A,N/A,N/A,N/A,N/A,N/A,N/A,N/A,N/A,N/A,N/A,5000,regular,N/A,N/A,N/A,N/A,414,N/A,N/A,N/A,2.6419070904645500,0.4959902200489000,0.0000096566259169,67.8190709046455000,1601.3398533007300000,No,N/A,N/A,N/A,N/A,N/A,N/A,N/A,N/A,N/A,N/A,N/A,N/A,N/A,N/A,N/A,N/A,N/A
Cement and concrete,Ready-mix,"Ready-mixed concrete, USA, Pacific Northwest, 5000 psi",CLF 2025 Material Baselines,https://buildingtransparency.org/ec3/epds/ec3mmgfk,0.977777778,Low-20th%,264,1,m3,N/A,N/A,N/A,Mix 1599924,Heidelberg Materials,FALSE,US Pacific Northwest,2371.21,kg/m3,999,Placeholder,d_truck,Concrete,3,No,No,No,No,N/A,N/A,N/A,N/A,N/A,N/A,N/A,N/A,N/A,N/A,N/A,N/A,N/A,N/A,N/A,N/A,5000,regular,N/A,N/A,N/A,N/A,264,N/A,N/A,N/A,1.3884444444444400,0.2835555555555560,0.0000092400000000,36.1777777777778000,1466.6666666666700000,No,N/A,N/A,N/A,N/A,N/A,N/A,N/A,N/A,N/A,N/A,N/A,N/A,N/A,N/A,N/A,N/A,N/A
Cement and concrete,Ready-mix,"Ready-mixed concrete, USA, Pacific Northwest, 6000 psi",CLF 2025 Material Baselines,https://www.nrmca.org/wp-content/uploads/2022/02/NRMCA_LCAReportV3-2_20220224.pdf,0.999975491,Baseline,408,1,m3,Industry,single,industry data,"NRMCA ready-mixed concrete benchmark report (ASMI, 2021) ","Athena Sustainable Materials Institute. (2021). A Cradle-to-Gate Life Cycle Assessment of Ready-Mixed Concrete Manufactured by NRMCA Members - Version 3.2, Appendix C: NRMCA Member National and Regional LCA Benchmark (Industry Average) Report - V3.2 (pp. 51–101). National Ready Mixed Concrete Association (NRMCA).",FALSE,US Pacific Northwest,2469.74,kg/m3,999,Placeholder,d_truck,Concrete,3,No,No,No,No,N/A,N/A,N/A,N/A,N/A,N/A,N/A,N/A,N/A,N/A,N/A,N/A,N/A,N/A,N/A,N/A,6000,regular,N/A,N/A,N/A,N/A,408,N/A,N/A,N/A,1.3299674027597400,0.4799882355824610,0.0000099797553982,30.2692581064190000,617.7448591946280000,No,N/A,N/A,N/A,N/A,N/A,N/A,N/A,N/A,N/A,N/A,N/A,N/A,N/A,N/A,N/A,N/A,N/A
Cement and concrete,Ready-mix,"Ready-mixed concrete, USA, Pacific Northwest, 6000 psi",CLF 2025 Material Baselines,https://buildingtransparency.org/ec3/epds/ec34s2rj,0.972789116,High-80th%,429,1,m3,N/A,N/A,N/A,1314972,Heidelberg Materials,FALSE,US Pacific Northwest,2469.74,kg/m3,999,Placeholder,d_truck,Concrete,3,No,No,No,No,N/A,N/A,N/A,N/A,N/A,N/A,N/A,N/A,N/A,N/A,N/A,N/A,N/A,N/A,N/A,N/A,6000,regular,N/A,N/A,N/A,N/A,429,N/A,N/A,N/A,1.1770748299319700,0.4961224489795920,0.0000097278911565,25.6816326530612000,702.3537414965990000,No,N/A,N/A,N/A,N/A,N/A,N/A,N/A,N/A,N/A,N/A,N/A,N/A,N/A,N/A,N/A,N/A,N/A
Cement and concrete,Ready-mix,"Ready-mixed concrete, USA, Pacific Northwest, 6000 psi",CLF 2025 Material Baselines,https://buildingtransparency.org/ec3/epds/ec3ewgth,0.969178082,Low-20th%,283,1,m3,N/A,N/A,N/A,Mix P2D34448S,Cadman Inc,FALSE,US Pacific Northwest,2469.74,kg/m3,999,Placeholder,d_truck,Concrete,3,No,No,No,No,N/A,N/A,N/A,N/A,N/A,N/A,N/A,N/A,N/A,N/A,N/A,N/A,N/A,N/A,N/A,N/A,6000,regular,N/A,N/A,N/A,N/A,283,N/A,N/A,N/A,1.3277739726027400,0.2907534246575340,0.0000084124657534,36.4410958904110000,1723.1986301369900000,No,N/A,N/A,N/A,N/A,N/A,N/A,N/A,N/A,N/A,N/A,N/A,N/A,N/A,N/A,N/A,N/A,N/A
Cement and concrete,Ready-mix,"Ready-mixed concrete, USA, Pacific Northwest, 8000 psi",CLF 2025 Material Baselines,https://www.nrmca.org/wp-content/uploads/2022/02/NRMCA_LCAReportV3-2_20220224.pdf,0.999158819,Baseline,487,1,m3,Industry,single,industry data,"NRMCA ready-mixed concrete benchmark report (ASMI, 2021) ","Athena Sustainable Materials Institute. (2021). A Cradle-to-Gate Life Cycle Assessment of Ready-Mixed Concrete Manufactured by NRMCA Members - Version 3.2, Appendix C: NRMCA Member National and Regional LCA Benchmark (Industry Average) Report - V3.2 (pp. 51–101). National Ready Mixed Concrete Association (NRMCA).",FALSE,US Pacific Northwest,2463.84,kg/m3,999,Placeholder,d_truck,Concrete,3,No,No,No,No,N/A,N/A,N/A,N/A,N/A,N/A,N/A,N/A,N/A,N/A,N/A,N/A,N/A,N/A,N/A,N/A,8000,regular,N/A,N/A,N/A,N/A,487,N/A,N/A,N/A,1.5586877577398900,0.5695205268664980,0.0000116901581830,35.4201801358199000,703.4377833856510000,No,N/A,N/A,N/A,N/A,N/A,N/A,N/A,N/A,N/A,N/A,N/A,N/A,N/A,N/A,N/A,N/A,N/A
Cement and concrete,Ready-mix,"Ready-mixed concrete, USA, Pacific Northwest, 8000 psi",CLF 2025 Material Baselines,https://buildingtransparency.org/ec3/epds/ec3e8bkh,1.009803922,High-80th%,515,1,m3,N/A,N/A,N/A,Mix 390629,RiverBend Materials,FALSE,US Pacific Northwest,2463.84,kg/m3,999,Placeholder,d_truck,Concrete,3,No,No,No,No,N/A,N/A,N/A,N/A,N/A,N/A,N/A,N/A,N/A,N/A,N/A,N/A,N/A,N/A,N/A,N/A,8000,regular,N/A,N/A,N/A,N/A,515,N/A,N/A,N/A,3.2616666666666700,0.5957843137254900,0.0000119156862745,83.7127450980392000,1851.9803921568600000,No,N/A,N/A,N/A,N/A,N/A,N/A,N/A,N/A,N/A,N/A,N/A,N/A,N/A,N/A,N/A,N/A,N/A
Cement and concrete,Ready-mix,"Ready-mixed concrete, USA, Pacific Northwest, 8000 psi",CLF 2025 Material Baselines,https://buildingtransparency.org/ec3/epds/ec3t5hk1,0.962616822,Low-20th%,309,1,m3,N/A,N/A,N/A,PECC8K,Heidelberg Materials,FALSE,US Pacific Northwest,2463.84,kg/m3,999,Placeholder,d_truck,Concrete,3,No,No,No,No,N/A,N/A,N/A,N/A,N/A,N/A,N/A,N/A,N/A,N/A,N/A,N/A,N/A,N/A,N/A,N/A,8000,regular,N/A,N/A,N/A,N/A,309,N/A,N/A,N/A,1.3476635514018700,0.3176635514018690,0.0000092411214953,36.8682242990654000,1786.6168224299100000,No,N/A,N/A,N/A,N/A,N/A,N/A,N/A,N/A,N/A,N/A,N/A,N/A,N/A,N/A,N/A,N/A,N/A
Cement and concrete,Ready-mix,"Ready-mixed concrete, USA, Pacific Northwest, 9000 psi",CLF 2025 Material Baselines,"Collection of product EPDs, unweighted average. (https://buildingtransparency.org/ec3/epds/ec3gqn0x)",1.00265252,Baseline,378,1,m3,Product,unweighted,qualitative,"Collection of product EPDs , unweighted average. ",Mix MC9C26828Z,FALSE,US Pacific Northwest,2400,kg/m3,999,Placeholder,d_truck,Concrete,3,No,No,No,No,N/A,N/A,N/A,N/A,N/A,N/A,N/A,N/A,N/A,N/A,N/A,N/A,N/A,N/A,N/A,N/A,9000,regular,N/A,N/A,N/A,N/A,378,N/A,N/A,N/A,1.6042440318302400,0.3810079575596820,0.0000115305039788,44.8185676392573000,2087.5225464191000000,No,N/A,N/A,N/A,N/A,N/A,N/A,N/A,N/A,N/A,N/A,N/A,N/A,N/A,N/A,N/A,N/A,N/A
Cement and concrete,Ready-mix,"Ready-mixed concrete, USA, Pacific Northwest, 9000 psi",CLF 2025 Material Baselines,https://buildingtransparency.org/ec3/epds/ec3cukc0,0.972772277,High-80th%,393,1,m3,N/A,N/A,N/A,Mix P9C26828Z,Cadman Inc,FALSE,US Pacific Northwest,2400,kg/m3,999,Placeholder,d_truck,Concrete,3,No,No,No,No,N/A,N/A,N/A,N/A,N/A,N/A,N/A,N/A,N/A,N/A,N/A,N/A,N/A,N/A,N/A,N/A,9000,regular,N/A,N/A,N/A,N/A,393,N/A,N/A,N/A,1.8774504950495000,0.3988366336633660,0.0000112841584158,51.4596534653465000,2393.9925742574300000,No,N/A,N/A,N/A,N/A,N/A,N/A,N/A,N/A,N/A,N/A,N/A,N/A,N/A,N/A,N/A,N/A,N/A
Cement and concrete,Ready-mix,"Ready-mixed concrete, USA, Pacific Northwest, 9000 psi",CLF 2025 Material Baselines,https://buildingtransparency.org/ec3/epds/ec35cmrf,1.002717391,Low-20th%,369,1,m3,N/A,N/A,N/A,Mix 390454,RiverBend Materials,FALSE,US Pacific Northwest,2400,kg/m3,999,Placeholder,d_truck,Concrete,3,No,No,No,No,N/A,N/A,N/A,N/A,N/A,N/A,N/A,N/A,N/A,N/A,N/A,N/A,N/A,N/A,N/A,N/A,9000,regular,N/A,N/A,N/A,N/A,369,N/A,N/A,N/A,1.5341576086956500,0.2607065217391300,0.0000078211956522,22.8619565217391000,2085.6521739130400000,No,N/A,N/A,N/A,N/A,N/A,N/A,N/A,N/A,N/A,N/A,N/A,N/A,N/A,N/A,N/A,N/A,N/A
Cement and concrete,Ready-mix,"Ready-mixed concrete, USA, Pacific Northwest, 10,000 psi",CLF 2025 Material Baselines,"Collection of product EPDs, unweighted average. (https://buildingtransparency.org/ec3/epds/ec3afe23)",1.335227273,Baseline,470,1,m3,Product,unweighted,qualitative,"Collection of product EPDs , unweighted average. ",Mix PECC10K,FALSE,US Pacific Northwest,2400,kg/m3,999,Placeholder,d_truck,Concrete,3,No,No,No,No,N/A,N/A,N/A,N/A,N/A,N/A,N/A,N/A,N/A,N/A,N/A,N/A,N/A,N/A,N/A,N/A,10000,regular,N/A,N/A,N/A,N/A,470,N/A,N/A,N/A,2.2431818181818200,0.5073863636363640,0.0000169573863636,55.6789772727273000,2426.1079545454500000,No,N/A,N/A,N/A,N/A,N/A,N/A,N/A,N/A,N/A,N/A,N/A,N/A,N/A,N/A,N/A,N/A,N/A
Cement and concrete,Ready-mix,"Ready-mixed concrete, USA, Pacific Northwest, 10,000 psi",CLF 2025 Material Baselines,https://buildingtransparency.org/ec3/epds/ec38jw3g,1.711171662,High-80th%,628,1,m3,N/A,N/A,N/A,PECC10K,Cadman Inc,FALSE,US Pacific Northwest,2400,kg/m3,999,Placeholder,d_truck,Concrete,3,No,No,No,No,N/A,N/A,N/A,N/A,N/A,N/A,N/A,N/A,N/A,N/A,N/A,N/A,N/A,N/A,N/A,N/A,10000,regular,N/A,N/A,N/A,N/A,628,N/A,N/A,N/A,3.1998910081743900,0.6502452316076290,0.0000188228882834,83.8474114441417000,3853.5585831062700000,No,N/A,N/A,N/A,N/A,N/A,N/A,N/A,N/A,N/A,N/A,N/A,N/A,N/A,N/A,N/A,N/A,N/A
Cement and concrete,Ready-mix,"Ready-mixed concrete, USA, Pacific Northwest, 10,000 psi",CLF 2025 Material Baselines,https://buildingtransparency.org/ec3/epds/ec3nnsad,1.104938272,Low-20th%,358,1,m3,N/A,N/A,N/A,Mix 880374,Stoneway Concrete,FALSE,US Pacific Northwest,2400,kg/m3,999,Placeholder,d_truck,Concrete,3,No,No,No,No,N/A,N/A,N/A,N/A,N/A,N/A,N/A,N/A,N/A,N/A,N/A,N/A,N/A,N/A,N/A,N/A,10000,regular,N/A,N/A,N/A,N/A,358,N/A,N/A,N/A,1.1712345679012300,0.2983333333333330,0.0000208833333333,29.8333333333333000,2123.6913580246900000,No,N/A,N/A,N/A,N/A,N/A,N/A,N/A,N/A,N/A,N/A,N/A,N/A,N/A,N/A,N/A,N/A,N/A
Cement and concrete,Ready-mix,"Ready-mixed concrete, USA, Pacific Northwest, LW 3000 psi",CLF 2025 Material Baselines,https://www.nrmca.org/wp-content/uploads/2022/02/NRMCA_LCAReportV3-2_20220224.pdf,0.999498321,Baseline,518,1,m3,Industry,single,industry data,"NRMCA ready-mixed concrete benchmark report (ASMI, 2021) ","Athena Sustainable Materials Institute. (2021). A Cradle-to-Gate Life Cycle Assessment of Ready-Mixed Concrete Manufactured by NRMCA Members - Version 3.2, Appendix C: NRMCA Member National and Regional LCA Benchmark (Industry Average) Report - V3.2 (pp. 51–101). National Ready Mixed Concrete Association (NRMCA).",FALSE,US Pacific Northwest,1239.59,kg/m3,999,Placeholder,d_truck,Concrete,3,No,No,No,No,N/A,N/A,N/A,N/A,N/A,N/A,N/A,N/A,N/A,N/A,N/A,N/A,N/A,N/A,N/A,N/A,3000,light weight,N/A,N/A,N/A,N/A,518,N/A,N/A,N/A,2.6586655346737200,0.9295334388144950,0.0000191903677691,35.6621001041948000,2760.7143132790500000,No,N/A,N/A,N/A,N/A,N/A,N/A,N/A,N/A,N/A,N/A,N/A,N/A,N/A,N/A,N/A,N/A,N/A
Cement and concrete,Ready-mix,"Ready-mixed concrete, USA, Pacific Northwest, LW 3000 psi",CLF 2025 Material Baselines,https://buildingtransparency.org/ec3/epds/ec3qxjtx,1.063106796,High-80th%,657,1,m3,N/A,N/A,N/A,Mix 1594429,Heidelberg Materials,FALSE,US Pacific Northwest,1239.59,kg/m3,999,Placeholder,d_truck,Concrete,3,No,No,No,No,N/A,N/A,N/A,N/A,N/A,N/A,N/A,N/A,N/A,N/A,N/A,N/A,N/A,N/A,N/A,N/A,3000,light weight,N/A,N/A,N/A,N/A,657,N/A,N/A,N/A,4.6138834951456300,0.7122815533980580,0.0000334878640777,105.0349514563110000,4650.0291262135900000,No,N/A,N/A,N/A,N/A,N/A,N/A,N/A,N/A,N/A,N/A,N/A,N/A,N/A,N/A,N/A,N/A,N/A
Cement and concrete,Ready-mix,"Ready-mixed concrete, USA, Pacific Northwest, LW 3000 psi",CLF 2025 Material Baselines,https://buildingtransparency.org/ec3/epds/ec3q04p3,1.035051546,Low-20th%,502,1,m3,N/A,N/A,N/A,Mix 1594429,Heidelberg Materials,FALSE,US Pacific Northwest,1239.59,kg/m3,999,Placeholder,d_truck,Concrete,3,No,No,No,No,N/A,N/A,N/A,N/A,N/A,N/A,N/A,N/A,N/A,N/A,N/A,N/A,N/A,N/A,N/A,N/A,3000,light weight,N/A,N/A,N/A,N/A,502,N/A,N/A,N/A,3.1983092783505200,0.4864742268041240,0.0000323971134021,70.3835051546392000,4548.0164948453600000,No,N/A,N/A,N/A,N/A,N/A,N/A,N/A,N/A,N/A,N/A,N/A,N/A,N/A,N/A,N/A,N/A,N/A
Cement and concrete,Ready-mix,"Ready-mixed concrete, USA, Pacific Northwest, LW 4000 psi",CLF 2025 Material Baselines,https://www.nrmca.org/wp-content/uploads/2022/02/NRMCA_LCAReportV3-2_20220224.pdf,0.999773964,Baseline,575,1,m3,Industry,single,industry data,"NRMCA ready-mixed concrete benchmark report (ASMI, 2021) ","Athena Sustainable Materials Institute. (2021). A Cradle-to-Gate Life Cycle Assessment of Ready-Mixed Concrete Manufactured by NRMCA Members - Version 3.2, Appendix C: NRMCA Member National and Regional LCA Benchmark (Industry Average) Report - V3.2 (pp. 51–101). National Ready Mixed Concrete Association (NRMCA).",FALSE,US Pacific Northwest,1230.15,kg/m3,999,Placeholder,d_truck,Concrete,3,No,No,No,No,N/A,N/A,N/A,N/A,N/A,N/A,N/A,N/A,N/A,N/A,N/A,N/A,N/A,N/A,N/A,N/A,4000,light weight,N/A,N/A,N/A,N/A,575,N/A,N/A,N/A,2.8293603185366800,0.9897762245057640,0.0000204953662650,39.3611009684767000,2842.8472693130200000,No,N/A,N/A,N/A,N/A,N/A,N/A,N/A,N/A,N/A,N/A,N/A,N/A,N/A,N/A,N/A,N/A,N/A
Cement and concrete,Ready-mix,"Ready-mixed concrete, USA, Pacific Northwest, LW 4000 psi",CLF 2025 Material Baselines,https://buildingtransparency.org/ec3/epds/ec3wp7x3,1.064122137,High-80th%,697,1,m3,N/A,N/A,N/A,Mix F2ZMVCS0 (Type IL),Knife River Corporation,FALSE,US Pacific Northwest,1230.15,kg/m3,999,Placeholder,d_truck,Concrete,3,No,No,No,No,N/A,N/A,N/A,N/A,N/A,N/A,N/A,N/A,N/A,N/A,N/A,N/A,N/A,N/A,N/A,N/A,4000,light weight,N/A,N/A,N/A,N/A,697,N/A,N/A,N/A,3.7669923664122100,0.7129618320610690,0.0000404366412214,65.0178625954199000,4918.3725190839700000,No,N/A,N/A,N/A,N/A,N/A,N/A,N/A,N/A,N/A,N/A,N/A,N/A,N/A,N/A,N/A,N/A,N/A
Cement and concrete,Ready-mix,"Ready-mixed concrete, USA, Pacific Northwest, LW 4000 psi",CLF 2025 Material Baselines,https://buildingtransparency.org/ec3/epds/ec38qads,1.023504274,Low-20th%,479,1,m3,N/A,N/A,N/A,Mix P4LTW976,Heidelberg Materials,FALSE,US Pacific Northwest,1230.15,kg/m3,999,Placeholder,d_truck,Concrete,3,No,No,No,No,N/A,N/A,N/A,N/A,N/A,N/A,N/A,N/A,N/A,N/A,N/A,N/A,N/A,N/A,N/A,N/A,4000,light weight,N/A,N/A,N/A,N/A,479,N/A,N/A,N/A,2.8965170940170900,0.5322222222222220,0.0000332638888889,57.9303418803419000,4181.0149572649600000,No,N/A,N/A,N/A,N/A,N/A,N/A,N/A,N/A,N/A,N/A,N/A,N/A,N/A,N/A,N/A,N/A,N/A
Cement and concrete,Ready-mix,"Ready-mixed concrete, USA, Pacific Northwest, LW 5000 psi",CLF 2025 Material Baselines,https://www.nrmca.org/wp-content/uploads/2022/02/NRMCA_LCAReportV3-2_20220224.pdf,0.999667832,Baseline,632,1,m3,Industry,single,industry data,"NRMCA ready-mixed concrete benchmark report (ASMI, 2021) ","Athena Sustainable Materials Institute. (2021). A Cradle-to-Gate Life Cycle Assessment of Ready-Mixed Concrete Manufactured by NRMCA Members - Version 3.2, Appendix C: NRMCA Member National and Regional LCA Benchmark (Industry Average) Report - V3.2 (pp. 51–101). National Ready Mixed Concrete Association (NRMCA).",FALSE,US Pacific Northwest,1231.92,kg/m3,999,Placeholder,d_truck,Concrete,3,No,No,No,No,N/A,N/A,N/A,N/A,N/A,N/A,N/A,N/A,N/A,N/A,N/A,N/A,N/A,N/A,N/A,N/A,5000,light weight,N/A,N/A,N/A,N/A,632,N/A,N/A,N/A,2.9990034956739100,1.0496512234858700,0.0000216927919520,43.0656901978773000,2910.6628493696700000,No,N/A,N/A,N/A,N/A,N/A,N/A,N/A,N/A,N/A,N/A,N/A,N/A,N/A,N/A,N/A,N/A,N/A
Cement and concrete,Ready-mix,"Ready-mixed concrete, USA, Pacific Northwest, LW 5000 psi",N/A,N/A,#VALUE!,High-80th%,N/A,N/A,N/A,N/A,N/A,N/A,N/A,N/A,FALSE,N/A,N/A,N/A,999,Placeholder,d_truck,Concrete,3,No,No,No,No,N/A,N/A,N/A,N/A,N/A,N/A,N/A,N/A,N/A,N/A,N/A,N/A,N/A,N/A,N/A,N/A,5000,light weight,N/A,N/A,N/A,N/A,N/A,N/A,N/A,N/A,N/A,N/A,N/A,N/A,N/A,No,N/A,N/A,N/A,N/A,N/A,N/A,N/A,N/A,N/A,N/A,N/A,N/A,N/A,N/A,N/A,N/A,N/A
Cement and concrete,Ready-mix,"Ready-mixed concrete, USA, Pacific Northwest, LW 5000 psi",N/A,N/A,#VALUE!,Low-20th%,N/A,N/A,N/A,N/A,N/A,N/A,N/A,N/A,FALSE,N/A,N/A,N/A,999,Placeholder,d_truck,Concrete,3,No,No,No,No,N/A,N/A,N/A,N/A,N/A,N/A,N/A,N/A,N/A,N/A,N/A,N/A,N/A,N/A,N/A,N/A,5000,light weight,N/A,N/A,N/A,N/A,N/A,N/A,N/A,N/A,N/A,N/A,N/A,N/A,N/A,No,N/A,N/A,N/A,N/A,N/A,N/A,N/A,N/A,N/A,N/A,N/A,N/A,N/A,N/A,N/A,N/A,N/A
Cement and concrete,Ready-mix,"Ready-mixed concrete, USA, Rocky Mountains, 2500 psi",CLF 2025 Material Baselines,https://www.nrmca.org/wp-content/uploads/2022/02/NRMCA_LCAReportV3-2_20220224.pdf,0.999439969,Baseline,232,1,m3,Industry,single,industry data,"NRMCA ready-mixed concrete benchmark report (ASMI, 2021) ","Athena Sustainable Materials Institute. (2021). A Cradle-to-Gate Life Cycle Assessment of Ready-Mixed Concrete Manufactured by NRMCA Members - Version 3.2, Appendix C: NRMCA Member National and Regional LCA Benchmark (Industry Average) Report - V3.2 (pp. 51–101). National Ready Mixed Concrete Association (NRMCA).",FALSE,US Rocky Mountains,2287.43,kg/m3,999,Placeholder,d_truck,Concrete,3,No,No,No,No,N/A,N/A,N/A,N/A,N/A,N/A,N/A,N/A,N/A,N/A,N/A,N/A,N/A,N/A,N/A,N/A,2500,regular,N/A,N/A,N/A,N/A,232,N/A,N/A,N/A,0.5396975832507650,0.2198767931762370,0.0000046274070564,11.2636884504373000,325.5875586955590000,No,N/A,N/A,N/A,N/A,N/A,N/A,N/A,N/A,N/A,N/A,N/A,N/A,N/A,N/A,N/A,N/A,N/A
Cement and concrete,Ready-mix,"Ready-mixed concrete, USA, Rocky Mountains, 2500 psi",N/A,N/A,#VALUE!,High-80th%,N/A,N/A,N/A,N/A,N/A,N/A,N/A,N/A,FALSE,N/A,N/A,N/A,999,Placeholder,d_truck,Concrete,3,No,No,No,No,N/A,N/A,N/A,N/A,N/A,N/A,N/A,N/A,N/A,N/A,N/A,N/A,N/A,N/A,N/A,N/A,2500,regular,N/A,N/A,N/A,N/A,N/A,N/A,N/A,N/A,N/A,N/A,N/A,N/A,N/A,No,N/A,N/A,N/A,N/A,N/A,N/A,N/A,N/A,N/A,N/A,N/A,N/A,N/A,N/A,N/A,N/A,N/A
Cement and concrete,Ready-mix,"Ready-mixed concrete, USA, Rocky Mountains, 2500 psi",N/A,N/A,#VALUE!,Low-20th%,N/A,N/A,N/A,N/A,N/A,N/A,N/A,N/A,FALSE,N/A,N/A,N/A,999,Placeholder,d_truck,Concrete,3,No,No,No,No,N/A,N/A,N/A,N/A,N/A,N/A,N/A,N/A,N/A,N/A,N/A,N/A,N/A,N/A,N/A,N/A,2500,regular,N/A,N/A,N/A,N/A,N/A,N/A,N/A,N/A,N/A,N/A,N/A,N/A,N/A,No,N/A,N/A,N/A,N/A,N/A,N/A,N/A,N/A,N/A,N/A,N/A,N/A,N/A,N/A,N/A,N/A,N/A
Cement and concrete,Ready-mix,"Ready-mixed concrete, USA, Rocky Mountains, 3000 psi",CLF 2025 Material Baselines,https://www.nrmca.org/wp-content/uploads/2022/02/NRMCA_LCAReportV3-2_20220224.pdf,1.001964637,Baseline,255,1,m3,Industry,single,industry data,"NRMCA ready-mixed concrete benchmark report (ASMI, 2021) ","Athena Sustainable Materials Institute. (2021). A Cradle-to-Gate Life Cycle Assessment of Ready-Mixed Concrete Manufactured by NRMCA Members - Version 3.2, Appendix C: NRMCA Member National and Regional LCA Benchmark (Industry Average) Report - V3.2 (pp. 51–101). National Ready Mixed Concrete Association (NRMCA).",FALSE,US Rocky Mountains,2298.05,kg/m3,999,Placeholder,d_truck,Concrete,3,No,No,No,No,N/A,N/A,N/A,N/A,N/A,N/A,N/A,N/A,N/A,N/A,N/A,N/A,N/A,N/A,N/A,N/A,3000,regular,N/A,N/A,N/A,N/A,255,N/A,N/A,N/A,0.7514734774066800,0.3106090373280940,0.0000065628683694,15.7007858546169000,438.5398821218070000,No,N/A,N/A,N/A,N/A,N/A,N/A,N/A,N/A,N/A,N/A,N/A,N/A,N/A,N/A,N/A,N/A,N/A
Cement and concrete,Ready-mix,"Ready-mixed concrete, USA, Rocky Mountains, 3000 psi",CLF 2025 Material Baselines,https://buildingtransparency.org/ec3/epds/ec30gwdb,0.959752322,High-80th%,310,1,m3,N/A,N/A,N/A,30PK11E6R,BURNCO Colorado,FALSE,US Rocky Mountains,2298.05,kg/m3,999,Placeholder,d_truck,Concrete,3,No,No,No,No,N/A,N/A,N/A,N/A,N/A,N/A,N/A,N/A,N/A,N/A,N/A,N/A,N/A,N/A,N/A,N/A,3000,regular,N/A,N/A,N/A,N/A,310,N/A,N/A,N/A,0.9309597523219810,0.3743034055727550,0.0000083498452012,19.1950464396285000,353.1888544891640000,No,N/A,N/A,N/A,N/A,N/A,N/A,N/A,N/A,N/A,N/A,N/A,N/A,N/A,N/A,N/A,N/A,N/A
Cement and concrete,Ready-mix,"Ready-mixed concrete, USA, Rocky Mountains, 3000 psi",CLF 2025 Material Baselines,https://buildingtransparency.org/ec3/epds/ec34np11,0.953846154,Low-20th%,248,1,m3,N/A,N/A,N/A,Mix 35010400,United Companies,FALSE,US Rocky Mountains,2298.05,kg/m3,999,Placeholder,d_truck,Concrete,3,No,No,No,No,N/A,N/A,N/A,N/A,N/A,N/A,N/A,N/A,N/A,N/A,N/A,N/A,N/A,N/A,N/A,N/A,3000,regular,N/A,N/A,N/A,N/A,248,N/A,N/A,N/A,0.7344615384615380,0.1907692307692310,0.0000101107692308,16.0246153846154000,1447.9384615384600000,No,N/A,N/A,N/A,N/A,N/A,N/A,N/A,N/A,N/A,N/A,N/A,N/A,N/A,N/A,N/A,N/A,N/A
Cement and concrete,Ready-mix,"Ready-mixed concrete, USA, Rocky Mountains, 4000 psi",CLF 2025 Material Baselines,https://www.nrmca.org/wp-content/uploads/2022/02/NRMCA_LCAReportV3-2_20220224.pdf,1.001630561,Baseline,301,1,m3,Industry,single,industry data,"NRMCA ready-mixed concrete benchmark report (ASMI, 2021) ","Athena Sustainable Materials Institute. (2021). A Cradle-to-Gate Life Cycle Assessment of Ready-Mixed Concrete Manufactured by NRMCA Members - Version 3.2, Appendix C: NRMCA Member National and Regional LCA Benchmark (Industry Average) Report - V3.2 (pp. 51–101). National Ready Mixed Concrete Association (NRMCA).",FALSE,US Rocky Mountains,2303.36,kg/m3,999,Placeholder,d_truck,Concrete,3,No,No,No,No,N/A,N/A,N/A,N/A,N/A,N/A,N/A,N/A,N/A,N/A,N/A,N/A,N/A,N/A,N/A,N/A,4000,regular,N/A,N/A,N/A,N/A,301,N/A,N/A,N/A,0.8413696715583510,0.3605870020964360,0.0000075623107384,17.5786163522013000,463.9652923363620000,No,N/A,N/A,N/A,N/A,N/A,N/A,N/A,N/A,N/A,N/A,N/A,N/A,N/A,N/A,N/A,N/A,N/A
Cement and concrete,Ready-mix,"Ready-mixed concrete, USA, Rocky Mountains, 4000 psi",CLF 2025 Material Baselines,https://buildingtransparency.org/ec3/epds/ec336n7h,0.983651226,High-80th%,361,1,m3,N/A,N/A,N/A,Mix 36020605,United Companies,FALSE,US Rocky Mountains,2303.36,kg/m3,999,Placeholder,d_truck,Concrete,3,No,No,No,No,N/A,N/A,N/A,N/A,N/A,N/A,N/A,N/A,N/A,N/A,N/A,N/A,N/A,N/A,N/A,N/A,4000,regular,N/A,N/A,N/A,N/A,361,N/A,N/A,N/A,1.2590735694822900,0.5803542234332420,0.0000090397547684,27.4438692098093000,1512.8555858310600000,No,N/A,N/A,N/A,N/A,N/A,N/A,N/A,N/A,N/A,N/A,N/A,N/A,N/A,N/A,N/A,N/A,N/A
Cement and concrete,Ready-mix,"Ready-mixed concrete, USA, Rocky Mountains, 4000 psi",CLF 2025 Material Baselines,https://buildingtransparency.org/ec3/epds/ec3tyanm,0.95221843,Low-20th%,279,1,m3,N/A,N/A,N/A,Mix T34062110,Holcim,FALSE,US Rocky Mountains,2303.36,kg/m3,999,Placeholder,d_truck,Concrete,3,No,No,No,No,N/A,N/A,N/A,N/A,N/A,N/A,N/A,N/A,N/A,N/A,N/A,N/A,N/A,N/A,N/A,N/A,4000,regular,N/A,N/A,N/A,N/A,279,N/A,N/A,N/A,0.9236518771331060,0.1999658703071670,0.0000112361774744,19.9013651877133000,1627.3412969283300000,No,N/A,N/A,N/A,N/A,N/A,N/A,N/A,N/A,N/A,N/A,N/A,N/A,N/A,N/A,N/A,N/A,N/A
Cement and concrete,Ready-mix,"Ready-mixed concrete, USA, Rocky Mountains, 5000 psi",CLF 2025 Material Baselines,https://www.nrmca.org/wp-content/uploads/2022/02/NRMCA_LCAReportV3-2_20220224.pdf,1.001146565,Baseline,358,1,m3,Industry,single,industry data,"NRMCA ready-mixed concrete benchmark report (ASMI, 2021) ","Athena Sustainable Materials Institute. (2021). A Cradle-to-Gate Life Cycle Assessment of Ready-Mixed Concrete Manufactured by NRMCA Members - Version 3.2, Appendix C: NRMCA Member National and Regional LCA Benchmark (Industry Average) Report - V3.2 (pp. 51–101). National Ready Mixed Concrete Association (NRMCA).",FALSE,US Rocky Mountains,2292.74,kg/m3,999,Placeholder,d_truck,Concrete,3,No,No,No,No,N/A,N/A,N/A,N/A,N/A,N/A,N/A,N/A,N/A,N/A,N/A,N/A,N/A,N/A,N/A,N/A,5000,regular,N/A,N/A,N/A,N/A,358,N/A,N/A,N/A,0.9611007019211950,0.4204815570905230,0.0000087900668363,19.8427249084147000,499.3719063732210000,No,N/A,N/A,N/A,N/A,N/A,N/A,N/A,N/A,N/A,N/A,N/A,N/A,N/A,N/A,N/A,N/A,N/A
Cement and concrete,Ready-mix,"Ready-mixed concrete, USA, Rocky Mountains, 5000 psi",CLF 2025 Material Baselines,https://buildingtransparency.org/ec3/epds/ec3cq54q,0.952718676,High-80th%,403,1,m3,N/A,N/A,N/A,N5600SP,Smyrna Ready Mix Concrete LLC,FALSE,US Rocky Mountains,2292.74,kg/m3,999,Placeholder,d_truck,Concrete,3,No,No,No,No,N/A,N/A,N/A,N/A,N/A,N/A,N/A,N/A,N/A,N/A,N/A,N/A,N/A,N/A,N/A,N/A,5000,regular,N/A,N/A,N/A,N/A,403,N/A,N/A,N/A,1.0003546099290800,0.4668321513002360,0.0000095271867612,20.4834515366430000,584.0165484633570000,No,N/A,N/A,N/A,N/A,N/A,N/A,N/A,N/A,N/A,N/A,N/A,N/A,N/A,N/A,N/A,N/A,N/A
Cement and concrete,Ready-mix,"Ready-mixed concrete, USA, Rocky Mountains, 5000 psi",CLF 2025 Material Baselines,https://buildingtransparency.org/ec3/epds/ec3f55sg,0.981707317,Low-20th%,322,1,m3,N/A,N/A,N/A,Mix 270156 estimate,"Altaview Concrete, Inc.",FALSE,US Rocky Mountains,2292.74,kg/m3,999,Placeholder,d_truck,Concrete,3,No,No,No,No,N/A,N/A,N/A,N/A,N/A,N/A,N/A,N/A,N/A,N/A,N/A,N/A,N/A,N/A,N/A,N/A,5000,regular,N/A,N/A,N/A,N/A,322,N/A,N/A,N/A,0.9522560975609760,0.3632317073170730,0.0000080205487805,19.4378048780488000,732.3536585365850000,No,N/A,N/A,N/A,N/A,N/A,N/A,N/A,N/A,N/A,N/A,N/A,N/A,N/A,N/A,N/A,N/A,N/A
Cement and concrete,Ready-mix,"Ready-mixed concrete, USA, Rocky Mountains, 6000 psi",CLF 2025 Material Baselines,https://www.nrmca.org/wp-content/uploads/2022/02/NRMCA_LCAReportV3-2_20220224.pdf,1.000633647,Baseline,379,1,m3,Industry,single,industry data,"NRMCA ready-mixed concrete benchmark report (ASMI, 2021) ","Athena Sustainable Materials Institute. (2021). A Cradle-to-Gate Life Cycle Assessment of Ready-Mixed Concrete Manufactured by NRMCA Members - Version 3.2, Appendix C: NRMCA Member National and Regional LCA Benchmark (Industry Average) Report - V3.2 (pp. 51–101). National Ready Mixed Concrete Association (NRMCA).",FALSE,US Rocky Mountains,2387.73,kg/m3,999,Placeholder,d_truck,Concrete,3,No,No,No,No,N/A,N/A,N/A,N/A,N/A,N/A,N/A,N/A,N/A,N/A,N/A,N/A,N/A,N/A,N/A,N/A,6000,regular,N/A,N/A,N/A,N/A,379,N/A,N/A,N/A,1.0106399831027600,0.4502851409863770,0.0000092758739043,20.8431988594361000,520.7797813919110000,No,N/A,N/A,N/A,N/A,N/A,N/A,N/A,N/A,N/A,N/A,N/A,N/A,N/A,N/A,N/A,N/A,N/A
Cement and concrete,Ready-mix,"Ready-mixed concrete, USA, Rocky Mountains, 6000 psi",CLF 2025 Material Baselines,https://buildingtransparency.org/ec3/epds/ec3s4ke0,0.977628635,High-80th%,437,1,m3,N/A,N/A,N/A,Mix 5190206,Stoneway Concrete,FALSE,US Rocky Mountains,2387.73,kg/m3,999,Placeholder,d_truck,Concrete,3,No,No,No,No,N/A,N/A,N/A,N/A,N/A,N/A,N/A,N/A,N/A,N/A,N/A,N/A,N/A,N/A,N/A,N/A,6000,regular,N/A,N/A,N/A,N/A,437,N/A,N/A,N/A,1.3100223713646500,0.5181431767337810,0.0000109494407159,26.2004474272931000,506.4116331096200000,No,N/A,N/A,N/A,N/A,N/A,N/A,N/A,N/A,N/A,N/A,N/A,N/A,N/A,N/A,N/A,N/A,N/A
Cement and concrete,Ready-mix,"Ready-mixed concrete, USA, Rocky Mountains, 6000 psi",CLF 2025 Material Baselines,https://buildingtransparency.org/ec3/epds/ec35tf85,0.965811966,Low-20th%,339,1,m3,N/A,N/A,N/A,Mix 760828DE,Holcim,FALSE,US Rocky Mountains,2387.73,kg/m3,999,Placeholder,d_truck,Concrete,3,No,No,No,No,N/A,N/A,N/A,N/A,N/A,N/A,N/A,N/A,N/A,N/A,N/A,N/A,N/A,N/A,N/A,N/A,6000,regular,N/A,N/A,N/A,N/A,339,N/A,N/A,N/A,1.0720512820512800,0.2414529914529910,0.0000138111111111,24.3384615384615000,1904.5811965812000000,No,N/A,N/A,N/A,N/A,N/A,N/A,N/A,N/A,N/A,N/A,N/A,N/A,N/A,N/A,N/A,N/A,N/A
Cement and concrete,Ready-mix,"Ready-mixed concrete, USA, Rocky Mountains, 8000 psi",CLF 2025 Material Baselines,https://www.nrmca.org/wp-content/uploads/2022/02/NRMCA_LCAReportV3-2_20220224.pdf,0.999159797,Baseline,440,1,m3,Industry,single,industry data,"NRMCA ready-mixed concrete benchmark report (ASMI, 2021) ","Athena Sustainable Materials Institute. (2021). A Cradle-to-Gate Life Cycle Assessment of Ready-Mixed Concrete Manufactured by NRMCA Members - Version 3.2, Appendix C: NRMCA Member National and Regional LCA Benchmark (Industry Average) Report - V3.2 (pp. 51–101). National Ready Mixed Concrete Association (NRMCA).",FALSE,US Rocky Mountains,2394.22,kg/m3,999,Placeholder,d_truck,Concrete,3,No,No,No,No,N/A,N/A,N/A,N/A,N/A,N/A,N/A,N/A,N/A,N/A,N/A,N/A,N/A,N/A,N/A,N/A,8000,regular,N/A,N/A,N/A,N/A,440,N/A,N/A,N/A,1.1390421690850900,0.5095714966959600,0.0000105910938529,23.3103980743466000,558.7801167200310000,No,N/A,N/A,N/A,N/A,N/A,N/A,N/A,N/A,N/A,N/A,N/A,N/A,N/A,N/A,N/A,N/A,N/A
Cement and concrete,Ready-mix,"Ready-mixed concrete, USA, Rocky Mountains, 8000 psi",CLF 2025 Material Baselines,https://buildingtransparency.org/ec3/epds/ec3us4cr,0.946188341,High-80th%,422,1,m3,N/A,N/A,N/A,N8900,Smyrna Ready Mix Concrete LLC,FALSE,US Rocky Mountains,2394.22,kg/m3,999,Placeholder,d_truck,Concrete,3,No,No,No,No,N/A,N/A,N/A,N/A,N/A,N/A,N/A,N/A,N/A,N/A,N/A,N/A,N/A,N/A,N/A,N/A,8000,regular,N/A,N/A,N/A,N/A,422,N/A,N/A,N/A,1.1827354260089700,0.5014798206278030,0.0000104080717489,24.4116591928251000,N/A,No,N/A,N/A,N/A,N/A,N/A,N/A,N/A,N/A,N/A,N/A,N/A,N/A,N/A,N/A,N/A,N/A,N/A
Cement and concrete,Ready-mix,"Ready-mixed concrete, USA, Rocky Mountains, 8000 psi",CLF 2025 Material Baselines,https://buildingtransparency.org/ec3/epds/ec3ahy2b,0.920716113,Low-20th%,360,1,m3,N/A,N/A,N/A,Mix 3505959,Holcim,FALSE,US Rocky Mountains,2394.22,kg/m3,999,Placeholder,d_truck,Concrete,3,No,No,No,No,N/A,N/A,N/A,N/A,N/A,N/A,N/A,N/A,N/A,N/A,N/A,N/A,N/A,N/A,N/A,N/A,8000,regular,N/A,N/A,N/A,N/A,360,N/A,N/A,N/A,1.0956521739130400,0.2485933503836320,0.0000149156010230,24.3989769820972000,1939.0281329923300000,No,N/A,N/A,N/A,N/A,N/A,N/A,N/A,N/A,N/A,N/A,N/A,N/A,N/A,N/A,N/A,N/A,N/A
Cement and concrete,Ready-mix,"Ready-mixed concrete, USA, Rocky Mountains, 10,000 psi",CLF 2025 Material Baselines,"Collection of product EPDs, unweighted average. (https://buildingtransparency.org/ec3/epds/ec3byewh)",0.906323185,Baseline,387,1,m3,Product,unweighted,qualitative,"Collection of product EPDs , unweighted average. ",Mix 81009868,FALSE,US Rocky Mountains,2400,kg/m3,999,Placeholder,d_truck,Concrete,3,No,No,No,No,N/A,N/A,N/A,N/A,N/A,N/A,N/A,N/A,N/A,N/A,N/A,N/A,N/A,N/A,N/A,N/A,10000,regular,N/A,N/A,N/A,N/A,387,N/A,N/A,N/A,1.2054098360655700,0.2718969555035130,0.0000156793911007,26.9177985948478000,2148.8922716627600000,No,N/A,N/A,N/A,N/A,N/A,N/A,N/A,N/A,N/A,N/A,N/A,N/A,N/A,N/A,N/A,N/A,N/A
Cement and concrete,Ready-mix,"Ready-mixed concrete, USA, Rocky Mountains, 10,000 psi",N/A,N/A,#VALUE!,High-80th%,N/A,N/A,N/A,N/A,N/A,N/A,N/A,N/A,FALSE,N/A,N/A,N/A,999,Placeholder,d_truck,Concrete,3,No,No,No,No,N/A,N/A,N/A,N/A,N/A,N/A,N/A,N/A,N/A,N/A,N/A,N/A,N/A,N/A,N/A,N/A,10000,regular,N/A,N/A,N/A,N/A,N/A,N/A,N/A,N/A,N/A,N/A,N/A,N/A,N/A,No,N/A,N/A,N/A,N/A,N/A,N/A,N/A,N/A,N/A,N/A,N/A,N/A,N/A,N/A,N/A,N/A,N/A
Cement and concrete,Ready-mix,"Ready-mixed concrete, USA, Rocky Mountains, 10,000 psi",N/A,N/A,#VALUE!,Low-20th%,N/A,N/A,N/A,N/A,N/A,N/A,N/A,N/A,FALSE,N/A,N/A,N/A,999,Placeholder,d_truck,Concrete,3,No,No,No,No,N/A,N/A,N/A,N/A,N/A,N/A,N/A,N/A,N/A,N/A,N/A,N/A,N/A,N/A,N/A,N/A,10000,regular,N/A,N/A,N/A,N/A,N/A,N/A,N/A,N/A,N/A,N/A,N/A,N/A,N/A,No,N/A,N/A,N/A,N/A,N/A,N/A,N/A,N/A,N/A,N/A,N/A,N/A,N/A,N/A,N/A,N/A,N/A
Cement and concrete,Ready-mix,"Ready-mixed concrete, USA, Rocky Mountains, LW 3000 psi",CLF 2025 Material Baselines,https://www.nrmca.org/wp-content/uploads/2022/02/NRMCA_LCAReportV3-2_20220224.pdf,1.000806435,Baseline,484,1,m3,Industry,single,industry data,"NRMCA ready-mixed concrete benchmark report (ASMI, 2021) ","Athena Sustainable Materials Institute. (2021). A Cradle-to-Gate Life Cycle Assessment of Ready-Mixed Concrete Manufactured by NRMCA Members - Version 3.2, Appendix C: NRMCA Member National and Regional LCA Benchmark (Industry Average) Report - V3.2 (pp. 51–101). National Ready Mixed Concrete Association (NRMCA).",FALSE,US Rocky Mountains,1278.53,kg/m3,999,Placeholder,d_truck,Concrete,3,No,No,No,No,N/A,N/A,N/A,N/A,N/A,N/A,N/A,N/A,N/A,N/A,N/A,N/A,N/A,N/A,N/A,N/A,3000,light weight,N/A,N/A,N/A,N/A,484,N/A,N/A,N/A,2.2918467360062900,0.8606935340460290,0.0000179144351854,27.7023221190629000,2470.9710717313500000,No,N/A,N/A,N/A,N/A,N/A,N/A,N/A,N/A,N/A,N/A,N/A,N/A,N/A,N/A,N/A,N/A,N/A
Cement and concrete,Ready-mix,"Ready-mixed concrete, USA, Rocky Mountains, LW 3000 psi",N/A,N/A,#VALUE!,High-80th%,N/A,N/A,N/A,N/A,N/A,N/A,N/A,N/A,FALSE,N/A,N/A,N/A,999,Placeholder,d_truck,Concrete,3,No,No,No,No,N/A,N/A,N/A,N/A,N/A,N/A,N/A,N/A,N/A,N/A,N/A,N/A,N/A,N/A,N/A,N/A,3000,light weight,N/A,N/A,N/A,N/A,N/A,N/A,N/A,N/A,N/A,N/A,N/A,N/A,N/A,No,N/A,N/A,N/A,N/A,N/A,N/A,N/A,N/A,N/A,N/A,N/A,N/A,N/A,N/A,N/A,N/A,N/A
Cement and concrete,Ready-mix,"Ready-mixed concrete, USA, Rocky Mountains, LW 3000 psi",N/A,N/A,#VALUE!,Low-20th%,N/A,N/A,N/A,N/A,N/A,N/A,N/A,N/A,FALSE,N/A,N/A,N/A,999,Placeholder,d_truck,Concrete,3,No,No,No,No,N/A,N/A,N/A,N/A,N/A,N/A,N/A,N/A,N/A,N/A,N/A,N/A,N/A,N/A,N/A,N/A,3000,light weight,N/A,N/A,N/A,N/A,N/A,N/A,N/A,N/A,N/A,N/A,N/A,N/A,N/A,No,N/A,N/A,N/A,N/A,N/A,N/A,N/A,N/A,N/A,N/A,N/A,N/A,N/A,N/A,N/A,N/A,N/A
Cement and concrete,Ready-mix,"Ready-mixed concrete, USA, Rocky Mountains, LW 4000 psi",CLF 2025 Material Baselines,https://www.nrmca.org/wp-content/uploads/2022/02/NRMCA_LCAReportV3-2_20220224.pdf,1.000639506,Baseline,532,1,m3,Industry,single,industry data,"NRMCA ready-mixed concrete benchmark report (ASMI, 2021) ","Athena Sustainable Materials Institute. (2021). A Cradle-to-Gate Life Cycle Assessment of Ready-Mixed Concrete Manufactured by NRMCA Members - Version 3.2, Appendix C: NRMCA Member National and Regional LCA Benchmark (Industry Average) Report - V3.2 (pp. 51–101). National Ready Mixed Concrete Association (NRMCA).",FALSE,US Rocky Mountains,1272.63,kg/m3,999,Placeholder,d_truck,Concrete,3,No,No,No,No,N/A,N/A,N/A,N/A,N/A,N/A,N/A,N/A,N/A,N/A,N/A,N/A,N/A,N/A,N/A,N/A,4000,light weight,N/A,N/A,N/A,N/A,532,N/A,N/A,N/A,2.4015348154835800,0.9105819508708570,0.0000190121506226,29.6489485761577000,2518.8597976150200000,No,N/A,N/A,N/A,N/A,N/A,N/A,N/A,N/A,N/A,N/A,N/A,N/A,N/A,N/A,N/A,N/A,N/A
Cement and concrete,Ready-mix,"Ready-mixed concrete, USA, Rocky Mountains, LW 4000 psi",CLF 2025 Material Baselines,https://buildingtransparency.org/ec3/epds/ec336n7h,1.117166213,High-80th%,410,1,m3,N/A,N/A,N/A,Mix 36020605,United Companies,FALSE,US Rocky Mountains,1272.63,kg/m3,999,Placeholder,d_truck,Concrete,3,No,No,No,No,N/A,N/A,N/A,N/A,N/A,N/A,N/A,N/A,N/A,N/A,N/A,N/A,N/A,N/A,N/A,N/A,4000,light weight,N/A,N/A,N/A,N/A,410,N/A,N/A,N/A,1.4299727520436000,0.6591280653950950,0.0000102667574932,31.1689373297003000,1718.2016348773800000,No,N/A,N/A,N/A,N/A,N/A,N/A,N/A,N/A,N/A,N/A,N/A,N/A,N/A,N/A,N/A,N/A,N/A
Cement and concrete,Ready-mix,"Ready-mixed concrete, USA, Rocky Mountains, LW 4000 psi",CLF 2025 Material Baselines,https://buildingtransparency.org/ec3/epds/ec3tyanm,1.09556314,Low-20th%,321,1,m3,N/A,N/A,N/A,Mix T34062110,Holcim,FALSE,US Rocky Mountains,1272.63,kg/m3,999,Placeholder,d_truck,Concrete,3,No,No,No,No,N/A,N/A,N/A,N/A,N/A,N/A,N/A,N/A,N/A,N/A,N/A,N/A,N/A,N/A,N/A,N/A,4000,light weight,N/A,N/A,N/A,N/A,321,N/A,N/A,N/A,1.0626962457337900,0.2300682593856660,0.0000129276450512,22.8972696245734000,1872.3174061433400000,No,N/A,N/A,N/A,N/A,N/A,N/A,N/A,N/A,N/A,N/A,N/A,N/A,N/A,N/A,N/A,N/A,N/A
Cement and concrete,Ready-mix,"Ready-mixed concrete, USA, Rocky Mountains, LW 5000 psi",CLF 2025 Material Baselines,https://www.nrmca.org/wp-content/uploads/2022/02/NRMCA_LCAReportV3-2_20220224.pdf,0.999862088,Baseline,580,1,m3,Industry,single,industry data,"NRMCA ready-mixed concrete benchmark report (ASMI, 2021) ","Athena Sustainable Materials Institute. (2021). A Cradle-to-Gate Life Cycle Assessment of Ready-Mixed Concrete Manufactured by NRMCA Members - Version 3.2, Appendix C: NRMCA Member National and Regional LCA Benchmark (Industry Average) Report - V3.2 (pp. 51–101). National Ready Mixed Concrete Association (NRMCA).",FALSE,US Rocky Mountains,1266.73,kg/m3,999,Placeholder,d_truck,Concrete,3,No,No,No,No,N/A,N/A,N/A,N/A,N/A,N/A,N/A,N/A,N/A,N/A,N/A,N/A,N/A,N/A,N/A,N/A,5000,light weight,N/A,N/A,N/A,N/A,580,N/A,N/A,N/A,2.5096538408495400,0.9698662253482280,0.0000200972279686,31.5856433595366000,2571.1253620190300000,No,N/A,N/A,N/A,N/A,N/A,N/A,N/A,N/A,N/A,N/A,N/A,N/A,N/A,N/A,N/A,N/A,N/A
Cement and concrete,Ready-mix,"Ready-mixed concrete, USA, Rocky Mountains, LW 5000 psi",N/A,N/A,#VALUE!,High-80th%,N/A,N/A,N/A,N/A,N/A,N/A,N/A,N/A,FALSE,N/A,N/A,N/A,999,Placeholder,d_truck,Concrete,3,No,No,No,No,N/A,N/A,N/A,N/A,N/A,N/A,N/A,N/A,N/A,N/A,N/A,N/A,N/A,N/A,N/A,N/A,5000,light weight,N/A,N/A,N/A,N/A,N/A,N/A,N/A,N/A,N/A,N/A,N/A,N/A,N/A,No,N/A,N/A,N/A,N/A,N/A,N/A,N/A,N/A,N/A,N/A,N/A,N/A,N/A,N/A,N/A,N/A,N/A
Cement and concrete,Ready-mix,"Ready-mixed concrete, USA, Rocky Mountains, LW 5000 psi",N/A,N/A,#VALUE!,Low-20th%,N/A,N/A,N/A,N/A,N/A,N/A,N/A,N/A,FALSE,N/A,N/A,N/A,999,Placeholder,d_truck,Concrete,3,No,No,No,No,N/A,N/A,N/A,N/A,N/A,N/A,N/A,N/A,N/A,N/A,N/A,N/A,N/A,N/A,N/A,N/A,5000,light weight,N/A,N/A,N/A,N/A,N/A,N/A,N/A,N/A,N/A,N/A,N/A,N/A,N/A,No,N/A,N/A,N/A,N/A,N/A,N/A,N/A,N/A,N/A,N/A,N/A,N/A,N/A,N/A,N/A,N/A,N/A
Cement and concrete,Ready-mix,"Ready-mixed concrete, USA, South Central, 2500 psi",CLF 2025 Material Baselines,https://www.nrmca.org/wp-content/uploads/2022/02/NRMCA_LCAReportV3-2_20220224.pdf,1.00203955,Baseline,226,1,m3,Industry,single,industry data,"NRMCA ready-mixed concrete benchmark report (ASMI, 2021) ","Athena Sustainable Materials Institute. (2021). A Cradle-to-Gate Life Cycle Assessment of Ready-Mixed Concrete Manufactured by NRMCA Members - Version 3.2, Appendix C: NRMCA Member National and Regional LCA Benchmark (Industry Average) Report - V3.2 (pp. 51–101). National Ready Mixed Concrete Association (NRMCA).",FALSE,US South Central,2252.62,kg/m3,999,Placeholder,d_truck,Concrete,3,No,No,No,No,N/A,N/A,N/A,N/A,N/A,N/A,N/A,N/A,N/A,N/A,N/A,N/A,N/A,N/A,N/A,N/A,2500,regular,N/A,N/A,N/A,N/A,226,N/A,N/A,N/A,0.6212645207058620,0.2304690963908840,0.0000048498714197,13.6778398510242000,380.6948656557600000,No,N/A,N/A,N/A,N/A,N/A,N/A,N/A,N/A,N/A,N/A,N/A,N/A,N/A,N/A,N/A,N/A,N/A
Cement and concrete,Ready-mix,"Ready-mixed concrete, USA, South Central, 2500 psi",CLF 2025 Material Baselines,https://buildingtransparency.org/ec3/epds/ec33092g,1.069537346,High-80th%,280,1,m3,N/A,N/A,N/A,325AD30L,Texas Materials - Gulf Coast Area,FALSE,US South Central,2252.62,kg/m3,999,Placeholder,d_truck,Concrete,3,No,No,No,No,N/A,N/A,N/A,N/A,N/A,N/A,N/A,N/A,N/A,N/A,N/A,N/A,N/A,N/A,N/A,N/A,2500,regular,N/A,N/A,N/A,N/A,280,N/A,N/A,N/A,0.7390396425545070,0.3382967694166100,0.0000071765955893,41.2629037388887000,N/A,No,N/A,N/A,N/A,N/A,N/A,N/A,N/A,N/A,N/A,N/A,N/A,N/A,N/A,N/A,N/A,N/A,N/A
Cement and concrete,Ready-mix,"Ready-mixed concrete, USA, South Central, 2500 psi",CLF 2025 Material Baselines,https://buildingtransparency.org/ec3/epds/ec3g1th9,1,Low-20th%,220,1,m3,N/A,N/A,N/A,Mix 32502W,Ingram Ready Mix,FALSE,US South Central,2252.62,kg/m3,999,Placeholder,d_truck,Concrete,3,No,No,No,No,N/A,N/A,N/A,N/A,N/A,N/A,N/A,N/A,N/A,N/A,N/A,N/A,N/A,N/A,N/A,N/A,2500,regular,N/A,N/A,N/A,N/A,220,N/A,N/A,N/A,0.9900000000000000,0.2500000000000000,0.0000047600000000,25.7000000000000000,714.0000000000000000,No,N/A,N/A,N/A,N/A,N/A,N/A,N/A,N/A,N/A,N/A,N/A,N/A,N/A,N/A,N/A,N/A,N/A
Cement and concrete,Ready-mix,"Ready-mixed concrete, USA, South Central, 3000 psi",CLF 2025 Material Baselines,https://www.nrmca.org/wp-content/uploads/2022/02/NRMCA_LCAReportV3-2_20220224.pdf,0.998125968,Baseline,245,1,m3,Industry,single,industry data,"NRMCA ready-mixed concrete benchmark report (ASMI, 2021) ","Athena Sustainable Materials Institute. (2021). A Cradle-to-Gate Life Cycle Assessment of Ready-Mixed Concrete Manufactured by NRMCA Members - Version 3.2, Appendix C: NRMCA Member National and Regional LCA Benchmark (Industry Average) Report - V3.2 (pp. 51–101). National Ready Mixed Concrete Association (NRMCA).",FALSE,US South Central,2259.7,kg/m3,999,Placeholder,d_truck,Concrete,3,No,No,No,No,N/A,N/A,N/A,N/A,N/A,N/A,N/A,N/A,N/A,N/A,N/A,N/A,N/A,N/A,N/A,N/A,3000,regular,N/A,N/A,N/A,N/A,245,N/A,N/A,N/A,0.8484070724354270,0.3194003096227490,0.0000067473315408,18.6549743339037000,507.9363236372520000,No,N/A,N/A,N/A,N/A,N/A,N/A,N/A,N/A,N/A,N/A,N/A,N/A,N/A,N/A,N/A,N/A,N/A
Cement and concrete,Ready-mix,"Ready-mixed concrete, USA, South Central, 3000 psi",CLF 2025 Material Baselines,https://buildingtransparency.org/ec3/epds/ec3akcdb,1.045449091,High-80th%,318,1,m3,N/A,N/A,N/A,AEA-AF81,Lauren Concrete,FALSE,US South Central,2259.7,kg/m3,999,Placeholder,d_truck,Concrete,3,No,No,No,No,N/A,N/A,N/A,N/A,N/A,N/A,N/A,N/A,N/A,N/A,N/A,N/A,N/A,N/A,N/A,N/A,3000,regular,N/A,N/A,N/A,N/A,318,N/A,N/A,N/A,1.1571213493525900,0.2444143930066690,0.0000081440484194,25.8269917991423000,N/A,No,N/A,N/A,N/A,N/A,N/A,N/A,N/A,N/A,N/A,N/A,N/A,N/A,N/A,N/A,N/A,N/A,N/A
Cement and concrete,Ready-mix,"Ready-mixed concrete, USA, South Central, 3000 psi",CLF 2025 Material Baselines,https://buildingtransparency.org/ec3/epds/ec39dc60,1.004201681,Low-20th%,239,1,m3,N/A,N/A,N/A,Mix 33002MW,Ingram Ready Mix,FALSE,US South Central,2259.7,kg/m3,999,Placeholder,d_truck,Concrete,3,No,No,No,No,N/A,N/A,N/A,N/A,N/A,N/A,N/A,N/A,N/A,N/A,N/A,N/A,N/A,N/A,N/A,N/A,3000,regular,N/A,N/A,N/A,N/A,239,N/A,N/A,N/A,1.0343277310924400,0.2711344537815130,0.0000051716386555,26.4105042016807000,737.0840336134450000,No,N/A,N/A,N/A,N/A,N/A,N/A,N/A,N/A,N/A,N/A,N/A,N/A,N/A,N/A,N/A,N/A,N/A
Cement and concrete,Ready-mix,"Ready-mixed concrete, USA, South Central, 4000 psi",CLF 2025 Material Baselines,https://www.nrmca.org/wp-content/uploads/2022/02/NRMCA_LCAReportV3-2_20220224.pdf,1.000244815,Baseline,286,1,m3,Industry,single,industry data,"NRMCA ready-mixed concrete benchmark report (ASMI, 2021) ","Athena Sustainable Materials Institute. (2021). A Cradle-to-Gate Life Cycle Assessment of Ready-Mixed Concrete Manufactured by NRMCA Members - Version 3.2, Appendix C: NRMCA Member National and Regional LCA Benchmark (Industry Average) Report - V3.2 (pp. 51–101). National Ready Mixed Concrete Association (NRMCA).",FALSE,US South Central,2257.34,kg/m3,999,Placeholder,d_truck,Concrete,3,No,No,No,No,N/A,N/A,N/A,N/A,N/A,N/A,N/A,N/A,N/A,N/A,N/A,N/A,N/A,N/A,N/A,N/A,4000,regular,N/A,N/A,N/A,N/A,286,N/A,N/A,N/A,0.9302276781030320,0.3700905816108840,0.0000076318679397,20.3549819885986000,530.4198230336100000,No,N/A,N/A,N/A,N/A,N/A,N/A,N/A,N/A,N/A,N/A,N/A,N/A,N/A,N/A,N/A,N/A,N/A
Cement and concrete,Ready-mix,"Ready-mixed concrete, USA, South Central, 4000 psi",CLF 2025 Material Baselines,https://buildingtransparency.org/ec3/epds/ec3am8z5,0.946969697,High-80th%,375,1,m3,N/A,N/A,N/A,Mix 1616771,CEMEX,FALSE,US South Central,2257.34,kg/m3,999,Placeholder,d_truck,Concrete,3,No,No,No,No,N/A,N/A,N/A,N/A,N/A,N/A,N/A,N/A,N/A,N/A,N/A,N/A,N/A,N/A,N/A,N/A,4000,regular,N/A,N/A,N/A,N/A,375,N/A,N/A,N/A,1.3541666666666700,0.4261363636363640,0.0000081818181818,30.7765151515152000,1067.2348484848500000,No,N/A,N/A,N/A,N/A,N/A,N/A,N/A,N/A,N/A,N/A,N/A,N/A,N/A,N/A,N/A,N/A,N/A
Cement and concrete,Ready-mix,"Ready-mixed concrete, USA, South Central, 4000 psi",CLF 2025 Material Baselines,https://buildingtransparency.org/ec3/epds/ec32cc9u,0.978417266,Low-20th%,272,1,m3,N/A,N/A,N/A,Mix 1622261,CEMEX,FALSE,US South Central,2257.34,kg/m3,999,Placeholder,d_truck,Concrete,3,No,No,No,No,N/A,N/A,N/A,N/A,N/A,N/A,N/A,N/A,N/A,N/A,N/A,N/A,N/A,N/A,N/A,N/A,4000,regular,N/A,N/A,N/A,N/A,272,N/A,N/A,N/A,0.7631654676258990,0.3033093525179860,0.0000063694964029,16.2417266187050000,495.0791366906470000,No,N/A,N/A,N/A,N/A,N/A,N/A,N/A,N/A,N/A,N/A,N/A,N/A,N/A,N/A,N/A,N/A,N/A
Cement and concrete,Ready-mix,"Ready-mixed concrete, USA, South Central, 5000 psi",CLF 2025 Material Baselines,https://www.nrmca.org/wp-content/uploads/2022/02/NRMCA_LCAReportV3-2_20220224.pdf,0.998840631,Baseline,336,1,m3,Industry,single,industry data,"NRMCA ready-mixed concrete benchmark report (ASMI, 2021) ","Athena Sustainable Materials Institute. (2021). A Cradle-to-Gate Life Cycle Assessment of Ready-Mixed Concrete Manufactured by NRMCA Members - Version 3.2, Appendix C: NRMCA Member National and Regional LCA Benchmark (Industry Average) Report - V3.2 (pp. 51–101). National Ready Mixed Concrete Association (NRMCA).",FALSE,US South Central,2272.68,kg/m3,999,Placeholder,d_truck,Concrete,3,No,No,No,No,N/A,N/A,N/A,N/A,N/A,N/A,N/A,N/A,N/A,N/A,N/A,N/A,N/A,N/A,N/A,N/A,5000,regular,N/A,N/A,N/A,N/A,336,N/A,N/A,N/A,1.0387942566663700,0.4195130651921880,0.0000087098903059,22.4039953625256000,564.2450726834920000,No,N/A,N/A,N/A,N/A,N/A,N/A,N/A,N/A,N/A,N/A,N/A,N/A,N/A,N/A,N/A,N/A,N/A
Cement and concrete,Ready-mix,"Ready-mixed concrete, USA, South Central, 5000 psi",CLF 2025 Material Baselines,https://buildingtransparency.org/ec3/epds/ec3a7zj4,0.981132075,High-80th%,416,1,m3,N/A,N/A,N/A,1421636,CEMEX,FALSE,US South Central,2272.68,kg/m3,999,Placeholder,d_truck,Concrete,3,No,No,No,No,N/A,N/A,N/A,N/A,N/A,N/A,N/A,N/A,N/A,N/A,N/A,N/A,N/A,N/A,N/A,N/A,5000,regular,N/A,N/A,N/A,N/A,416,N/A,N/A,N/A,1.1675471698113200,0.4905660377358490,0.0000097132075472,25.8037735849057000,728.0000000000000000,No,N/A,N/A,N/A,N/A,N/A,N/A,N/A,N/A,N/A,N/A,N/A,N/A,N/A,N/A,N/A,N/A,N/A
Cement and concrete,Ready-mix,"Ready-mixed concrete, USA, South Central, 5000 psi",CLF 2025 Material Baselines,https://buildingtransparency.org/ec3/epds/ec3mxqyz,0.993710692,Low-20th%,316,1,m3,N/A,N/A,N/A,Mix 50026,Smyrna Ready Mix Concrete LLC,FALSE,US South Central,2272.68,kg/m3,999,Placeholder,d_truck,Concrete,3,No,No,No,No,N/A,N/A,N/A,N/A,N/A,N/A,N/A,N/A,N/A,N/A,N/A,N/A,N/A,N/A,N/A,N/A,5000,regular,N/A,N/A,N/A,N/A,316,N/A,N/A,N/A,1.0732075471698100,0.3477987421383650,0.0000076018867925,23.4515723270440000,802.9182389937110000,No,N/A,N/A,N/A,N/A,N/A,N/A,N/A,N/A,N/A,N/A,N/A,N/A,N/A,N/A,N/A,N/A,N/A
Cement and concrete,Ready-mix,"Ready-mixed concrete, USA, South Central, 6000 psi",CLF 2025 Material Baselines,https://www.nrmca.org/wp-content/uploads/2022/02/NRMCA_LCAReportV3-2_20220224.pdf,1.000084277,Baseline,356,1,m3,Industry,single,industry data,"NRMCA ready-mixed concrete benchmark report (ASMI, 2021) ","Athena Sustainable Materials Institute. (2021). A Cradle-to-Gate Life Cycle Assessment of Ready-Mixed Concrete Manufactured by NRMCA Members - Version 3.2, Appendix C: NRMCA Member National and Regional LCA Benchmark (Industry Average) Report - V3.2 (pp. 51–101). National Ready Mixed Concrete Association (NRMCA).",FALSE,US South Central,2364.72,kg/m3,999,Placeholder,d_truck,Concrete,3,No,No,No,No,N/A,N/A,N/A,N/A,N/A,N/A,N/A,N/A,N/A,N/A,N/A,N/A,N/A,N/A,N/A,N/A,6000,regular,N/A,N/A,N/A,N/A,356,N/A,N/A,N/A,1.0900918616737400,0.4400370817765540,0.0000091807736607,23.4719779756721000,588.1595640082030000,No,N/A,N/A,N/A,N/A,N/A,N/A,N/A,N/A,N/A,N/A,N/A,N/A,N/A,N/A,N/A,N/A,N/A
Cement and concrete,Ready-mix,"Ready-mixed concrete, USA, South Central, 6000 psi",CLF 2025 Material Baselines,https://buildingtransparency.org/ec3/epds/ec3u08uj,1.044568245,High-80th%,375,1,m3,N/A,N/A,N/A,Mix 60015,Smyrna Ready Mix Concrete LLC,FALSE,US South Central,2364.72,kg/m3,999,Placeholder,d_truck,Concrete,3,No,No,No,No,N/A,N/A,N/A,N/A,N/A,N/A,N/A,N/A,N/A,N/A,N/A,N/A,N/A,N/A,N/A,N/A,6000,regular,N/A,N/A,N/A,N/A,375,N/A,N/A,N/A,1.2012534818941500,0.4178272980501390,0.0000090459610028,25.8008356545961000,873.2590529247910000,No,N/A,N/A,N/A,N/A,N/A,N/A,N/A,N/A,N/A,N/A,N/A,N/A,N/A,N/A,N/A,N/A,N/A
Cement and concrete,Ready-mix,"Ready-mixed concrete, USA, South Central, 6000 psi",CLF 2025 Material Baselines,https://buildingtransparency.org/ec3/epds/ec3x1jg8,0.777419355,Low-20th%,241,1,m3,N/A,N/A,N/A,Mix 60008,Smyrna Ready Mix Concrete LLC,FALSE,US South Central,2364.72,kg/m3,999,Placeholder,d_truck,Concrete,3,No,No,No,No,N/A,N/A,N/A,N/A,N/A,N/A,N/A,N/A,N/A,N/A,N/A,N/A,N/A,N/A,N/A,N/A,6000,regular,N/A,N/A,N/A,N/A,241,N/A,N/A,N/A,0.8318387096774190,0.2643225806451610,0.0000057295806452,18.2693548387097000,649.1451612903230000,No,N/A,N/A,N/A,N/A,N/A,N/A,N/A,N/A,N/A,N/A,N/A,N/A,N/A,N/A,N/A,N/A,N/A
Cement and concrete,Ready-mix,"Ready-mixed concrete, USA, South Central, 8000 psi",CLF 2025 Material Baselines,https://www.nrmca.org/wp-content/uploads/2022/02/NRMCA_LCAReportV3-2_20220224.pdf,0.999731124,Baseline,409,1,m3,Industry,single,industry data,"NRMCA ready-mixed concrete benchmark report (ASMI, 2021) ","Athena Sustainable Materials Institute. (2021). A Cradle-to-Gate Life Cycle Assessment of Ready-Mixed Concrete Manufactured by NRMCA Members - Version 3.2, Appendix C: NRMCA Member National and Regional LCA Benchmark (Industry Average) Report - V3.2 (pp. 51–101). National Ready Mixed Concrete Association (NRMCA).",FALSE,US South Central,2360.59,kg/m3,999,Placeholder,d_truck,Concrete,3,No,No,No,No,N/A,N/A,N/A,N/A,N/A,N/A,N/A,N/A,N/A,N/A,N/A,N/A,N/A,N/A,N/A,N/A,8000,regular,N/A,N/A,N/A,N/A,409,N/A,N/A,N/A,1.1996773483904100,0.4998655618293370,0.0000102972305737,25.6331060106084000,615.8543667962160000,No,N/A,N/A,N/A,N/A,N/A,N/A,N/A,N/A,N/A,N/A,N/A,N/A,N/A,N/A,N/A,N/A,N/A
Cement and concrete,Ready-mix,"Ready-mixed concrete, USA, South Central, 8000 psi",CLF 2025 Material Baselines,https://buildingtransparency.org/ec3/epds/ec3ttjrz,0.798493409,High-80th%,424,1,m3,N/A,N/A,N/A,Mix 1535929,CEMEX,FALSE,US South Central,2360.59,kg/m3,999,Placeholder,d_truck,Concrete,3,No,No,No,No,N/A,N/A,N/A,N/A,N/A,N/A,N/A,N/A,N/A,N/A,N/A,N/A,N/A,N/A,N/A,N/A,8000,regular,N/A,N/A,N/A,N/A,424,N/A,N/A,N/A,2.3076459510357800,0.4711111111111110,0.0000080647834275,59.3280602636535000,1466.0338983050800000,No,N/A,N/A,N/A,N/A,N/A,N/A,N/A,N/A,N/A,N/A,N/A,N/A,N/A,N/A,N/A,N/A,N/A
Cement and concrete,Ready-mix,"Ready-mixed concrete, USA, South Central, 8000 psi",CLF 2025 Material Baselines,https://buildingtransparency.org/ec3/epds/ec3xxngt,1.093338733,Low-20th%,324,1,m3,N/A,N/A,N/A,Mix 3834D_Austin,Lauren Concrete,FALSE,US South Central,2360.59,kg/m3,999,Placeholder,d_truck,Concrete,3,No,No,No,No,N/A,N/A,N/A,N/A,N/A,N/A,N/A,N/A,N/A,N/A,N/A,N/A,N/A,N/A,N/A,N/A,8000,regular,N/A,N/A,N/A,N/A,324,N/A,N/A,N/A,1.1042721198623200,0.2514679084834990,0.0000086373759870,25.7262603765945000,N/A,No,N/A,N/A,N/A,N/A,N/A,N/A,N/A,N/A,N/A,N/A,N/A,N/A,N/A,N/A,N/A,N/A,N/A
Cement and concrete,Ready-mix,"Ready-mixed concrete, USA, South Central, LW 3000 psi",CLF 2025 Material Baselines,https://www.nrmca.org/wp-content/uploads/2022/02/NRMCA_LCAReportV3-2_20220224.pdf,1.000235098,Baseline,468,1,m3,Industry,single,industry data,"NRMCA ready-mixed concrete benchmark report (ASMI, 2021) ","Athena Sustainable Materials Institute. (2021). A Cradle-to-Gate Life Cycle Assessment of Ready-Mixed Concrete Manufactured by NRMCA Members - Version 3.2, Appendix C: NRMCA Member National and Regional LCA Benchmark (Industry Average) Report - V3.2 (pp. 51–101). National Ready Mixed Concrete Association (NRMCA).",FALSE,US South Central,1285.61,kg/m3,999,Placeholder,d_truck,Concrete,3,No,No,No,No,N/A,N/A,N/A,N/A,N/A,N/A,N/A,N/A,N/A,N/A,N/A,N/A,N/A,N/A,N/A,N/A,3000,light weight,N/A,N/A,N/A,N/A,468,N/A,N/A,N/A,2.3405501293039000,0.8501998332941500,0.0000176041377247,29.8070059201949000,2497.9071149201700000,No,N/A,N/A,N/A,N/A,N/A,N/A,N/A,N/A,N/A,N/A,N/A,N/A,N/A,N/A,N/A,N/A,N/A
Cement and concrete,Ready-mix,"Ready-mixed concrete, USA, South Central, LW 3000 psi",N/A,N/A,#VALUE!,High-80th%,N/A,N/A,N/A,N/A,N/A,N/A,N/A,N/A,FALSE,N/A,N/A,N/A,999,Placeholder,d_truck,Concrete,3,No,No,No,No,N/A,N/A,N/A,N/A,N/A,N/A,N/A,N/A,N/A,N/A,N/A,N/A,N/A,N/A,N/A,N/A,3000,light weight,N/A,N/A,N/A,N/A,N/A,N/A,N/A,N/A,N/A,N/A,N/A,N/A,N/A,No,N/A,N/A,N/A,N/A,N/A,N/A,N/A,N/A,N/A,N/A,N/A,N/A,N/A,N/A,N/A,N/A,N/A
Cement and concrete,Ready-mix,"Ready-mixed concrete, USA, South Central, LW 3000 psi",N/A,N/A,#VALUE!,Low-20th%,N/A,N/A,N/A,N/A,N/A,N/A,N/A,N/A,FALSE,N/A,N/A,N/A,999,Placeholder,d_truck,Concrete,3,No,No,No,No,N/A,N/A,N/A,N/A,N/A,N/A,N/A,N/A,N/A,N/A,N/A,N/A,N/A,N/A,N/A,N/A,3000,light weight,N/A,N/A,N/A,N/A,N/A,N/A,N/A,N/A,N/A,N/A,N/A,N/A,N/A,No,N/A,N/A,N/A,N/A,N/A,N/A,N/A,N/A,N/A,N/A,N/A,N/A,N/A,N/A,N/A,N/A,N/A
Cement and concrete,Ready-mix,"Ready-mixed concrete, USA, South Central, LW 4000 psi",CLF 2025 Material Baselines,https://www.nrmca.org/wp-content/uploads/2022/02/NRMCA_LCAReportV3-2_20220224.pdf,0.999275036,Baseline,510,1,m3,Industry,single,industry data,"NRMCA ready-mixed concrete benchmark report (ASMI, 2021) ","Athena Sustainable Materials Institute. (2021). A Cradle-to-Gate Life Cycle Assessment of Ready-Mixed Concrete Manufactured by NRMCA Members - Version 3.2, Appendix C: NRMCA Member National and Regional LCA Benchmark (Industry Average) Report - V3.2 (pp. 51–101). National Ready Mixed Concrete Association (NRMCA).",FALSE,US South Central,1280.89,kg/m3,999,Placeholder,d_truck,Concrete,3,No,No,No,No,N/A,N/A,N/A,N/A,N/A,N/A,N/A,N/A,N/A,N/A,N/A,N/A,N/A,N/A,N/A,N/A,4000,light weight,N/A,N/A,N/A,N/A,510,N/A,N/A,N/A,2.4382310872504300,0.8993475321825340,0.0000185865156651,31.5471128788918000,2537.6689460587400000,No,N/A,N/A,N/A,N/A,N/A,N/A,N/A,N/A,N/A,N/A,N/A,N/A,N/A,N/A,N/A,N/A,N/A
Cement and concrete,Ready-mix,"Ready-mixed concrete, USA, South Central, LW 4000 psi",CLF 2025 Material Baselines,https://buildingtransparency.org/ec3/epds/ec3402h1,1.222698073,High-80th%,571,1,m3,N/A,N/A,N/A,Mix 40041,Smyrna Ready Mix Concrete LLC,FALSE,US South Central,1280.89,kg/m3,999,Placeholder,d_truck,Concrete,3,No,No,No,No,N/A,N/A,N/A,N/A,N/A,N/A,N/A,N/A,N/A,N/A,N/A,N/A,N/A,N/A,N/A,N/A,4000,light weight,N/A,N/A,N/A,N/A,571,N/A,N/A,N/A,2.4331691648822300,0.5868950749464670,0.0000363141327623,34.9691648822270000,3549.4925053533200000,No,N/A,N/A,N/A,N/A,N/A,N/A,N/A,N/A,N/A,N/A,N/A,N/A,N/A,N/A,N/A,N/A,N/A
Cement and concrete,Ready-mix,"Ready-mixed concrete, USA, South Central, LW 4000 psi",CLF 2025 Material Baselines,https://buildingtransparency.org/ec3/epds/ec3ctn7e,1.000974732,Low-20th%,267,1,m3,N/A,N/A,N/A,41CMA5GF381,Lauren Concrete,FALSE,US South Central,1280.89,kg/m3,999,Placeholder,d_truck,Concrete,3,No,No,No,No,N/A,N/A,N/A,N/A,N/A,N/A,N/A,N/A,N/A,N/A,N/A,N/A,N/A,N/A,N/A,N/A,4000,light weight,N/A,N/A,N/A,N/A,267,N/A,N/A,N/A,0.9609357426707660,0.2202144410287170,0.0000080878758341,24.6339881532579000,N/A,No,N/A,N/A,N/A,N/A,N/A,N/A,N/A,N/A,N/A,N/A,N/A,N/A,N/A,N/A,N/A,N/A,N/A
Cement and concrete,Ready-mix,"Ready-mixed concrete, USA, South Central, LW 5000 psi",CLF 2025 Material Baselines,https://www.nrmca.org/wp-content/uploads/2022/02/NRMCA_LCAReportV3-2_20220224.pdf,0.999657775,Baseline,555,1,m3,Industry,single,industry data,"NRMCA ready-mixed concrete benchmark report (ASMI, 2021) ","Athena Sustainable Materials Institute. (2021). A Cradle-to-Gate Life Cycle Assessment of Ready-Mixed Concrete Manufactured by NRMCA Members - Version 3.2, Appendix C: NRMCA Member National and Regional LCA Benchmark (Industry Average) Report - V3.2 (pp. 51–101). National Ready Mixed Concrete Association (NRMCA).",FALSE,US South Central,1266.73,kg/m3,999,Placeholder,d_truck,Concrete,3,No,No,No,No,N/A,N/A,N/A,N/A,N/A,N/A,N/A,N/A,N/A,N/A,N/A,N/A,N/A,N/A,N/A,N/A,5000,light weight,N/A,N/A,N/A,N/A,555,N/A,N/A,N/A,2.5491273257803600,0.9496748860750370,0.0000196932581639,33.4285559898413000,2606.6876204542600000,No,N/A,N/A,N/A,N/A,N/A,N/A,N/A,N/A,N/A,N/A,N/A,N/A,N/A,N/A,N/A,N/A,N/A
Cement and concrete,Ready-mix,"Ready-mixed concrete, USA, South Central, LW 5000 psi",N/A,N/A,#VALUE!,High-80th%,N/A,N/A,N/A,N/A,N/A,N/A,N/A,N/A,FALSE,N/A,N/A,N/A,999,Placeholder,d_truck,Concrete,3,No,No,No,No,N/A,N/A,N/A,N/A,N/A,N/A,N/A,N/A,N/A,N/A,N/A,N/A,N/A,N/A,N/A,N/A,5000,light weight,N/A,N/A,N/A,N/A,N/A,N/A,N/A,N/A,N/A,N/A,N/A,N/A,N/A,No,N/A,N/A,N/A,N/A,N/A,N/A,N/A,N/A,N/A,N/A,N/A,N/A,N/A,N/A,N/A,N/A,N/A
Cement and concrete,Ready-mix,"Ready-mixed concrete, USA, South Central, LW 5000 psi",N/A,N/A,#VALUE!,Low-20th%,N/A,N/A,N/A,N/A,N/A,N/A,N/A,N/A,FALSE,N/A,N/A,N/A,999,Placeholder,d_truck,Concrete,3,No,No,No,No,N/A,N/A,N/A,N/A,N/A,N/A,N/A,N/A,N/A,N/A,N/A,N/A,N/A,N/A,N/A,N/A,5000,light weight,N/A,N/A,N/A,N/A,N/A,N/A,N/A,N/A,N/A,N/A,N/A,N/A,N/A,No,N/A,N/A,N/A,N/A,N/A,N/A,N/A,N/A,N/A,N/A,N/A,N/A,N/A,N/A,N/A,N/A,N/A
Cement and concrete,Ready-mix,"Ready-mixed concrete, USA, North Central, 2500 psi",CLF 2025 Material Baselines,https://www.nrmca.org/wp-content/uploads/2022/02/NRMCA_LCAReportV3-2_20220224.pdf,1.000082994,Baseline,241,1,m3,Industry,single,industry data,"NRMCA ready-mixed concrete benchmark report (ASMI, 2021) ","Athena Sustainable Materials Institute. (2021). A Cradle-to-Gate Life Cycle Assessment of Ready-Mixed Concrete Manufactured by NRMCA Members - Version 3.2, Appendix C: NRMCA Member National and Regional LCA Benchmark (Industry Average) Report - V3.2 (pp. 51–101). National Ready Mixed Concrete Association (NRMCA).",FALSE,US North Central,2278.58,kg/m3,999,Placeholder,d_truck,Concrete,3,No,No,No,No,N/A,N/A,N/A,N/A,N/A,N/A,N/A,N/A,N/A,N/A,N/A,N/A,N/A,N/A,N/A,N/A,2500,regular,N/A,N/A,N/A,N/A,241,N/A,N/A,N/A,0.6300522864968050,0.2800232384430240,0.0000044903726450,13.3011038260437000,418.3447174039340000,No,N/A,N/A,N/A,N/A,N/A,N/A,N/A,N/A,N/A,N/A,N/A,N/A,N/A,N/A,N/A,N/A,N/A
Cement and concrete,Ready-mix,"Ready-mixed concrete, USA, North Central, 2500 psi",CLF 2025 Material Baselines,https://buildingtransparency.org/ec3/epds/ec3kpmhs,1.015209125,High-80th%,267,1,m3,N/A,N/A,N/A,Mix R0107,"AVR, Inc.",FALSE,US North Central,2278.58,kg/m3,999,Placeholder,d_truck,Concrete,3,No,No,No,No,N/A,N/A,N/A,N/A,N/A,N/A,N/A,N/A,N/A,N/A,N/A,N/A,N/A,N/A,N/A,N/A,2500,regular,N/A,N/A,N/A,N/A,267,N/A,N/A,N/A,0.6497338403041820,0.3248669201520910,0.0000087003422053,15.1266159695817000,1487.2813688212900000,No,N/A,N/A,N/A,N/A,N/A,N/A,N/A,N/A,N/A,N/A,N/A,N/A,N/A,N/A,N/A,N/A,N/A
Cement and concrete,Ready-mix,"Ready-mixed concrete, USA, North Central, 2500 psi",CLF 2025 Material Baselines,https://buildingtransparency.org/ec3/epds/ec3uqm51,0.923766816,Low-20th%,206,1,m3,N/A,N/A,N/A,2500ftg,CTI Ready Mix,FALSE,US North Central,2278.58,kg/m3,999,Placeholder,d_truck,Concrete,3,No,No,No,No,N/A,N/A,N/A,N/A,N/A,N/A,N/A,N/A,N/A,N/A,N/A,N/A,N/A,N/A,N/A,N/A,2500,regular,N/A,N/A,N/A,N/A,206,N/A,N/A,N/A,0.8313901345291480,0.2217040358744390,0.0000042493273543,19.0295964125561000,775.0403587443950000,No,N/A,N/A,N/A,N/A,N/A,N/A,N/A,N/A,N/A,N/A,N/A,N/A,N/A,N/A,N/A,N/A,N/A
Cement and concrete,Ready-mix,"Ready-mixed concrete, USA, North Central, 3000 psi",CLF 2025 Material Baselines,https://www.nrmca.org/wp-content/uploads/2022/02/NRMCA_LCAReportV3-2_20220224.pdf,0.999772779,Baseline,264,1,m3,Industry,single,industry data,"NRMCA ready-mixed concrete benchmark report (ASMI, 2021) ","Athena Sustainable Materials Institute. (2021). A Cradle-to-Gate Life Cycle Assessment of Ready-Mixed Concrete Manufactured by NRMCA Members - Version 3.2, Appendix C: NRMCA Member National and Regional LCA Benchmark (Industry Average) Report - V3.2 (pp. 51–101). National Ready Mixed Concrete Association (NRMCA).",FALSE,US North Central,2271.5,kg/m3,999,Placeholder,d_truck,Concrete,3,No,No,No,No,N/A,N/A,N/A,N/A,N/A,N/A,N/A,N/A,N/A,N/A,N/A,N/A,N/A,N/A,N/A,N/A,3000,regular,N/A,N/A,N/A,N/A,264,N/A,N/A,N/A,0.8798000454442170,0.3899113837764140,0.0000063485571461,18.6657577823222000,571.5301067939100000,No,N/A,N/A,N/A,N/A,N/A,N/A,N/A,N/A,N/A,N/A,N/A,N/A,N/A,N/A,N/A,N/A,N/A
Cement and concrete,Ready-mix,"Ready-mixed concrete, USA, North Central, 3000 psi",CLF 2025 Material Baselines,https://buildingtransparency.org/ec3/epds/ec3adem9,0.940199336,High-80th%,283,1,m3,N/A,N/A,N/A,Mix 604,CTI Ready Mix,FALSE,US North Central,2271.5,kg/m3,999,Placeholder,d_truck,Concrete,3,No,No,No,No,N/A,N/A,N/A,N/A,N/A,N/A,N/A,N/A,N/A,N/A,N/A,N/A,N/A,N/A,N/A,N/A,3000,regular,N/A,N/A,N/A,N/A,283,N/A,N/A,N/A,1.2034551495016600,0.3196677740863790,0.0000057164119601,27.5478405315615000,966.5249169435220000,No,N/A,N/A,N/A,N/A,N/A,N/A,N/A,N/A,N/A,N/A,N/A,N/A,N/A,N/A,N/A,N/A,N/A
Cement and concrete,Ready-mix,"Ready-mixed concrete, USA, North Central, 3000 psi",CLF 2025 Material Baselines,https://buildingtransparency.org/ec3/epds/ec3bc1zm,0.976190476,Low-20th%,205,1,m3,N/A,N/A,N/A,Mix R5200,"AVR, Inc.",FALSE,US North Central,2271.5,kg/m3,999,Placeholder,d_truck,Concrete,3,No,No,No,No,N/A,N/A,N/A,N/A,N/A,N/A,N/A,N/A,N/A,N/A,N/A,N/A,N/A,N/A,N/A,N/A,3000,regular,N/A,N/A,N/A,N/A,205,N/A,N/A,N/A,0.5173809523809520,0.2538095238095240,0.0000067942857143,12.0071428571429000,1171.4285714285700000,No,N/A,N/A,N/A,N/A,N/A,N/A,N/A,N/A,N/A,N/A,N/A,N/A,N/A,N/A,N/A,N/A,N/A
Cement and concrete,Ready-mix,"Ready-mixed concrete, USA, North Central, 4000 psi",CLF 2025 Material Baselines,https://www.nrmca.org/wp-content/uploads/2022/02/NRMCA_LCAReportV3-2_20220224.pdf,0.998943425,Baseline,312,1,m3,Industry,single,industry data,"NRMCA ready-mixed concrete benchmark report (ASMI, 2021) ","Athena Sustainable Materials Institute. (2021). A Cradle-to-Gate Life Cycle Assessment of Ready-Mixed Concrete Manufactured by NRMCA Members - Version 3.2, Appendix C: NRMCA Member National and Regional LCA Benchmark (Industry Average) Report - V3.2 (pp. 51–101). National Ready Mixed Concrete Association (NRMCA).",FALSE,US North Central,2277.4,kg/m3,999,Placeholder,d_truck,Concrete,3,No,No,No,No,N/A,N/A,N/A,N/A,N/A,N/A,N/A,N/A,N/A,N/A,N/A,N/A,N/A,N/A,N/A,N/A,4000,regular,N/A,N/A,N/A,N/A,312,N/A,N/A,N/A,0.9989434252233220,0.4395351070982610,0.0000073622130439,21.3374315627701000,628.1556046489290000,No,N/A,N/A,N/A,N/A,N/A,N/A,N/A,N/A,N/A,N/A,N/A,N/A,N/A,N/A,N/A,N/A,N/A
Cement and concrete,Ready-mix,"Ready-mixed concrete, USA, North Central, 4000 psi",CLF 2025 Material Baselines,https://buildingtransparency.org/ec3/epds/ec363f80,0.966767372,High-80th%,320,1,m3,N/A,N/A,N/A,Mix L4030AEHR,Platte River Concrete,FALSE,US North Central,2277.4,kg/m3,999,Placeholder,d_truck,Concrete,3,No,No,No,No,N/A,N/A,N/A,N/A,N/A,N/A,N/A,N/A,N/A,N/A,N/A,N/A,N/A,N/A,N/A,N/A,4000,regular,N/A,N/A,N/A,N/A,320,N/A,N/A,N/A,0.9570996978851960,0.3963746223564950,0.0000072410876133,20.8821752265861000,704.7734138972810000,No,N/A,N/A,N/A,N/A,N/A,N/A,N/A,N/A,N/A,N/A,N/A,N/A,N/A,N/A,N/A,N/A,N/A
Cement and concrete,Ready-mix,"Ready-mixed concrete, USA, North Central, 4000 psi",CLF 2025 Material Baselines,https://buildingtransparency.org/ec3/epds/ec3jtztd,0.995884774,Low-20th%,242,1,m3,N/A,N/A,N/A,Mix R4051,"AVR, Inc.",FALSE,US North Central,2277.4,kg/m3,999,Placeholder,d_truck,Concrete,3,No,No,No,No,N/A,N/A,N/A,N/A,N/A,N/A,N/A,N/A,N/A,N/A,N/A,N/A,N/A,N/A,N/A,N/A,4000,regular,N/A,N/A,N/A,N/A,242,N/A,N/A,N/A,0.5079012345679010,0.2987654320987650,0.0000082857613169,11.7514403292181000,1286.6831275720200000,No,N/A,N/A,N/A,N/A,N/A,N/A,N/A,N/A,N/A,N/A,N/A,N/A,N/A,N/A,N/A,N/A,N/A
Cement and concrete,Ready-mix,"Ready-mixed concrete, USA, North Central, 5000 psi",CLF 2025 Material Baselines,https://www.nrmca.org/wp-content/uploads/2022/02/NRMCA_LCAReportV3-2_20220224.pdf,0.998952711,Baseline,372,1,m3,Industry,single,industry data,"NRMCA ready-mixed concrete benchmark report (ASMI, 2021) ","Athena Sustainable Materials Institute. (2021). A Cradle-to-Gate Life Cycle Assessment of Ready-Mixed Concrete Manufactured by NRMCA Members - Version 3.2, Appendix C: NRMCA Member National and Regional LCA Benchmark (Industry Average) Report - V3.2 (pp. 51–101). National Ready Mixed Concrete Association (NRMCA).",FALSE,US North Central,2267.37,kg/m3,999,Placeholder,d_truck,Concrete,3,No,No,No,No,N/A,N/A,N/A,N/A,N/A,N/A,N/A,N/A,N/A,N/A,N/A,N/A,N/A,N/A,N/A,N/A,5000,regular,N/A,N/A,N/A,N/A,372,N/A,N/A,N/A,1.1587851446064600,0.4994763554338190,0.0000086109723677,24.6241843228873000,703.3326351405790000,No,N/A,N/A,N/A,N/A,N/A,N/A,N/A,N/A,N/A,N/A,N/A,N/A,N/A,N/A,N/A,N/A,N/A
Cement and concrete,Ready-mix,"Ready-mixed concrete, USA, North Central, 5000 psi",CLF 2025 Material Baselines,https://buildingtransparency.org/ec3/epds/ec3gzrk9,0.926315789,High-80th%,352,1,m3,N/A,N/A,N/A,Mix 1545,CTI Ready Mix,FALSE,US North Central,2267.37,kg/m3,999,Placeholder,d_truck,Concrete,3,No,No,No,No,N/A,N/A,N/A,N/A,N/A,N/A,N/A,N/A,N/A,N/A,N/A,N/A,N/A,N/A,N/A,N/A,5000,regular,N/A,N/A,N/A,N/A,352,N/A,N/A,N/A,1.1301052631578900,0.3797894736842110,0.0000074383157895,25.0105263157895000,883.7052631578950000,No,N/A,N/A,N/A,N/A,N/A,N/A,N/A,N/A,N/A,N/A,N/A,N/A,N/A,N/A,N/A,N/A,N/A
Cement and concrete,Ready-mix,"Ready-mixed concrete, USA, North Central, 5000 psi",CLF 2025 Material Baselines,https://buildingtransparency.org/ec3/epds/ec36qwz8,0.977011494,Low-20th%,255,1,m3,N/A,N/A,N/A,Mix R4065,"AVR, Inc.",FALSE,US North Central,2267.37,kg/m3,999,Placeholder,d_truck,Concrete,3,No,No,No,No,N/A,N/A,N/A,N/A,N/A,N/A,N/A,N/A,N/A,N/A,N/A,N/A,N/A,N/A,N/A,N/A,5000,regular,N/A,N/A,N/A,N/A,255,N/A,N/A,N/A,0.6155172413793100,0.3126436781609200,0.0000084120689655,14.2643678160920000,1423.5057471264400000,No,N/A,N/A,N/A,N/A,N/A,N/A,N/A,N/A,N/A,N/A,N/A,N/A,N/A,N/A,N/A,N/A,N/A
Cement and concrete,Ready-mix,"Ready-mixed concrete, USA, North Central, 6000 psi",CLF 2025 Material Baselines,https://www.nrmca.org/wp-content/uploads/2022/02/NRMCA_LCAReportV3-2_20220224.pdf,0.999061795,Baseline,394,1,m3,Industry,single,industry data,"NRMCA ready-mixed concrete benchmark report (ASMI, 2021) ","Athena Sustainable Materials Institute. (2021). A Cradle-to-Gate Life Cycle Assessment of Ready-Mixed Concrete Manufactured by NRMCA Members - Version 3.2, Appendix C: NRMCA Member National and Regional LCA Benchmark (Industry Average) Report - V3.2 (pp. 51–101). National Ready Mixed Concrete Association (NRMCA).",FALSE,US North Central,2378.88,kg/m3,999,Placeholder,d_truck,Concrete,3,No,No,No,No,N/A,N/A,N/A,N/A,N/A,N/A,N/A,N/A,N/A,N/A,N/A,N/A,N/A,N/A,N/A,N/A,6000,regular,N/A,N/A,N/A,N/A,394,N/A,N/A,N/A,1.2188553896087400,0.5295027512234700,0.0000091114435682,25.9955878996881000,740.1149681770920000,No,N/A,N/A,N/A,N/A,N/A,N/A,N/A,N/A,N/A,N/A,N/A,N/A,N/A,N/A,N/A,N/A,N/A
Cement and concrete,Ready-mix,"Ready-mixed concrete, USA, North Central, 6000 psi",CLF 2025 Material Baselines,https://buildingtransparency.org/ec3/epds/ec3suz79,1.010899183,High-80th%,371,1,m3,N/A,N/A,N/A,Mix R1026,"AVR, Inc.",FALSE,US North Central,2378.88,kg/m3,999,Placeholder,d_truck,Concrete,3,No,No,No,No,N/A,N/A,N/A,N/A,N/A,N/A,N/A,N/A,N/A,N/A,N/A,N/A,N/A,N/A,N/A,N/A,6000,regular,N/A,N/A,N/A,N/A,371,N/A,N/A,N/A,0.7986103542234330,0.4447956403269750,0.0000123329700272,18.3983651226158000,1962.1553133515000000,No,N/A,N/A,N/A,N/A,N/A,N/A,N/A,N/A,N/A,N/A,N/A,N/A,N/A,N/A,N/A,N/A,N/A
Cement and concrete,Ready-mix,"Ready-mixed concrete, USA, North Central, 6000 psi",CLF 2025 Material Baselines,https://buildingtransparency.org/ec3/epds/ec3n2199,1,Low-20th%,255,1,m3,N/A,N/A,N/A,Mix R4081,"AVR, Inc.",FALSE,US North Central,2378.88,kg/m3,999,Placeholder,d_truck,Concrete,3,No,No,No,No,N/A,N/A,N/A,N/A,N/A,N/A,N/A,N/A,N/A,N/A,N/A,N/A,N/A,N/A,N/A,N/A,6000,regular,N/A,N/A,N/A,N/A,255,N/A,N/A,N/A,0.5400000000000000,0.3200000000000000,0.0000087100000000,12.2000000000000000,1358.0000000000000000,No,N/A,N/A,N/A,N/A,N/A,N/A,N/A,N/A,N/A,N/A,N/A,N/A,N/A,N/A,N/A,N/A,N/A
Cement and concrete,Ready-mix,"Ready-mixed concrete, USA, North Central, 8000 psi",CLF 2025 Material Baselines,https://www.nrmca.org/wp-content/uploads/2022/02/NRMCA_LCAReportV3-2_20220224.pdf,0.999695745,Baseline,460,1,m3,Industry,single,industry data,"NRMCA ready-mixed concrete benchmark report (ASMI, 2021) ","Athena Sustainable Materials Institute. (2021). A Cradle-to-Gate Life Cycle Assessment of Ready-Mixed Concrete Manufactured by NRMCA Members - Version 3.2, Appendix C: NRMCA Member National and Regional LCA Benchmark (Industry Average) Report - V3.2 (pp. 51–101). National Ready Mixed Concrete Association (NRMCA).",FALSE,US North Central,2387.73,kg/m3,999,Placeholder,d_truck,Concrete,3,No,No,No,No,N/A,N/A,N/A,N/A,N/A,N/A,N/A,N/A,N/A,N/A,N/A,N/A,N/A,N/A,N/A,N/A,8000,regular,N/A,N/A,N/A,N/A,460,N/A,N/A,N/A,1.3895770852349300,0.5998174468639980,0.0000104968053201,29.6709697048724000,823.2594427782850000,No,N/A,N/A,N/A,N/A,N/A,N/A,N/A,N/A,N/A,N/A,N/A,N/A,N/A,N/A,N/A,N/A,N/A
Cement and concrete,Ready-mix,"Ready-mixed concrete, USA, North Central, 8000 psi",CLF 2025 Material Baselines,https://buildingtransparency.org/ec3/epds/ec3bd9n7,0.977464789,High-80th%,347,1,m3,N/A,N/A,N/A,Mix S8157 (XS),Cemstone Ready Mix,FALSE,US North Central,2387.73,kg/m3,999,Placeholder,d_truck,Concrete,3,No,No,No,No,N/A,N/A,N/A,N/A,N/A,N/A,N/A,N/A,N/A,N/A,N/A,N/A,N/A,N/A,N/A,N/A,8000,regular,N/A,N/A,N/A,N/A,347,N/A,N/A,N/A,0.9383661971830990,0.4203098591549300,0.0000088656056338,18.7673239436620000,705.7295774647890000,No,N/A,N/A,N/A,N/A,N/A,N/A,N/A,N/A,N/A,N/A,N/A,N/A,N/A,N/A,N/A,N/A,N/A
Cement and concrete,Ready-mix,"Ready-mixed concrete, USA, North Central, 8000 psi",CLF 2025 Material Baselines,https://buildingtransparency.org/ec3/epds/ec3bm6e3,1.003311258,Low-20th%,303,1,m3,N/A,N/A,N/A,Mix R4069,"AVR, Inc.",FALSE,US North Central,2387.73,kg/m3,999,Placeholder,d_truck,Concrete,3,No,No,No,No,N/A,N/A,N/A,N/A,N/A,N/A,N/A,N/A,N/A,N/A,N/A,N/A,N/A,N/A,N/A,N/A,8000,regular,N/A,N/A,N/A,N/A,303,N/A,N/A,N/A,0.6822516556291390,0.3611920529801320,0.0000100331125828,16.1533112582781000,1638.4072847682100000,No,N/A,N/A,N/A,N/A,N/A,N/A,N/A,N/A,N/A,N/A,N/A,N/A,N/A,N/A,N/A,N/A,N/A
Cement and concrete,Ready-mix,"Ready-mixed concrete, USA, North Central, LW 3000 psi",CLF 2025 Material Baselines,https://www.nrmca.org/wp-content/uploads/2022/02/NRMCA_LCAReportV3-2_20220224.pdf,1.000616396,Baseline,487,1,m3,Industry,single,industry data,"NRMCA ready-mixed concrete benchmark report (ASMI, 2021) ","Athena Sustainable Materials Institute. (2021). A Cradle-to-Gate Life Cycle Assessment of Ready-Mixed Concrete Manufactured by NRMCA Members - Version 3.2, Appendix C: NRMCA Member National and Regional LCA Benchmark (Industry Average) Report - V3.2 (pp. 51–101). National Ready Mixed Concrete Association (NRMCA).",FALSE,US North Central,1285.61,kg/m3,999,Placeholder,d_truck,Concrete,3,No,No,No,No,N/A,N/A,N/A,N/A,N/A,N/A,N/A,N/A,N/A,N/A,N/A,N/A,N/A,N/A,N/A,N/A,3000,light weight,N/A,N/A,N/A,N/A,487,N/A,N/A,N/A,2.4014793507294000,0.9005547565235260,0.0000177109102116,30.8790219847956000,2556.2546948839100000,No,N/A,N/A,N/A,N/A,N/A,N/A,N/A,N/A,N/A,N/A,N/A,N/A,N/A,N/A,N/A,N/A,N/A
Cement and concrete,Ready-mix,"Ready-mixed concrete, USA, North Central, LW 3000 psi",N/A,N/A,#VALUE!,High-80th%,N/A,N/A,N/A,N/A,N/A,N/A,N/A,N/A,FALSE,N/A,N/A,N/A,999,Placeholder,d_truck,Concrete,3,No,No,No,No,N/A,N/A,N/A,N/A,N/A,N/A,N/A,N/A,N/A,N/A,N/A,N/A,N/A,N/A,N/A,N/A,3000,light weight,N/A,N/A,N/A,N/A,N/A,N/A,N/A,N/A,N/A,N/A,N/A,N/A,N/A,No,N/A,N/A,N/A,N/A,N/A,N/A,N/A,N/A,N/A,N/A,N/A,N/A,N/A,N/A,N/A,N/A,N/A
Cement and concrete,Ready-mix,"Ready-mixed concrete, USA, North Central, LW 3000 psi",N/A,N/A,#VALUE!,Low-20th%,N/A,N/A,N/A,N/A,N/A,N/A,N/A,N/A,FALSE,N/A,N/A,N/A,999,Placeholder,d_truck,Concrete,3,No,No,No,No,N/A,N/A,N/A,N/A,N/A,N/A,N/A,N/A,N/A,N/A,N/A,N/A,N/A,N/A,N/A,N/A,3000,light weight,N/A,N/A,N/A,N/A,N/A,N/A,N/A,N/A,N/A,N/A,N/A,N/A,N/A,No,N/A,N/A,N/A,N/A,N/A,N/A,N/A,N/A,N/A,N/A,N/A,N/A,N/A,N/A,N/A,N/A,N/A
Cement and concrete,Ready-mix,"Ready-mixed concrete, USA, North Central, LW 4000 psi",CLF 2025 Material Baselines,https://www.nrmca.org/wp-content/uploads/2022/02/NRMCA_LCAReportV3-2_20220224.pdf,0.999627699,Baseline,537,1,m3,Industry,single,industry data,"NRMCA ready-mixed concrete benchmark report (ASMI, 2021) ","Athena Sustainable Materials Institute. (2021). A Cradle-to-Gate Life Cycle Assessment of Ready-Mixed Concrete Manufactured by NRMCA Members - Version 3.2, Appendix C: NRMCA Member National and Regional LCA Benchmark (Industry Average) Report - V3.2 (pp. 51–101). National Ready Mixed Concrete Association (NRMCA).",FALSE,US North Central,1281.48,kg/m3,999,Placeholder,d_truck,Concrete,3,No,No,No,No,N/A,N/A,N/A,N/A,N/A,N/A,N/A,N/A,N/A,N/A,N/A,N/A,N/A,N/A,N/A,N/A,4000,light weight,N/A,N/A,N/A,N/A,537,N/A,N/A,N/A,2.5390543559195800,0.9496463142218910,0.0000187930007446,33.6874534623976000,2636.7679635145200000,No,N/A,N/A,N/A,N/A,N/A,N/A,N/A,N/A,N/A,N/A,N/A,N/A,N/A,N/A,N/A,N/A,N/A
Cement and concrete,Ready-mix,"Ready-mixed concrete, USA, North Central, LW 4000 psi",N/A,N/A,#VALUE!,High-80th%,N/A,N/A,N/A,N/A,N/A,N/A,N/A,N/A,FALSE,N/A,N/A,N/A,999,Placeholder,d_truck,Concrete,3,No,No,No,No,N/A,N/A,N/A,N/A,N/A,N/A,N/A,N/A,N/A,N/A,N/A,N/A,N/A,N/A,N/A,N/A,4000,light weight,N/A,N/A,N/A,N/A,N/A,N/A,N/A,N/A,N/A,N/A,N/A,N/A,N/A,No,N/A,N/A,N/A,N/A,N/A,N/A,N/A,N/A,N/A,N/A,N/A,N/A,N/A,N/A,N/A,N/A,N/A
Cement and concrete,Ready-mix,"Ready-mixed concrete, USA, North Central, LW 4000 psi",N/A,N/A,#VALUE!,Low-20th%,N/A,N/A,N/A,N/A,N/A,N/A,N/A,N/A,FALSE,N/A,N/A,N/A,999,Placeholder,d_truck,Concrete,3,No,No,No,No,N/A,N/A,N/A,N/A,N/A,N/A,N/A,N/A,N/A,N/A,N/A,N/A,N/A,N/A,N/A,N/A,4000,light weight,N/A,N/A,N/A,N/A,N/A,N/A,N/A,N/A,N/A,N/A,N/A,N/A,N/A,No,N/A,N/A,N/A,N/A,N/A,N/A,N/A,N/A,N/A,N/A,N/A,N/A,N/A,N/A,N/A,N/A,N/A
Cement and concrete,Ready-mix,"Ready-mixed concrete, USA, North Central, LW 5000 psi",CLF 2025 Material Baselines,https://www.nrmca.org/wp-content/uploads/2022/02/NRMCA_LCAReportV3-2_20220224.pdf,1.000253872,Baseline,591,1,m3,Industry,single,industry data,"NRMCA ready-mixed concrete benchmark report (ASMI, 2021) ","Athena Sustainable Materials Institute. (2021). A Cradle-to-Gate Life Cycle Assessment of Ready-Mixed Concrete Manufactured by NRMCA Members - Version 3.2, Appendix C: NRMCA Member National and Regional LCA Benchmark (Industry Average) Report - V3.2 (pp. 51–101). National Ready Mixed Concrete Association (NRMCA).",FALSE,US North Central,1266.73,kg/m3,999,Placeholder,d_truck,Concrete,3,No,No,No,No,N/A,N/A,N/A,N/A,N/A,N/A,N/A,N/A,N/A,N/A,N/A,N/A,N/A,N/A,N/A,N/A,5000,light weight,N/A,N/A,N/A,N/A,591,N/A,N/A,N/A,2.7106879918761100,1.0202589489718200,0.0000200050774308,36.7193196242701000,2749.1777608530100000,No,N/A,N/A,N/A,N/A,N/A,N/A,N/A,N/A,N/A,N/A,N/A,N/A,N/A,N/A,N/A,N/A,N/A
Cement and concrete,Ready-mix,"Ready-mixed concrete, USA, North Central, LW 5000 psi",N/A,N/A,#VALUE!,High-80th%,N/A,N/A,N/A,N/A,N/A,N/A,N/A,N/A,FALSE,N/A,N/A,N/A,999,Placeholder,d_truck,Concrete,3,No,No,No,No,N/A,N/A,N/A,N/A,N/A,N/A,N/A,N/A,N/A,N/A,N/A,N/A,N/A,N/A,N/A,N/A,5000,light weight,N/A,N/A,N/A,N/A,N/A,N/A,N/A,N/A,N/A,N/A,N/A,N/A,N/A,No,N/A,N/A,N/A,N/A,N/A,N/A,N/A,N/A,N/A,N/A,N/A,N/A,N/A,N/A,N/A,N/A,N/A
Cement and concrete,Ready-mix,"Ready-mixed concrete, USA, North Central, LW 5000 psi",N/A,N/A,#VALUE!,Low-20th%,N/A,N/A,N/A,N/A,N/A,N/A,N/A,N/A,FALSE,N/A,N/A,N/A,999,Placeholder,d_truck,Concrete,3,No,No,No,No,N/A,N/A,N/A,N/A,N/A,N/A,N/A,N/A,N/A,N/A,N/A,N/A,N/A,N/A,N/A,N/A,5000,light weight,N/A,N/A,N/A,N/A,N/A,N/A,N/A,N/A,N/A,N/A,N/A,N/A,N/A,No,N/A,N/A,N/A,N/A,N/A,N/A,N/A,N/A,N/A,N/A,N/A,N/A,N/A,N/A,N/A,N/A,N/A
Cement and concrete,Ready-mix,"Ready-mixed concrete, USA, Southeastern, 2500 psi",CLF 2025 Material Baselines,https://www.nrmca.org/wp-content/uploads/2022/02/NRMCA_LCAReportV3-2_20220224.pdf,0.999959516,Baseline,247,1,m3,Industry,single,industry data,"NRMCA ready-mixed concrete benchmark report (ASMI, 2021) ","Athena Sustainable Materials Institute. (2021). A Cradle-to-Gate Life Cycle Assessment of Ready-Mixed Concrete Manufactured by NRMCA Members - Version 3.2, Appendix C: NRMCA Member National and Regional LCA Benchmark (Industry Average) Report - V3.2 (pp. 51–101). National Ready Mixed Concrete Association (NRMCA).",FALSE,US Southeastern,2296.28,kg/m3,999,Placeholder,d_truck,Concrete,3,No,No,No,No,N/A,N/A,N/A,N/A,N/A,N/A,N/A,N/A,N/A,N/A,N/A,N/A,N/A,N/A,N/A,N/A,2500,regular,N/A,N/A,N/A,N/A,247,N/A,N/A,N/A,0.7199708513825350,0.2399902837941780,0.0000055197765273,16.3893364641108000,435.9523501072830000,No,N/A,N/A,N/A,N/A,N/A,N/A,N/A,N/A,N/A,N/A,N/A,N/A,N/A,N/A,N/A,N/A,N/A
Cement and concrete,Ready-mix,"Ready-mixed concrete, USA, Southeastern, 2500 psi",CLF 2025 Material Baselines,https://buildingtransparency.org/ec3/epds/ec3hxs4b,1.020761246,High-80th%,295,1,m3,N/A,N/A,N/A,Mix 1028081,CEMEX,FALSE,US Southeastern,2296.28,kg/m3,999,Placeholder,d_truck,Concrete,3,No,No,No,No,N/A,N/A,N/A,N/A,N/A,N/A,N/A,N/A,N/A,N/A,N/A,N/A,N/A,N/A,N/A,N/A,2500,regular,N/A,N/A,N/A,N/A,295,N/A,N/A,N/A,1.8169550173010400,0.3164359861591700,0.0000052773356401,46.4446366782007000,1417.8373702422100000,No,N/A,N/A,N/A,N/A,N/A,N/A,N/A,N/A,N/A,N/A,N/A,N/A,N/A,N/A,N/A,N/A,N/A
Cement and concrete,Ready-mix,"Ready-mixed concrete, USA, Southeastern, 2500 psi",CLF 2025 Material Baselines,https://buildingtransparency.org/ec3/epds/ec3bbsba,1.052132701,Low-20th%,222,1,m3,N/A,N/A,N/A,Mix 1622122,CEMEX,FALSE,US Southeastern,2296.28,kg/m3,999,Placeholder,d_truck,Concrete,3,No,No,No,No,N/A,N/A,N/A,N/A,N/A,N/A,N/A,N/A,N/A,N/A,N/A,N/A,N/A,N/A,N/A,N/A,2500,regular,N/A,N/A,N/A,N/A,222,N/A,N/A,N/A,1.8622748815165900,0.2735545023696680,0.0000063127962085,46.6094786729858000,1112.1042654028400000,No,N/A,N/A,N/A,N/A,N/A,N/A,N/A,N/A,N/A,N/A,N/A,N/A,N/A,N/A,N/A,N/A,N/A
Cement and concrete,Ready-mix,"Ready-mixed concrete, USA, Southeastern, 3000 psi",CLF 2025 Material Baselines,https://www.nrmca.org/wp-content/uploads/2022/02/NRMCA_LCAReportV3-2_20220224.pdf,1.001457345,Baseline,268,1,m3,Industry,single,industry data,"NRMCA ready-mixed concrete benchmark report (ASMI, 2021) ","Athena Sustainable Materials Institute. (2021). A Cradle-to-Gate Life Cycle Assessment of Ready-Mixed Concrete Manufactured by NRMCA Members - Version 3.2, Appendix C: NRMCA Member National and Regional LCA Benchmark (Industry Average) Report - V3.2 (pp. 51–101). National Ready Mixed Concrete Association (NRMCA).",FALSE,US Southeastern,2289.79,kg/m3,999,Placeholder,d_truck,Concrete,3,No,No,No,No,N/A,N/A,N/A,N/A,N/A,N/A,N/A,N/A,N/A,N/A,N/A,N/A,N/A,N/A,N/A,N/A,3000,regular,N/A,N/A,N/A,N/A,268,N/A,N/A,N/A,0.9914427711968910,0.3304809237322970,0.0000076911924069,22.4526736669033000,584.5306229214150000,No,N/A,N/A,N/A,N/A,N/A,N/A,N/A,N/A,N/A,N/A,N/A,N/A,N/A,N/A,N/A,N/A,N/A
Cement and concrete,Ready-mix,"Ready-mixed concrete, USA, Southeastern, 3000 psi",CLF 2025 Material Baselines,https://buildingtransparency.org/ec3/epds/ec3sw745,0.991643454,High-80th%,356,1,m3,N/A,N/A,N/A,Mix 30DAX758,Argos,FALSE,US Southeastern,2289.79,kg/m3,999,Placeholder,d_truck,Concrete,3,No,No,No,No,N/A,N/A,N/A,N/A,N/A,N/A,N/A,N/A,N/A,N/A,N/A,N/A,N/A,N/A,N/A,N/A,3000,regular,N/A,N/A,N/A,N/A,356,N/A,N/A,N/A,0.9222284122562680,0.4363231197771590,0.0000095594428969,18.5437325905292000,611.8440111420610000,No,N/A,N/A,N/A,N/A,N/A,N/A,N/A,N/A,N/A,N/A,N/A,N/A,N/A,N/A,N/A,N/A,N/A
Cement and concrete,Ready-mix,"Ready-mixed concrete, USA, Southeastern, 3000 psi",CLF 2025 Material Baselines,https://buildingtransparency.org/ec3/epds/ec3kqb5a,0.988593156,Low-20th%,260,1,m3,N/A,N/A,N/A,Mix 300N4410,Concrete Supply Co.,FALSE,US Southeastern,2289.79,kg/m3,999,Placeholder,d_truck,Concrete,3,No,No,No,No,N/A,N/A,N/A,N/A,N/A,N/A,N/A,N/A,N/A,N/A,N/A,N/A,N/A,N/A,N/A,N/A,3000,regular,N/A,N/A,N/A,N/A,260,N/A,N/A,N/A,0.7908745247148290,0.2669201520912550,0.0000053581749049,20.4638783269962000,1209.0494296577900000,No,N/A,N/A,N/A,N/A,N/A,N/A,N/A,N/A,N/A,N/A,N/A,N/A,N/A,N/A,N/A,N/A,N/A
Cement and concrete,Ready-mix,"Ready-mixed concrete, USA, Southeastern, 4000 psi",CLF 2025 Material Baselines,https://www.nrmca.org/wp-content/uploads/2022/02/NRMCA_LCAReportV3-2_20220224.pdf,0.998804021,Baseline,309,1,m3,Industry,single,industry data,"NRMCA ready-mixed concrete benchmark report (ASMI, 2021) ","Athena Sustainable Materials Institute. (2021). A Cradle-to-Gate Life Cycle Assessment of Ready-Mixed Concrete Manufactured by NRMCA Members - Version 3.2, Appendix C: NRMCA Member National and Regional LCA Benchmark (Industry Average) Report - V3.2 (pp. 51–101). National Ready Mixed Concrete Association (NRMCA).",FALSE,US Southeastern,2293.92,kg/m3,999,Placeholder,d_truck,Concrete,3,No,No,No,No,N/A,N/A,N/A,N/A,N/A,N/A,N/A,N/A,N/A,N/A,N/A,N/A,N/A,N/A,N/A,N/A,4000,regular,N/A,N/A,N/A,N/A,309,N/A,N/A,N/A,1.0886963829718500,0.3795455280085330,0.0000085997026215,24.4407343957074000,613.4654297443190000,No,N/A,N/A,N/A,N/A,N/A,N/A,N/A,N/A,N/A,N/A,N/A,N/A,N/A,N/A,N/A,N/A,N/A
Cement and concrete,Ready-mix,"Ready-mixed concrete, USA, Southeastern, 4000 psi",CLF 2025 Material Baselines,https://buildingtransparency.org/ec3/epds/ec3cprmg,0.982051282,High-80th%,383,1,m3,N/A,N/A,N/A,1618198,CEMEX,FALSE,US Southeastern,2293.92,kg/m3,999,Placeholder,d_truck,Concrete,3,No,No,No,No,N/A,N/A,N/A,N/A,N/A,N/A,N/A,N/A,N/A,N/A,N/A,N/A,N/A,N/A,N/A,N/A,4000,regular,N/A,N/A,N/A,N/A,383,N/A,N/A,N/A,1.6989487179487200,0.4124615384615380,0.0000075617948718,41.1479487179487000,1255.0615384615400000,No,N/A,N/A,N/A,N/A,N/A,N/A,N/A,N/A,N/A,N/A,N/A,N/A,N/A,N/A,N/A,N/A,N/A
Cement and concrete,Ready-mix,"Ready-mixed concrete, USA, Southeastern, 4000 psi",CLF 2025 Material Baselines,https://buildingtransparency.org/ec3/epds/ec32gn8u,0.982698962,Low-20th%,284,1,m3,N/A,N/A,N/A,Mix 5001840,CEMEX,FALSE,US Southeastern,2293.92,kg/m3,999,Placeholder,d_truck,Concrete,3,No,No,No,No,N/A,N/A,N/A,N/A,N/A,N/A,N/A,N/A,N/A,N/A,N/A,N/A,N/A,N/A,N/A,N/A,4000,regular,N/A,N/A,N/A,N/A,284,N/A,N/A,N/A,0.8647750865051900,0.2751557093425610,0.0000087853287197,21.9141868512111000,435.3356401384080000,No,N/A,N/A,N/A,N/A,N/A,N/A,N/A,N/A,N/A,N/A,N/A,N/A,N/A,N/A,N/A,N/A,N/A
Cement and concrete,Ready-mix,"Ready-mixed concrete, USA, Southeastern, 5000 psi",CLF 2025 Material Baselines,https://www.nrmca.org/wp-content/uploads/2022/02/NRMCA_LCAReportV3-2_20220224.pdf,0.998973277,Baseline,360,1,m3,Industry,single,industry data,"NRMCA ready-mixed concrete benchmark report (ASMI, 2021) ","Athena Sustainable Materials Institute. (2021). A Cradle-to-Gate Life Cycle Assessment of Ready-Mixed Concrete Manufactured by NRMCA Members - Version 3.2, Appendix C: NRMCA Member National and Regional LCA Benchmark (Industry Average) Report - V3.2 (pp. 51–101). National Ready Mixed Concrete Association (NRMCA).",FALSE,US Southeastern,2282.12,kg/m3,999,Placeholder,d_truck,Concrete,3,No,No,No,No,N/A,N/A,N/A,N/A,N/A,N/A,N/A,N/A,N/A,N/A,N/A,N/A,N/A,N/A,N/A,N/A,5000,regular,N/A,N/A,N/A,N/A,360,N/A,N/A,N/A,1.2087576657324400,0.4295585093098760,0.0000097100202570,26.8524016982546000,652.3495296500820000,No,N/A,N/A,N/A,N/A,N/A,N/A,N/A,N/A,N/A,N/A,N/A,N/A,N/A,N/A,N/A,N/A,N/A
Cement and concrete,Ready-mix,"Ready-mixed concrete, USA, Southeastern, 5000 psi",CLF 2025 Material Baselines,https://buildingtransparency.org/ec3/epds/ec3s3fej,0.971302428,High-80th%,440,1,m3,N/A,N/A,N/A,Mix 1504403,CEMEX,FALSE,US Southeastern,2282.12,kg/m3,999,Placeholder,d_truck,Concrete,3,No,No,No,No,N/A,N/A,N/A,N/A,N/A,N/A,N/A,N/A,N/A,N/A,N/A,N/A,N/A,N/A,N/A,N/A,5000,regular,N/A,N/A,N/A,N/A,440,N/A,N/A,N/A,1.4083885209713000,0.5050772626931570,0.0000100044150110,31.9558498896247000,804.2384105960260000,No,N/A,N/A,N/A,N/A,N/A,N/A,N/A,N/A,N/A,N/A,N/A,N/A,N/A,N/A,N/A,N/A,N/A
Cement and concrete,Ready-mix,"Ready-mixed concrete, USA, Southeastern, 5000 psi",CLF 2025 Material Baselines,https://buildingtransparency.org/ec3/epds/ec37t61p,0.944444444,Low-20th%,323,1,m3,N/A,N/A,N/A,Mix 510L4310,Concrete Supply Co.,FALSE,US Southeastern,2282.12,kg/m3,999,Placeholder,d_truck,Concrete,3,No,No,No,No,N/A,N/A,N/A,N/A,N/A,N/A,N/A,N/A,N/A,N/A,N/A,N/A,N/A,N/A,N/A,N/A,5000,regular,N/A,N/A,N/A,N/A,323,N/A,N/A,N/A,0.9161111111111110,0.3966666666666670,0.0000085944444444,18.9833333333333000,610.1111111111110000,No,N/A,N/A,N/A,N/A,N/A,N/A,N/A,N/A,N/A,N/A,N/A,N/A,N/A,N/A,N/A,N/A,N/A
Cement and concrete,Ready-mix,"Ready-mixed concrete, USA, Southeastern, 6000 psi",CLF 2025 Material Baselines,https://www.nrmca.org/wp-content/uploads/2022/02/NRMCA_LCAReportV3-2_20220224.pdf,0.999947647,Baseline,382,1,m3,Industry,single,industry data,"NRMCA ready-mixed concrete benchmark report (ASMI, 2021) ","Athena Sustainable Materials Institute. (2021). A Cradle-to-Gate Life Cycle Assessment of Ready-Mixed Concrete Manufactured by NRMCA Members - Version 3.2, Appendix C: NRMCA Member National and Regional LCA Benchmark (Industry Average) Report - V3.2 (pp. 51–101). National Ready Mixed Concrete Association (NRMCA).",FALSE,US Southeastern,2380.65,kg/m3,999,Placeholder,d_truck,Concrete,3,No,No,No,No,N/A,N/A,N/A,N/A,N/A,N/A,N/A,N/A,N/A,N/A,N/A,N/A,N/A,N/A,N/A,N/A,6000,regular,N/A,N/A,N/A,N/A,382,N/A,N/A,N/A,1.2699335113344900,0.4599759174912310,0.0000102994607612,28.1885241610387000,682.3142767394380000,No,N/A,N/A,N/A,N/A,N/A,N/A,N/A,N/A,N/A,N/A,N/A,N/A,N/A,N/A,N/A,N/A,N/A
Cement and concrete,Ready-mix,"Ready-mixed concrete, USA, Southeastern, 6000 psi",CLF 2025 Material Baselines,https://buildingtransparency.org/ec3/epds/ec3qb74e,0.986055777,High-80th%,495,1,m3,N/A,N/A,N/A,Mix 1589702,CEMEX,FALSE,US Southeastern,2380.65,kg/m3,999,Placeholder,d_truck,Concrete,3,No,No,No,No,N/A,N/A,N/A,N/A,N/A,N/A,N/A,N/A,N/A,N/A,N/A,N/A,N/A,N/A,N/A,N/A,6000,regular,N/A,N/A,N/A,N/A,495,N/A,N/A,N/A,3.5300796812749000,0.5521912350597610,0.0000105507968127,89.5338645418327000,2115.0896414342600000,No,N/A,N/A,N/A,N/A,N/A,N/A,N/A,N/A,N/A,N/A,N/A,N/A,N/A,N/A,N/A,N/A,N/A
Cement and concrete,Ready-mix,"Ready-mixed concrete, USA, Southeastern, 6000 psi",CLF 2025 Material Baselines,https://buildingtransparency.org/ec3/epds/ec3hbq9g,0.985795455,Low-20th%,347,1,m3,N/A,N/A,N/A,Mix 60CNC103,Argos,FALSE,US Southeastern,2380.65,kg/m3,999,Placeholder,d_truck,Concrete,3,No,No,No,No,N/A,N/A,N/A,N/A,N/A,N/A,N/A,N/A,N/A,N/A,N/A,N/A,N/A,N/A,N/A,N/A,6000,regular,N/A,N/A,N/A,N/A,347,N/A,N/A,N/A,1.0843750000000000,0.4436079545454550,0.0000092664772727,22.5747159090909000,409.1051136363640000,No,N/A,N/A,N/A,N/A,N/A,N/A,N/A,N/A,N/A,N/A,N/A,N/A,N/A,N/A,N/A,N/A,N/A
Cement and concrete,Ready-mix,"Ready-mixed concrete, USA, Southeastern, 8000 psi",CLF 2025 Material Baselines,https://www.nrmca.org/wp-content/uploads/2022/02/NRMCA_LCAReportV3-2_20220224.pdf,1.001035554,Baseline,435,1,m3,Industry,single,industry data,"NRMCA ready-mixed concrete benchmark report (ASMI, 2021) ","Athena Sustainable Materials Institute. (2021). A Cradle-to-Gate Life Cycle Assessment of Ready-Mixed Concrete Manufactured by NRMCA Members - Version 3.2, Appendix C: NRMCA Member National and Regional LCA Benchmark (Industry Average) Report - V3.2 (pp. 51–101). National Ready Mixed Concrete Association (NRMCA).",FALSE,US Southeastern,2381.83,kg/m3,999,Placeholder,d_truck,Concrete,3,No,No,No,No,N/A,N/A,N/A,N/A,N/A,N/A,N/A,N/A,N/A,N/A,N/A,N/A,N/A,N/A,N/A,N/A,8000,regular,N/A,N/A,N/A,N/A,435,N/A,N/A,N/A,1.4014497756299600,0.5105281325509150,0.0000114118053158,30.7918536416983000,720.7956506731100000,No,N/A,N/A,N/A,N/A,N/A,N/A,N/A,N/A,N/A,N/A,N/A,N/A,N/A,N/A,N/A,N/A,N/A
Cement and concrete,Ready-mix,"Ready-mixed concrete, USA, Southeastern, 8000 psi",CLF 2025 Material Baselines,https://buildingtransparency.org/ec3/epds/ec3jj01n,1.125886525,High-80th%,635,1,m3,N/A,N/A,N/A,809-1,Thomas Concrete,FALSE,US Southeastern,2381.83,kg/m3,999,Placeholder,d_truck,Concrete,3,No,No,No,No,N/A,N/A,N/A,N/A,N/A,N/A,N/A,N/A,N/A,N/A,N/A,N/A,N/A,N/A,N/A,N/A,8000,regular,N/A,N/A,N/A,N/A,635,N/A,N/A,N/A,1.7113475177305000,0.8218971631205670,0.0000168882978723,32.7632978723404000,N/A,No,N/A,N/A,N/A,N/A,N/A,N/A,N/A,N/A,N/A,N/A,N/A,N/A,N/A,N/A,N/A,N/A,N/A
Cement and concrete,Ready-mix,"Ready-mixed concrete, USA, Southeastern, 8000 psi",CLF 2025 Material Baselines,https://buildingtransparency.org/ec3/epds/ec38hdpp,1.320588235,Low-20th%,449,1,m3,N/A,N/A,N/A,Mix 807H8400,Concrete Supply Co.,FALSE,US Southeastern,2381.83,kg/m3,999,Placeholder,d_truck,Concrete,3,No,No,No,No,N/A,N/A,N/A,N/A,N/A,N/A,N/A,N/A,N/A,N/A,N/A,N/A,N/A,N/A,N/A,N/A,8000,regular,N/A,N/A,N/A,N/A,449,N/A,N/A,N/A,1.2941764705882400,0.5414411764705880,0.0000117928529412,27.3361764705882000,899.3205882352940000,No,N/A,N/A,N/A,N/A,N/A,N/A,N/A,N/A,N/A,N/A,N/A,N/A,N/A,N/A,N/A,N/A,N/A
Cement and concrete,Ready-mix,"Ready-mixed concrete, USA, Southeastern, 9000 psi",CLF 2025 Material Baselines,"Collection of product EPDs , unweighted average.  (https://buildingtransparency.org/ec3/epds/ec3qs6cy)",1.416445623,Baseline,534,1,m3,Product,unweighted,qualitative,"Collection of product EPDs , unweighted average. ",907-1FS,FALSE,US Southeastern,2400,kg/m3,999,Placeholder,d_truck,Concrete,3,No,No,No,No,N/A,N/A,N/A,N/A,N/A,N/A,N/A,N/A,N/A,N/A,N/A,N/A,N/A,N/A,N/A,N/A,9000,regular,N/A,N/A,N/A,N/A,534,N/A,N/A,N/A,2.0680106100795800,0.7223872679045090,0.0000184137931034,36.8275862068966000,563.7453580901860000,No,N/A,N/A,N/A,N/A,N/A,N/A,N/A,N/A,N/A,N/A,N/A,N/A,N/A,N/A,N/A,N/A,N/A
Cement and concrete,Ready-mix,"Ready-mixed concrete, USA, Southeastern, 9000 psi",CLF 2025 Material Baselines,https://buildingtransparency.org/ec3/epds/ec34p8xb,1.600529101,High-80th%,605,1,m3,N/A,N/A,N/A,907-1FS,Thomas Concrete,FALSE,US Southeastern,2400,kg/m3,999,Placeholder,d_truck,Concrete,3,No,No,No,No,N/A,N/A,N/A,N/A,N/A,N/A,N/A,N/A,N/A,N/A,N/A,N/A,N/A,N/A,N/A,N/A,9000,regular,N/A,N/A,N/A,N/A,605,N/A,N/A,N/A,2.3367724867724900,0.8162698412698410,0.0000208068783069,41.4537037037037000,675.4232804232800000,No,N/A,N/A,N/A,N/A,N/A,N/A,N/A,N/A,N/A,N/A,N/A,N/A,N/A,N/A,N/A,N/A,N/A
Cement and concrete,Ready-mix,"Ready-mixed concrete, USA, Southeastern, 9000 psi",CLF 2025 Material Baselines,https://buildingtransparency.org/ec3/epds/ec3prfwf,1.370262391,Low-20th%,470,1,m3,N/A,N/A,N/A,907-1FS,Thomas Concrete,FALSE,US Southeastern,2400,kg/m3,999,Placeholder,d_truck,Concrete,3,No,No,No,No,N/A,N/A,N/A,N/A,N/A,N/A,N/A,N/A,N/A,N/A,N/A,N/A,N/A,N/A,N/A,N/A,9000,regular,N/A,N/A,N/A,N/A,470,N/A,N/A,N/A,1.6717201166180800,0.6166180758017490,0.0000150728862974,28.9125364431487000,727.6093294460640000,No,N/A,N/A,N/A,N/A,N/A,N/A,N/A,N/A,N/A,N/A,N/A,N/A,N/A,N/A,N/A,N/A,N/A
Cement and concrete,Ready-mix,"Ready-mixed concrete, USA, Southeastern, 10,000 psi",CLF 2025 Material Baselines,"Collection of product EPDs , unweighted average. (https://buildingtransparency.org/ec3/epds/ec3f528t)",1.015,Baseline,609,1,m3,Product,unweighted,qualitative,"Collection of product EPDs , unweighted average. ",1620970,FALSE,US Southeastern,2400,kg/m3,999,Placeholder,d_truck,Concrete,3,No,No,No,No,N/A,N/A,N/A,N/A,N/A,N/A,N/A,N/A,N/A,N/A,N/A,N/A,N/A,N/A,N/A,N/A,10000,regular,N/A,N/A,N/A,N/A,609,N/A,N/A,N/A,1.6341500000000000,0.6800500000000000,0.0000136010000000,34.0025000000000000,1017.0300000000000000,No,N/A,N/A,N/A,N/A,N/A,N/A,N/A,N/A,N/A,N/A,N/A,N/A,N/A,N/A,N/A,N/A,N/A
Cement and concrete,Ready-mix,"Ready-mixed concrete, USA, Southeastern, 10,000 psi",CLF 2025 Material Baselines,https://buildingtransparency.org/ec3/epds/ec39sbzs,1.1078125,High-80th%,709,1,m3,N/A,N/A,N/A,Mix 1529084,CEMEX,FALSE,US Southeastern,2400,kg/m3,999,Placeholder,d_truck,Concrete,3,No,No,No,No,N/A,N/A,N/A,N/A,N/A,N/A,N/A,N/A,N/A,N/A,N/A,N/A,N/A,N/A,N/A,N/A,10000,regular,N/A,N/A,N/A,N/A,709,N/A,N/A,N/A,2.1823906250000000,0.8087031250000000,0.0000156201562500,49.7407812500000000,1328.2671875000000000,No,N/A,N/A,N/A,N/A,N/A,N/A,N/A,N/A,N/A,N/A,N/A,N/A,N/A,N/A,N/A,N/A,N/A
Cement and concrete,Ready-mix,"Ready-mixed concrete, USA, Southeastern, 10,000 psi",CLF 2025 Material Baselines,https://buildingtransparency.org/ec3/epds/ec3yt41y,1.028625954,Low-20th%,539,1,m3,N/A,N/A,N/A,Mix K01H8310,Concrete Supply Co.,FALSE,US Southeastern,2400,kg/m3,999,Placeholder,d_truck,Concrete,3,No,No,No,No,N/A,N/A,N/A,N/A,N/A,N/A,N/A,N/A,N/A,N/A,N/A,N/A,N/A,N/A,N/A,N/A,10000,regular,N/A,N/A,N/A,N/A,539,N/A,N/A,N/A,1.5326526717557300,0.6686068702290080,0.0000144007633588,30.3444656488550000,N/A,No,N/A,N/A,N/A,N/A,N/A,N/A,N/A,N/A,N/A,N/A,N/A,N/A,N/A,N/A,N/A,N/A,N/A
Cement and concrete,Ready-mix,"Ready-mixed concrete, USA, Southeastern, 12,000 psi",CLF 2025 Material Baselines,"Collection of product EPDs , unweighted average. (https://buildingtransparency.org/ec3/epds/ec37qzjf)",1.297592998,Baseline,593,1,m3,Product,unweighted,qualitative,"Collection of product EPDs , unweighted average. ",Mix K21HR800,FALSE,US Southeastern,2400,kg/m3,999,Placeholder,d_truck,Concrete,3,No,No,No,No,N/A,N/A,N/A,N/A,N/A,N/A,N/A,N/A,N/A,N/A,N/A,N/A,N/A,N/A,N/A,N/A,12000,regular,N/A,N/A,N/A,N/A,593,N/A,N/A,N/A,1.5311597374179400,0.7007002188183810,0.0000138842450766,32.1803063457330000,912.2078774617070000,No,N/A,N/A,N/A,N/A,N/A,N/A,N/A,N/A,N/A,N/A,N/A,N/A,N/A,N/A,N/A,N/A,N/A
Cement and concrete,Ready-mix,"Ready-mixed concrete, USA, Southeastern, 12,000 psi",CLF 2025 Material Baselines,https://buildingtransparency.org/ec3/epds/ec3x7xz9,1.381322957,High-80th%,710,1,m3,N/A,N/A,N/A,Mix K21HR800,Concrete Supply Co.,FALSE,US Southeastern,2400,kg/m3,999,Placeholder,d_truck,Concrete,3,No,No,No,No,N/A,N/A,N/A,N/A,N/A,N/A,N/A,N/A,N/A,N/A,N/A,N/A,N/A,N/A,N/A,N/A,12000,regular,N/A,N/A,N/A,N/A,710,N/A,N/A,N/A,2.0305447470817100,0.8840466926070040,0.0000179571984436,40.3346303501946000,N/A,No,N/A,N/A,N/A,N/A,N/A,N/A,N/A,N/A,N/A,N/A,N/A,N/A,N/A,N/A,N/A,N/A,N/A
Cement and concrete,Ready-mix,"Ready-mixed concrete, USA, Southeastern, 12,000 psi",CLF 2025 Material Baselines,https://buildingtransparency.org/ec3/epds/ec32wa38,1,Low-20th%,422,1,m3,N/A,N/A,N/A,Mix K21HR800,Concrete Supply Co.,FALSE,US Southeastern,2400,kg/m3,999,Placeholder,d_truck,Concrete,3,No,No,No,No,N/A,N/A,N/A,N/A,N/A,N/A,N/A,N/A,N/A,N/A,N/A,N/A,N/A,N/A,N/A,N/A,12000,regular,N/A,N/A,N/A,N/A,422,N/A,N/A,N/A,1.1300000000000000,0.5000000000000000,0.0000110000000000,23.5000000000000000,700.0000000000000000,No,N/A,N/A,N/A,N/A,N/A,N/A,N/A,N/A,N/A,N/A,N/A,N/A,N/A,N/A,N/A,N/A,N/A
Cement and concrete,Ready-mix,"Ready-mixed concrete, USA, Southeastern, LW 3000 psi",CLF 2025 Material Baselines,https://www.nrmca.org/wp-content/uploads/2022/02/NRMCA_LCAReportV3-2_20220224.pdf,0.999749017,Baseline,478,1,m3,Industry,single,industry data,"NRMCA ready-mixed concrete benchmark report (ASMI, 2021) ","Athena Sustainable Materials Institute. (2021). A Cradle-to-Gate Life Cycle Assessment of Ready-Mixed Concrete Manufactured by NRMCA Members - Version 3.2, Appendix C: NRMCA Member National and Regional LCA Benchmark (Industry Average) Report - V3.2 (pp. 51–101). National Ready Mixed Concrete Association (NRMCA).",FALSE,US Southeastern,1322.19,kg/m3,999,Placeholder,d_truck,Concrete,3,No,No,No,No,N/A,N/A,N/A,N/A,N/A,N/A,N/A,N/A,N/A,N/A,N/A,N/A,N/A,N/A,N/A,N/A,3000,light weight,N/A,N/A,N/A,N/A,478,N/A,N/A,N/A,2.4093951309294700,0.8297916840960430,0.0000176955576006,33.2116623441814000,2478.3478206308000000,No,N/A,N/A,N/A,N/A,N/A,N/A,N/A,N/A,N/A,N/A,N/A,N/A,N/A,N/A,N/A,N/A,N/A
Cement and concrete,Ready-mix,"Ready-mixed concrete, USA, Southeastern, LW 3000 psi",CLF 2025 Material Baselines,https://buildingtransparency.org/ec3/epds/ec3kdd9d,0.94379845,High-80th%,487,1,m3,N/A,N/A,N/A,309LWP-1,Thomas Concrete,FALSE,US Southeastern,1322.19,kg/m3,999,Placeholder,d_truck,Concrete,3,No,No,No,No,N/A,N/A,N/A,N/A,N/A,N/A,N/A,N/A,N/A,N/A,N/A,N/A,N/A,N/A,N/A,N/A,3000,light weight,N/A,N/A,N/A,N/A,487,N/A,N/A,N/A,1.9159108527131800,0.6040310077519380,0.0000264263565891,27.4645348837209000,N/A,No,N/A,N/A,N/A,N/A,N/A,N/A,N/A,N/A,N/A,N/A,N/A,N/A,N/A,N/A,N/A,N/A,N/A
Cement and concrete,Ready-mix,"Ready-mixed concrete, USA, Southeastern, LW 3000 psi",CLF 2025 Material Baselines,https://buildingtransparency.org/ec3/epds/ec3anfkk,0.954347826,Low-20th%,439,1,m3,N/A,N/A,N/A,Mix 307LWP-1,Thomas Concrete,FALSE,US Southeastern,1322.19,kg/m3,999,Placeholder,d_truck,Concrete,3,No,No,No,No,N/A,N/A,N/A,N/A,N/A,N/A,N/A,N/A,N/A,N/A,N/A,N/A,N/A,N/A,N/A,N/A,3000,light weight,N/A,N/A,N/A,N/A,439,N/A,N/A,N/A,1.6033043478260900,0.4867173913043480,0.0000263400000000,22.0454347826087000,2246.5347826087000000,No,N/A,N/A,N/A,N/A,N/A,N/A,N/A,N/A,N/A,N/A,N/A,N/A,N/A,N/A,N/A,N/A,N/A
Cement and concrete,Ready-mix,"Ready-mixed concrete, USA, Southeastern, LW 4000 psi",CLF 2025 Material Baselines,https://www.nrmca.org/wp-content/uploads/2022/02/NRMCA_LCAReportV3-2_20220224.pdf,0.999079543,Baseline,521,1,m3,Industry,single,industry data,"NRMCA ready-mixed concrete benchmark report (ASMI, 2021) ","Athena Sustainable Materials Institute. (2021). A Cradle-to-Gate Life Cycle Assessment of Ready-Mixed Concrete Manufactured by NRMCA Members - Version 3.2, Appendix C: NRMCA Member National and Regional LCA Benchmark (Industry Average) Report - V3.2 (pp. 51–101). National Ready Mixed Concrete Association (NRMCA).",FALSE,US Southeastern,1313.93,kg/m3,999,Placeholder,d_truck,Concrete,3,No,No,No,No,N/A,N/A,N/A,N/A,N/A,N/A,N/A,N/A,N/A,N/A,N/A,N/A,N/A,N/A,N/A,N/A,4000,light weight,N/A,N/A,N/A,N/A,521,N/A,N/A,N/A,2.5176804479558200,0.8791899976988570,0.0000186827874511,35.3174618393802000,2526.1726240699500000,No,N/A,N/A,N/A,N/A,N/A,N/A,N/A,N/A,N/A,N/A,N/A,N/A,N/A,N/A,N/A,N/A,N/A
Cement and concrete,Ready-mix,"Ready-mixed concrete, USA, Southeastern, LW 4000 psi",CLF 2025 Material Baselines,https://buildingtransparency.org/ec3/epds/ec3j3jpq,0.931818182,High-80th%,533,1,m3,N/A,N/A,N/A,409LWP-1,Thomas Concrete,FALSE,US Southeastern,1313.93,kg/m3,999,Placeholder,d_truck,Concrete,3,No,No,No,No,N/A,N/A,N/A,N/A,N/A,N/A,N/A,N/A,N/A,N/A,N/A,N/A,N/A,N/A,N/A,N/A,4000,light weight,N/A,N/A,N/A,N/A,533,N/A,N/A,N/A,2.0406818181818200,0.6615909090909090,0.0000279545454545,29.5386363636364000,N/A,No,N/A,N/A,N/A,N/A,N/A,N/A,N/A,N/A,N/A,N/A,N/A,N/A,N/A,N/A,N/A,N/A,N/A
Cement and concrete,Ready-mix,"Ready-mixed concrete, USA, Southeastern, LW 4000 psi",CLF 2025 Material Baselines,https://buildingtransparency.org/ec3/epds/ec30jxgh,0.977059688,Low-20th%,451,1,m3,N/A,N/A,N/A,LTWTK40BH,"Advance Ready Mix Concrete, Inc.",FALSE,US Southeastern,1313.93,kg/m3,999,Placeholder,d_truck,Concrete,3,No,No,No,No,N/A,N/A,N/A,N/A,N/A,N/A,N/A,N/A,N/A,N/A,N/A,N/A,N/A,N/A,N/A,N/A,4000,light weight,N/A,N/A,N/A,N/A,451,N/A,N/A,N/A,2.1697417472033900,0.6180093990871560,0.0000257943757618,31.7886341724564000,2177.3240166603300000,No,N/A,N/A,N/A,N/A,N/A,N/A,N/A,N/A,N/A,N/A,N/A,N/A,N/A,N/A,N/A,N/A,N/A
Cement and concrete,Ready-mix,"Ready-mixed concrete, USA, Southeastern, LW 5000 psi",CLF 2025 Material Baselines,https://www.nrmca.org/wp-content/uploads/2022/02/NRMCA_LCAReportV3-2_20220224.pdf,1.000569719,Baseline,562,1,m3,Industry,single,industry data,"NRMCA ready-mixed concrete benchmark report (ASMI, 2021) ","Athena Sustainable Materials Institute. (2021). A Cradle-to-Gate Life Cycle Assessment of Ready-Mixed Concrete Manufactured by NRMCA Members - Version 3.2, Appendix C: NRMCA Member National and Regional LCA Benchmark (Industry Average) Report - V3.2 (pp. 51–101). National Ready Mixed Concrete Association (NRMCA).",FALSE,US Southeastern,1316.29,kg/m3,999,Placeholder,d_truck,Concrete,3,No,No,No,No,N/A,N/A,N/A,N/A,N/A,N/A,N/A,N/A,N/A,N/A,N/A,N/A,N/A,N/A,N/A,N/A,5000,light weight,N/A,N/A,N/A,N/A,562,N/A,N/A,N/A,2.6214926648625600,0.9305298390542660,0.0000196111665005,37.3212505341119000,2564.1900370317600000,No,N/A,N/A,N/A,N/A,N/A,N/A,N/A,N/A,N/A,N/A,N/A,N/A,N/A,N/A,N/A,N/A,N/A
Cement and concrete,Ready-mix,"Ready-mixed concrete, USA, Southeastern, LW 5000 psi",N/A,N/A,#VALUE!,High-80th%,N/A,N/A,N/A,N/A,N/A,N/A,N/A,N/A,FALSE,N/A,N/A,N/A,999,Placeholder,d_truck,Concrete,3,No,No,No,No,N/A,N/A,N/A,N/A,N/A,N/A,N/A,N/A,N/A,N/A,N/A,N/A,N/A,N/A,N/A,N/A,5000,light weight,N/A,N/A,N/A,N/A,N/A,N/A,N/A,N/A,N/A,N/A,N/A,N/A,N/A,No,N/A,N/A,N/A,N/A,N/A,N/A,N/A,N/A,N/A,N/A,N/A,N/A,N/A,N/A,N/A,N/A,N/A
Cement and concrete,Ready-mix,"Ready-mixed concrete, USA, Southeastern, LW 5000 psi",N/A,N/A,#VALUE!,Low-20th%,N/A,N/A,N/A,N/A,N/A,N/A,N/A,N/A,FALSE,N/A,N/A,N/A,999,Placeholder,d_truck,Concrete,3,No,No,No,No,N/A,N/A,N/A,N/A,N/A,N/A,N/A,N/A,N/A,N/A,N/A,N/A,N/A,N/A,N/A,N/A,5000,light weight,N/A,N/A,N/A,N/A,N/A,N/A,N/A,N/A,N/A,N/A,N/A,N/A,N/A,No,N/A,N/A,N/A,N/A,N/A,N/A,N/A,N/A,N/A,N/A,N/A,N/A,N/A,N/A,N/A,N/A,N/A
Cement and concrete,Ready-mix,"Ready-mixed concrete, USA, Great Lakes, 2500 psi",CLF 2025 Material Baselines,https://www.nrmca.org/wp-content/uploads/2022/02/NRMCA_LCAReportV3-2_20220224.pdf,0.998751561,Baseline,232,1,m3,Industry,single,industry data,"NRMCA ready-mixed concrete benchmark report (ASMI, 2021) ","Athena Sustainable Materials Institute. (2021). A Cradle-to-Gate Life Cycle Assessment of Ready-Mixed Concrete Manufactured by NRMCA Members - Version 3.2, Appendix C: NRMCA Member National and Regional LCA Benchmark (Industry Average) Report - V3.2 (pp. 51–101). National Ready Mixed Concrete Association (NRMCA).",FALSE,US Great Lakes,2305.72,kg/m3,999,Placeholder,d_truck,Concrete,3,No,No,No,No,N/A,N/A,N/A,N/A,N/A,N/A,N/A,N/A,N/A,N/A,N/A,N/A,N/A,N/A,N/A,N/A,2500,regular,N/A,N/A,N/A,N/A,232,N/A,N/A,N/A,0.6092384519350810,0.2496878901373280,0.0000051635455680,12.6142322097378000,349.3333333333330000,No,N/A,N/A,N/A,N/A,N/A,N/A,N/A,N/A,N/A,N/A,N/A,N/A,N/A,N/A,N/A,N/A,N/A
Cement and concrete,Ready-mix,"Ready-mixed concrete, USA, Great Lakes, 2500 psi",CLF 2025 Material Baselines,https://buildingtransparency.org/ec3/epds/ec3t19j5,1.126498688,High-80th%,247,1,m3,N/A,N/A,N/A,1533SX,Ozinga,FALSE,US Great Lakes,2305.72,kg/m3,999,Placeholder,d_truck,Concrete,3,No,No,No,No,N/A,N/A,N/A,N/A,N/A,N/A,N/A,N/A,N/A,N/A,N/A,N/A,N/A,N/A,N/A,N/A,2500,regular,N/A,N/A,N/A,N/A,247,N/A,N/A,N/A,1.5415518349477800,0.3873559237822850,0.0000086375278216,70.6682614330723000,N/A,No,N/A,N/A,N/A,N/A,N/A,N/A,N/A,N/A,N/A,N/A,N/A,N/A,N/A,N/A,N/A,N/A,N/A
Cement and concrete,Ready-mix,"Ready-mixed concrete, USA, Great Lakes, 2500 psi",CLF 2025 Material Baselines,https://buildingtransparency.org/ec3/epds/ec3dc30s,0.9985194,Low-20th%,186,1,m3,N/A,N/A,N/A,1533SX,Ozinga,FALSE,US Great Lakes,2305.72,kg/m3,999,Placeholder,d_truck,Concrete,3,No,No,No,No,N/A,N/A,N/A,N/A,N/A,N/A,N/A,N/A,N/A,N/A,N/A,N/A,N/A,N/A,N/A,N/A,2500,regular,N/A,N/A,N/A,N/A,186,N/A,N/A,N/A,0.6549738675662650,0.3156472596010860,0.0000069218040787,42.6648407576293000,N/A,No,N/A,N/A,N/A,N/A,N/A,N/A,N/A,N/A,N/A,N/A,N/A,N/A,N/A,N/A,N/A,N/A,N/A
Cement and concrete,Ready-mix,"Ready-mixed concrete, USA, Great Lakes, 3000 psi",CLF 2025 Material Baselines,https://www.nrmca.org/wp-content/uploads/2022/02/NRMCA_LCAReportV3-2_20220224.pdf,1.00086349,Baseline,255,1,m3,Industry,single,industry data,"NRMCA ready-mixed concrete benchmark report (ASMI, 2021) ","Athena Sustainable Materials Institute. (2021). A Cradle-to-Gate Life Cycle Assessment of Ready-Mixed Concrete Manufactured by NRMCA Members - Version 3.2, Appendix C: NRMCA Member National and Regional LCA Benchmark (Industry Average) Report - V3.2 (pp. 51–101). National Ready Mixed Concrete Association (NRMCA).",FALSE,US Great Lakes,2298.05,kg/m3,999,Placeholder,d_truck,Concrete,3,No,No,No,No,N/A,N/A,N/A,N/A,N/A,N/A,N/A,N/A,N/A,N/A,N/A,N/A,N/A,N/A,N/A,N/A,3000,regular,N/A,N/A,N/A,N/A,255,N/A,N/A,N/A,0.8507339665593840,0.3503022215244520,0.0000072762775728,17.4950938064212000,465.3714969777850000,No,N/A,N/A,N/A,N/A,N/A,N/A,N/A,N/A,N/A,N/A,N/A,N/A,N/A,N/A,N/A,N/A,N/A
Cement and concrete,Ready-mix,"Ready-mixed concrete, USA, Great Lakes, 3000 psi",CLF 2025 Material Baselines,https://buildingtransparency.org/ec3/epds/ec3dk24r,0.824561404,High-80th%,329,1,m3,N/A,N/A,N/A,Mix DRYMIX,Scioto Ready Mix,FALSE,US Great Lakes,2298.05,kg/m3,999,Placeholder,d_truck,Concrete,3,No,No,No,No,N/A,N/A,N/A,N/A,N/A,N/A,N/A,N/A,N/A,N/A,N/A,N/A,N/A,N/A,N/A,N/A,3000,regular,N/A,N/A,N/A,N/A,329,N/A,N/A,N/A,1.9294736842105300,0.1566666666666670,0.0000097298245614,50.5456140350877000,1341.5614035087700000,No,N/A,N/A,N/A,N/A,N/A,N/A,N/A,N/A,N/A,N/A,N/A,N/A,N/A,N/A,N/A,N/A,N/A
Cement and concrete,Ready-mix,"Ready-mixed concrete, USA, Great Lakes, 3000 psi",CLF 2025 Material Baselines,https://buildingtransparency.org/ec3/epds/ec327ewm,0.841201717,Low-20th%,196,1,m3,N/A,N/A,N/A,Mix 300FN1L5M,Scioto Ready Mix,FALSE,US Great Lakes,2298.05,kg/m3,999,Placeholder,d_truck,Concrete,3,No,No,No,No,N/A,N/A,N/A,N/A,N/A,N/A,N/A,N/A,N/A,N/A,N/A,N/A,N/A,N/A,N/A,N/A,3000,regular,N/A,N/A,N/A,N/A,196,N/A,N/A,N/A,0.9505579399141630,0.1009442060085840,0.0000067127896996,25.0678111587983000,614.9184549356220000,No,N/A,N/A,N/A,N/A,N/A,N/A,N/A,N/A,N/A,N/A,N/A,N/A,N/A,N/A,N/A,N/A,N/A
Cement and concrete,Ready-mix,"Ready-mixed concrete, USA, Great Lakes, 4000 psi",CLF 2025 Material Baselines,https://www.nrmca.org/wp-content/uploads/2022/02/NRMCA_LCAReportV3-2_20220224.pdf,1.001222615,Baseline,303,1,m3,Industry,single,industry data,"NRMCA ready-mixed concrete benchmark report (ASMI, 2021) ","Athena Sustainable Materials Institute. (2021). A Cradle-to-Gate Life Cycle Assessment of Ready-Mixed Concrete Manufactured by NRMCA Members - Version 3.2, Appendix C: NRMCA Member National and Regional LCA Benchmark (Industry Average) Report - V3.2 (pp. 51–101). National Ready Mixed Concrete Association (NRMCA).",FALSE,US Great Lakes,2303.95,kg/m3,999,Placeholder,d_truck,Concrete,3,No,No,No,No,N/A,N/A,N/A,N/A,N/A,N/A,N/A,N/A,N/A,N/A,N/A,N/A,N/A,N/A,N/A,N/A,4000,regular,N/A,N/A,N/A,N/A,303,N/A,N/A,N/A,0.9511614843207880,0.4004890460298050,0.0000084002577405,19.5839143508575000,488.5065261210060000,No,N/A,N/A,N/A,N/A,N/A,N/A,N/A,N/A,N/A,N/A,N/A,N/A,N/A,N/A,N/A,N/A,N/A
Cement and concrete,Ready-mix,"Ready-mixed concrete, USA, Great Lakes, 4000 psi",CLF 2025 Material Baselines,https://buildingtransparency.org/ec3/epds/ec3x2ne2,0.952981707,High-80th%,376,1,m3,N/A,N/A,N/A,1733,"Smith Ready Mix, Inc.",FALSE,US Great Lakes,2303.95,kg/m3,999,Placeholder,d_truck,Concrete,3,No,No,No,No,N/A,N/A,N/A,N/A,N/A,N/A,N/A,N/A,N/A,N/A,N/A,N/A,N/A,N/A,N/A,N/A,4000,regular,N/A,N/A,N/A,N/A,376,N/A,N/A,N/A,1.1365002537567200,0.4992965160002590,0.0000118117622680,27.1131967893032000,N/A,No,N/A,N/A,N/A,N/A,N/A,N/A,N/A,N/A,N/A,N/A,N/A,N/A,N/A,N/A,N/A,N/A,N/A
Cement and concrete,Ready-mix,"Ready-mixed concrete, USA, Great Lakes, 4000 psi",CLF 2025 Material Baselines,https://buildingtransparency.org/ec3/epds/ec3b9rs9,0.976632166,Low-20th%,243,1,m3,N/A,N/A,N/A,56S2526A,Doan Companies,FALSE,US Great Lakes,2303.95,kg/m3,999,Placeholder,d_truck,Concrete,3,No,No,No,No,N/A,N/A,N/A,N/A,N/A,N/A,N/A,N/A,N/A,N/A,N/A,N/A,N/A,N/A,N/A,N/A,4000,regular,N/A,N/A,N/A,N/A,243,N/A,N/A,N/A,0.8048433984387950,0.3589501656356100,0.0000074712360727,15.0647777448438000,N/A,No,N/A,N/A,N/A,N/A,N/A,N/A,N/A,N/A,N/A,N/A,N/A,N/A,N/A,N/A,N/A,N/A,N/A
Cement and concrete,Ready-mix,"Ready-mixed concrete, USA, Great Lakes, 5000 psi",CLF 2025 Material Baselines,https://www.nrmca.org/wp-content/uploads/2022/02/NRMCA_LCAReportV3-2_20220224.pdf,0.999724594,Baseline,363,1,m3,Industry,single,industry data,"NRMCA ready-mixed concrete benchmark report (ASMI, 2021) ","Athena Sustainable Materials Institute. (2021). A Cradle-to-Gate Life Cycle Assessment of Ready-Mixed Concrete Manufactured by NRMCA Members - Version 3.2, Appendix C: NRMCA Member National and Regional LCA Benchmark (Industry Average) Report - V3.2 (pp. 51–101). National Ready Mixed Concrete Association (NRMCA).",FALSE,US Great Lakes,2312.21,kg/m3,999,Placeholder,d_truck,Concrete,3,No,No,No,No,N/A,N/A,N/A,N/A,N/A,N/A,N/A,N/A,N/A,N/A,N/A,N/A,N/A,N/A,N/A,N/A,5000,regular,N/A,N/A,N/A,N/A,363,N/A,N/A,N/A,1.0797025612778800,0.4598733131368770,0.0000097773065271,22.1738914899477000,522.8359680528780000,No,N/A,N/A,N/A,N/A,N/A,N/A,N/A,N/A,N/A,N/A,N/A,N/A,N/A,N/A,N/A,N/A,N/A
Cement and concrete,Ready-mix,"Ready-mixed concrete, USA, Great Lakes, 5000 psi",CLF 2025 Material Baselines,https://buildingtransparency.org/ec3/epds/ec3g20er,1.104278075,High-80th%,413,1,m3,N/A,N/A,N/A,Mix COLCS0L5M,Scioto Ready Mix,FALSE,US Great Lakes,2312.21,kg/m3,999,Placeholder,d_truck,Concrete,3,No,No,No,No,N/A,N/A,N/A,N/A,N/A,N/A,N/A,N/A,N/A,N/A,N/A,N/A,N/A,N/A,N/A,N/A,5000,regular,N/A,N/A,N/A,N/A,413,N/A,N/A,N/A,1.8110160427807500,0.1877272727272730,0.0000149077540107,48.1465240641711000,912.1336898395720000,No,N/A,N/A,N/A,N/A,N/A,N/A,N/A,N/A,N/A,N/A,N/A,N/A,N/A,N/A,N/A,N/A,N/A
Cement and concrete,Ready-mix,"Ready-mixed concrete, USA, Great Lakes, 5000 psi",CLF 2025 Material Baselines,https://buildingtransparency.org/ec3/epds/ec3pfkmh,1.084615385,Low-20th%,282,1,m3,N/A,N/A,N/A,Mix 95716098,"Lycon, Inc.",FALSE,US Great Lakes,2312.21,kg/m3,999,Placeholder,d_truck,Concrete,3,No,No,No,No,N/A,N/A,N/A,N/A,N/A,N/A,N/A,N/A,N/A,N/A,N/A,N/A,N/A,N/A,N/A,N/A,5000,regular,N/A,N/A,N/A,N/A,282,N/A,N/A,N/A,0.7483846153846150,0.3362307692307690,0.0000074513076923,15.2930769230769000,N/A,No,N/A,N/A,N/A,N/A,N/A,N/A,N/A,N/A,N/A,N/A,N/A,N/A,N/A,N/A,N/A,N/A,N/A
Cement and concrete,Ready-mix,"Ready-mixed concrete, USA, Great Lakes, 6000 psi",CLF 2025 Material Baselines,https://www.nrmca.org/wp-content/uploads/2022/02/NRMCA_LCAReportV3-2_20220224.pdf,0.999008816,Baseline,383,1,m3,Industry,single,industry data,"NRMCA ready-mixed concrete benchmark report (ASMI, 2021) ","Athena Sustainable Materials Institute. (2021). A Cradle-to-Gate Life Cycle Assessment of Ready-Mixed Concrete Manufactured by NRMCA Members - Version 3.2, Appendix C: NRMCA Member National and Regional LCA Benchmark (Industry Average) Report - V3.2 (pp. 51–101). National Ready Mixed Concrete Association (NRMCA).",FALSE,US Great Lakes,2404.84,kg/m3,999,Placeholder,d_truck,Concrete,3,No,No,No,No,N/A,N/A,N/A,N/A,N/A,N/A,N/A,N/A,N/A,N/A,N/A,N/A,N/A,N/A,N/A,N/A,6000,regular,N/A,N/A,N/A,N/A,383,N/A,N/A,N/A,1.1388700506025400,0.4895143199958270,0.0000102897908081,23.2169648912306000,543.5606969586310000,No,N/A,N/A,N/A,N/A,N/A,N/A,N/A,N/A,N/A,N/A,N/A,N/A,N/A,N/A,N/A,N/A,N/A
Cement and concrete,Ready-mix,"Ready-mixed concrete, USA, Great Lakes, 6000 psi",CLF 2025 Material Baselines,https://buildingtransparency.org/ec3/epds/ec3sggt8,1,High-80th%,423,1,m3,N/A,N/A,N/A,6114869,"Prairie Material, LLC",FALSE,US Great Lakes,2404.84,kg/m3,999,Placeholder,d_truck,Concrete,3,No,No,No,No,N/A,N/A,N/A,N/A,N/A,N/A,N/A,N/A,N/A,N/A,N/A,N/A,N/A,N/A,N/A,N/A,6000,regular,N/A,N/A,N/A,N/A,423,N/A,N/A,N/A,1.3500000000000000,0.5200000000000000,0.0000115000000000,25.5000000000000000,835.0000000000000000,No,N/A,N/A,N/A,N/A,N/A,N/A,N/A,N/A,N/A,N/A,N/A,N/A,N/A,N/A,N/A,N/A,N/A
Cement and concrete,Ready-mix,"Ready-mixed concrete, USA, Great Lakes, 6000 psi",CLF 2025 Material Baselines,https://buildingtransparency.org/ec3/epds/ec39znfg,1.082957357,Low-20th%,280,1,m3,N/A,N/A,N/A,6206316,VCNA,FALSE,US Great Lakes,2404.84,kg/m3,999,Placeholder,d_truck,Concrete,3,No,No,No,No,N/A,N/A,N/A,N/A,N/A,N/A,N/A,N/A,N/A,N/A,N/A,N/A,N/A,N/A,N/A,N/A,6000,regular,N/A,N/A,N/A,N/A,280,N/A,N/A,N/A,1.7294081750207600,0.5587236914365190,0.0000084362378108,20.3574139860152000,N/A,No,N/A,N/A,N/A,N/A,N/A,N/A,N/A,N/A,N/A,N/A,N/A,N/A,N/A,N/A,N/A,N/A,N/A
Cement and concrete,Ready-mix,"Ready-mixed concrete, USA, Great Lakes, 8000 psi",CLF 2025 Material Baselines,https://www.nrmca.org/wp-content/uploads/2022/02/NRMCA_LCAReportV3-2_20220224.pdf,1.000930068,Baseline,452,1,m3,Industry,single,industry data,"NRMCA ready-mixed concrete benchmark report (ASMI, 2021) ","Athena Sustainable Materials Institute. (2021). A Cradle-to-Gate Life Cycle Assessment of Ready-Mixed Concrete Manufactured by NRMCA Members - Version 3.2, Appendix C: NRMCA Member National and Regional LCA Benchmark (Industry Average) Report - V3.2 (pp. 51–101). National Ready Mixed Concrete Association (NRMCA).",FALSE,US Great Lakes,2417.82,kg/m3,999,Placeholder,d_truck,Concrete,3,No,No,No,No,N/A,N/A,N/A,N/A,N/A,N/A,N/A,N/A,N/A,N/A,N/A,N/A,N/A,N/A,N/A,N/A,8000,regular,N/A,N/A,N/A,N/A,452,N/A,N/A,N/A,1.2911997874130800,0.5605208379467650,0.0000119110678064,26.2443863767217000,582.9316621639580000,No,N/A,N/A,N/A,N/A,N/A,N/A,N/A,N/A,N/A,N/A,N/A,N/A,N/A,N/A,N/A,N/A,N/A
Cement and concrete,Ready-mix,"Ready-mixed concrete, USA, Great Lakes, 8000 psi",CLF 2025 Material Baselines,https://buildingtransparency.org/ec3/epds/ec3hsg7t,1.006438722,High-80th%,336,1,m3,N/A,N/A,N/A,98000,Ozinga,FALSE,US Great Lakes,2417.82,kg/m3,999,Placeholder,d_truck,Concrete,3,No,No,No,No,N/A,N/A,N/A,N/A,N/A,N/A,N/A,N/A,N/A,N/A,N/A,N/A,N/A,N/A,N/A,N/A,8000,regular,N/A,N/A,N/A,N/A,336,N/A,N/A,N/A,2.2467480374370000,0.5094826906767800,0.0000119766207879,57.8114051852502000,N/A,No,N/A,N/A,N/A,N/A,N/A,N/A,N/A,N/A,N/A,N/A,N/A,N/A,N/A,N/A,N/A,N/A,N/A
Cement and concrete,Ready-mix,"Ready-mixed concrete, USA, Great Lakes, 8000 psi",CLF 2025 Material Baselines,https://buildingtransparency.org/ec3/epds/ec3pgxyd,0.962074017,Low-20th%,291,1,m3,N/A,N/A,N/A,98002,Ozinga,FALSE,US Great Lakes,2417.82,kg/m3,999,Placeholder,d_truck,Concrete,3,No,No,No,No,N/A,N/A,N/A,N/A,N/A,N/A,N/A,N/A,N/A,N/A,N/A,N/A,N/A,N/A,N/A,N/A,8000,regular,N/A,N/A,N/A,N/A,291,N/A,N/A,N/A,2.8350972463424900,0.4426880071655010,0.0000108714363960,76.1983306329690000,N/A,No,N/A,N/A,N/A,N/A,N/A,N/A,N/A,N/A,N/A,N/A,N/A,N/A,N/A,N/A,N/A,N/A,N/A
Cement and concrete,Ready-mix,"Ready-mixed concrete, USA, Great Lakes, LW 3000 psi",CLF 2025 Material Baselines,https://www.nrmca.org/wp-content/uploads/2022/02/NRMCA_LCAReportV3-2_20220224.pdf,0.999819672,Baseline,499,1,m3,Industry,single,industry data,"NRMCA ready-mixed concrete benchmark report (ASMI, 2021) ","Athena Sustainable Materials Institute. (2021). A Cradle-to-Gate Life Cycle Assessment of Ready-Mixed Concrete Manufactured by NRMCA Members - Version 3.2, Appendix C: NRMCA Member National and Regional LCA Benchmark (Industry Average) Report - V3.2 (pp. 51–101). National Ready Mixed Concrete Association (NRMCA).",FALSE,US Great Lakes,1244.9,kg/m3,999,Placeholder,d_truck,Concrete,3,No,No,No,No,N/A,N/A,N/A,N/A,N/A,N/A,N/A,N/A,N/A,N/A,N/A,N/A,N/A,N/A,N/A,N/A,3000,light weight,N/A,N/A,N/A,N/A,499,N/A,N/A,N/A,2.5195455729427600,0.8998377046224130,0.0000188965917971,31.2443647438338000,2676.4972650223400000,No,N/A,N/A,N/A,N/A,N/A,N/A,N/A,N/A,N/A,N/A,N/A,N/A,N/A,N/A,N/A,N/A,N/A
Cement and concrete,Ready-mix,"Ready-mixed concrete, USA, Great Lakes, LW 3000 psi",N/A,N/A,#VALUE!,High-80th%,N/A,N/A,N/A,N/A,N/A,N/A,N/A,N/A,FALSE,N/A,N/A,N/A,999,Placeholder,d_truck,Concrete,3,No,No,No,No,N/A,N/A,N/A,N/A,N/A,N/A,N/A,N/A,N/A,N/A,N/A,N/A,N/A,N/A,N/A,N/A,3000,light weight,N/A,N/A,N/A,N/A,N/A,N/A,N/A,N/A,N/A,N/A,N/A,N/A,N/A,No,N/A,N/A,N/A,N/A,N/A,N/A,N/A,N/A,N/A,N/A,N/A,N/A,N/A,N/A,N/A,N/A,N/A
Cement and concrete,Ready-mix,"Ready-mixed concrete, USA, Great Lakes, LW 3000 psi",N/A,N/A,#VALUE!,Low-20th%,N/A,N/A,N/A,N/A,N/A,N/A,N/A,N/A,FALSE,N/A,N/A,N/A,999,Placeholder,d_truck,Concrete,3,No,No,No,No,N/A,N/A,N/A,N/A,N/A,N/A,N/A,N/A,N/A,N/A,N/A,N/A,N/A,N/A,N/A,N/A,3000,light weight,N/A,N/A,N/A,N/A,N/A,N/A,N/A,N/A,N/A,N/A,N/A,N/A,N/A,No,N/A,N/A,N/A,N/A,N/A,N/A,N/A,N/A,N/A,N/A,N/A,N/A,N/A,N/A,N/A,N/A,N/A
Cement and concrete,Ready-mix,"Ready-mixed concrete, USA, Great Lakes, LW 4000 psi",CLF 2025 Material Baselines,https://www.nrmca.org/wp-content/uploads/2022/02/NRMCA_LCAReportV3-2_20220224.pdf,0.999147732,Baseline,551,1,m3,Industry,single,industry data,"NRMCA ready-mixed concrete benchmark report (ASMI, 2021) ","Athena Sustainable Materials Institute. (2021). A Cradle-to-Gate Life Cycle Assessment of Ready-Mixed Concrete Manufactured by NRMCA Members - Version 3.2, Appendix C: NRMCA Member National and Regional LCA Benchmark (Industry Average) Report - V3.2 (pp. 51–101). National Ready Mixed Concrete Association (NRMCA).",FALSE,US Great Lakes,1231.33,kg/m3,999,Placeholder,d_truck,Concrete,3,No,No,No,No,N/A,N/A,N/A,N/A,N/A,N/A,N/A,N/A,N/A,N/A,N/A,N/A,N/A,N/A,N/A,N/A,4000,light weight,N/A,N/A,N/A,N/A,551,N/A,N/A,N/A,2.6477414909242600,0.9691733004515210,0.0000202826989682,33.5513808548062000,2743.3998948265500000,No,N/A,N/A,N/A,N/A,N/A,N/A,N/A,N/A,N/A,N/A,N/A,N/A,N/A,N/A,N/A,N/A,N/A
Cement and concrete,Ready-mix,"Ready-mixed concrete, USA, Great Lakes, LW 4000 psi",N/A,N/A,#VALUE!,High-80th%,N/A,N/A,N/A,N/A,N/A,N/A,N/A,N/A,FALSE,N/A,N/A,N/A,999,Placeholder,d_truck,Concrete,3,No,No,No,No,N/A,N/A,N/A,N/A,N/A,N/A,N/A,N/A,N/A,N/A,N/A,N/A,N/A,N/A,N/A,N/A,4000,light weight,N/A,N/A,N/A,N/A,N/A,N/A,N/A,N/A,N/A,N/A,N/A,N/A,N/A,No,N/A,N/A,N/A,N/A,N/A,N/A,N/A,N/A,N/A,N/A,N/A,N/A,N/A,N/A,N/A,N/A,N/A
Cement and concrete,Ready-mix,"Ready-mixed concrete, USA, Great Lakes, LW 4000 psi",N/A,N/A,#VALUE!,Low-20th%,N/A,N/A,N/A,N/A,N/A,N/A,N/A,N/A,FALSE,N/A,N/A,N/A,999,Placeholder,d_truck,Concrete,3,No,No,No,No,N/A,N/A,N/A,N/A,N/A,N/A,N/A,N/A,N/A,N/A,N/A,N/A,N/A,N/A,N/A,N/A,4000,light weight,N/A,N/A,N/A,N/A,N/A,N/A,N/A,N/A,N/A,N/A,N/A,N/A,N/A,No,N/A,N/A,N/A,N/A,N/A,N/A,N/A,N/A,N/A,N/A,N/A,N/A,N/A,N/A,N/A,N/A,N/A
Cement and concrete,Ready-mix,"Ready-mixed concrete, USA, Great Lakes, LW 5000 psi",CLF 2025 Material Baselines,https://www.nrmca.org/wp-content/uploads/2022/02/NRMCA_LCAReportV3-2_20220224.pdf,0.999453036,Baseline,603,1,m3,Industry,single,industry data,"NRMCA ready-mixed concrete benchmark report (ASMI, 2021) ","Athena Sustainable Materials Institute. (2021). A Cradle-to-Gate Life Cycle Assessment of Ready-Mixed Concrete Manufactured by NRMCA Members - Version 3.2, Appendix C: NRMCA Member National and Regional LCA Benchmark (Industry Average) Report - V3.2 (pp. 51–101). National Ready Mixed Concrete Association (NRMCA).",FALSE,US Great Lakes,1227.2,kg/m3,999,Placeholder,d_truck,Concrete,3,No,No,No,No,N/A,N/A,N/A,N/A,N/A,N/A,N/A,N/A,N/A,N/A,N/A,N/A,N/A,N/A,N/A,N/A,5000,light weight,N/A,N/A,N/A,N/A,603,N/A,N/A,N/A,2.7784794391129200,1.0294366267216900,0.0000214882402665,35.8303913281289000,2798.5084779473900000,No,N/A,N/A,N/A,N/A,N/A,N/A,N/A,N/A,N/A,N/A,N/A,N/A,N/A,N/A,N/A,N/A,N/A
Cement and concrete,Ready-mix,"Ready-mixed concrete, USA, Great Lakes, LW 5000 psi",N/A,N/A,#VALUE!,High-80th%,N/A,N/A,N/A,N/A,N/A,N/A,N/A,N/A,FALSE,N/A,N/A,N/A,999,Placeholder,d_truck,Concrete,3,No,No,No,No,N/A,N/A,N/A,N/A,N/A,N/A,N/A,N/A,N/A,N/A,N/A,N/A,N/A,N/A,N/A,N/A,5000,light weight,N/A,N/A,N/A,N/A,N/A,N/A,N/A,N/A,N/A,N/A,N/A,N/A,N/A,No,N/A,N/A,N/A,N/A,N/A,N/A,N/A,N/A,N/A,N/A,N/A,N/A,N/A,N/A,N/A,N/A,N/A
Cement and concrete,Ready-mix,"Ready-mixed concrete, USA, Great Lakes, LW 5000 psi",N/A,N/A,#VALUE!,Low-20th%,N/A,N/A,N/A,N/A,N/A,N/A,N/A,N/A,FALSE,N/A,N/A,N/A,999,Placeholder,d_truck,Concrete,3,No,No,No,No,N/A,N/A,N/A,N/A,N/A,N/A,N/A,N/A,N/A,N/A,N/A,N/A,N/A,N/A,N/A,N/A,5000,light weight,N/A,N/A,N/A,N/A,N/A,N/A,N/A,N/A,N/A,N/A,N/A,N/A,N/A,No,N/A,N/A,N/A,N/A,N/A,N/A,N/A,N/A,N/A,N/A,N/A,N/A,N/A,N/A,N/A,N/A,N/A
Cement and concrete,Ready-mix,"Ready-mixed concrete, USA, Eastern, 2500 psi",CLF 2025 Material Baselines,https://www.nrmca.org/wp-content/uploads/2022/02/NRMCA_LCAReportV3-2_20220224.pdf,0.971620582,Baseline,240,1,m3,Industry,single,industry data,"NRMCA ready-mixed concrete benchmark report (ASMI, 2021) ","Athena Sustainable Materials Institute. (2021). A Cradle-to-Gate Life Cycle Assessment of Ready-Mixed Concrete Manufactured by NRMCA Members - Version 3.2, Appendix C: NRMCA Member National and Regional LCA Benchmark (Industry Average) Report - V3.2 (pp. 51–101). National Ready Mixed Concrete Association (NRMCA).",FALSE,US Eastern,2296.28,kg/m3,999,Placeholder,d_truck,Concrete,3,No,No,No,No,N/A,N/A,N/A,N/A,N/A,N/A,N/A,N/A,N/A,N/A,N/A,N/A,N/A,N/A,N/A,N/A,2500,regular,N/A,N/A,N/A,N/A,240,N/A,N/A,N/A,0.6995668191571190,0.2331889397190400,0.0000053633456135,15.9248613416461000,423.5974252054570000,No,N/A,N/A,N/A,N/A,N/A,N/A,N/A,N/A,N/A,N/A,N/A,N/A,N/A,N/A,N/A,N/A,N/A
Cement and concrete,Ready-mix,"Ready-mixed concrete, USA, Eastern, 2500 psi",CLF 2025 Material Baselines,https://buildingtransparency.org/ec3/epds/ec3mrxck,0.953168044,High-80th%,346,1,m3,N/A,N/A,N/A,Mix 14611802,Smyrna Ready Mix Concrete LLC,FALSE,US Eastern,2296.28,kg/m3,999,Placeholder,d_truck,Concrete,3,No,No,No,No,N/A,N/A,N/A,N/A,N/A,N/A,N/A,N/A,N/A,N/A,N/A,N/A,N/A,N/A,N/A,N/A,2500,regular,N/A,N/A,N/A,N/A,346,N/A,N/A,N/A,1.9063360881542700,0.3907988980716250,0.0000066531129477,48.3256198347107000,1452.6280991735500000,No,N/A,N/A,N/A,N/A,N/A,N/A,N/A,N/A,N/A,N/A,N/A,N/A,N/A,N/A,N/A,N/A,N/A
Cement and concrete,Ready-mix,"Ready-mixed concrete, USA, Eastern, 2500 psi",CLF 2025 Material Baselines,https://buildingtransparency.org/ec3/epds/ec3kauce,0.764505119,Low-20th%,224,1,m3,N/A,N/A,N/A,Mix SUPERFOOT,Holcim US,FALSE,US Eastern,2296.28,kg/m3,999,Placeholder,d_truck,Concrete,3,No,No,No,No,N/A,N/A,N/A,N/A,N/A,N/A,N/A,N/A,N/A,N/A,N/A,N/A,N/A,N/A,N/A,N/A,2500,regular,N/A,N/A,N/A,N/A,224,N/A,N/A,N/A,0.6421843003412970,0.2905119453924910,0.0000053209556314,13.2259385665529000,473.9931740614330000,No,N/A,N/A,N/A,N/A,N/A,N/A,N/A,N/A,N/A,N/A,N/A,N/A,N/A,N/A,N/A,N/A,N/A
Cement and concrete,Ready-mix,"Ready-mixed concrete, USA, Eastern, 3000 psi",CLF 2025 Material Baselines,https://www.nrmca.org/wp-content/uploads/2022/02/NRMCA_LCAReportV3-2_20220224.pdf,0.98651022,Baseline,264,1,m3,Industry,single,industry data,"NRMCA ready-mixed concrete benchmark report (ASMI, 2021) ","Athena Sustainable Materials Institute. (2021). A Cradle-to-Gate Life Cycle Assessment of Ready-Mixed Concrete Manufactured by NRMCA Members - Version 3.2, Appendix C: NRMCA Member National and Regional LCA Benchmark (Industry Average) Report - V3.2 (pp. 51–101). National Ready Mixed Concrete Association (NRMCA).",FALSE,US Eastern,2289.79,kg/m3,999,Placeholder,d_truck,Concrete,3,No,No,No,No,N/A,N/A,N/A,N/A,N/A,N/A,N/A,N/A,N/A,N/A,N/A,N/A,N/A,N/A,N/A,N/A,3000,regular,N/A,N/A,N/A,N/A,264,N/A,N/A,N/A,0.9766451178954450,0.3255483726318150,0.0000075763984903,22.1175591345615000,575.8062852658720000,No,N/A,N/A,N/A,N/A,N/A,N/A,N/A,N/A,N/A,N/A,N/A,N/A,N/A,N/A,N/A,N/A,N/A
Cement and concrete,Ready-mix,"Ready-mixed concrete, USA, Eastern, 3000 psi",CLF 2025 Material Baselines,https://buildingtransparency.org/ec3/epds/ec3bu5cq,0.948780488,High-80th%,389,1,m3,N/A,N/A,N/A,Mix 3480,"Silvi Concrete Products, Inc.",FALSE,US Eastern,2289.79,kg/m3,999,Placeholder,d_truck,Concrete,3,No,No,No,No,N/A,N/A,N/A,N/A,N/A,N/A,N/A,N/A,N/A,N/A,N/A,N/A,N/A,N/A,N/A,N/A,3000,regular,N/A,N/A,N/A,N/A,389,N/A,N/A,N/A,2.2296341463414600,0.4459268292682930,0.0000073340731707,56.7370731707317000,1687.8804878048800000,No,N/A,N/A,N/A,N/A,N/A,N/A,N/A,N/A,N/A,N/A,N/A,N/A,N/A,N/A,N/A,N/A,N/A
Cement and concrete,Ready-mix,"Ready-mixed concrete, USA, Eastern, 3000 psi",CLF 2025 Material Baselines,https://buildingtransparency.org/ec3/epds/ec3h69jp,0.913696787,Low-20th%,271,1,m3,N/A,N/A,N/A,BFLNAC30,Ernest Maier,FALSE,US Eastern,2289.79,kg/m3,999,Placeholder,d_truck,Concrete,3,No,No,No,No,N/A,N/A,N/A,N/A,N/A,N/A,N/A,N/A,N/A,N/A,N/A,N/A,N/A,N/A,N/A,N/A,3000,regular,N/A,N/A,N/A,N/A,271,N/A,N/A,N/A,0.9786976331207330,0.4731089069253160,0.0000030260388557,23.4939229419823000,N/A,No,N/A,N/A,N/A,N/A,N/A,N/A,N/A,N/A,N/A,N/A,N/A,N/A,N/A,N/A,N/A,N/A,N/A
Cement and concrete,Ready-mix,"Ready-mixed concrete, USA, Eastern, 4000 psi",CLF 2025 Material Baselines,https://www.nrmca.org/wp-content/uploads/2022/02/NRMCA_LCAReportV3-2_20220224.pdf,1.014965898,Baseline,314,1,m3,Industry,single,industry data,"NRMCA ready-mixed concrete benchmark report (ASMI, 2021) ","Athena Sustainable Materials Institute. (2021). A Cradle-to-Gate Life Cycle Assessment of Ready-Mixed Concrete Manufactured by NRMCA Members - Version 3.2, Appendix C: NRMCA Member National and Regional LCA Benchmark (Industry Average) Report - V3.2 (pp. 51–101). National Ready Mixed Concrete Association (NRMCA).",FALSE,US Eastern,2293.92,kg/m3,999,Placeholder,d_truck,Concrete,3,No,No,No,No,N/A,N/A,N/A,N/A,N/A,N/A,N/A,N/A,N/A,N/A,N/A,N/A,N/A,N/A,N/A,N/A,4000,regular,N/A,N/A,N/A,N/A,314,N/A,N/A,N/A,1.1063128292982500,0.3856870414067300,0.0000087388563856,24.8362155347965000,623.3920548210880000,No,N/A,N/A,N/A,N/A,N/A,N/A,N/A,N/A,N/A,N/A,N/A,N/A,N/A,N/A,N/A,N/A,N/A
Cement and concrete,Ready-mix,"Ready-mixed concrete, USA, Eastern, 4000 psi",CLF 2025 Material Baselines,https://buildingtransparency.org/ec3/epds/ec387e3p,0.958785249,High-80th%,442,1,m3,N/A,N/A,N/A,Mix 4419,"Silvi Concrete Products, Inc.",FALSE,US Eastern,2293.92,kg/m3,999,Placeholder,d_truck,Concrete,3,No,No,No,No,N/A,N/A,N/A,N/A,N/A,N/A,N/A,N/A,N/A,N/A,N/A,N/A,N/A,N/A,N/A,N/A,4000,regular,N/A,N/A,N/A,N/A,442,N/A,N/A,N/A,2.6174837310195200,0.4889804772234270,0.0000079579175705,67.4984815618221000,1980.8503253796100000,No,N/A,N/A,N/A,N/A,N/A,N/A,N/A,N/A,N/A,N/A,N/A,N/A,N/A,N/A,N/A,N/A,N/A
Cement and concrete,Ready-mix,"Ready-mixed concrete, USA, Eastern, 4000 psi",CLF 2025 Material Baselines,https://buildingtransparency.org/ec3/epds/ec314jba,0.922155689,Low-20th%,308,1,m3,N/A,N/A,N/A,Mix 4340G,"Silvi Concrete Products, Inc.",FALSE,US Eastern,2293.92,kg/m3,999,Placeholder,d_truck,Concrete,3,No,No,No,No,N/A,N/A,N/A,N/A,N/A,N/A,N/A,N/A,N/A,N/A,N/A,N/A,N/A,N/A,N/A,N/A,4000,regular,N/A,N/A,N/A,N/A,308,N/A,N/A,N/A,2.1301796407185600,0.3688622754491020,0.0000069807185629,53.1161676646707000,1397.9880239521000000,No,N/A,N/A,N/A,N/A,N/A,N/A,N/A,N/A,N/A,N/A,N/A,N/A,N/A,N/A,N/A,N/A,N/A
Cement and concrete,Ready-mix,"Ready-mixed concrete, USA, Eastern, 5000 psi",CLF 2025 Material Baselines,https://www.nrmca.org/wp-content/uploads/2022/02/NRMCA_LCAReportV3-2_20220224.pdf,1.048921941,Baseline,378,1,m3,Industry,single,industry data,"NRMCA ready-mixed concrete benchmark report (ASMI, 2021) ","Athena Sustainable Materials Institute. (2021). A Cradle-to-Gate Life Cycle Assessment of Ready-Mixed Concrete Manufactured by NRMCA Members - Version 3.2, Appendix C: NRMCA Member National and Regional LCA Benchmark (Industry Average) Report - V3.2 (pp. 51–101). National Ready Mixed Concrete Association (NRMCA).",FALSE,US Eastern,2282.12,kg/m3,999,Placeholder,d_truck,Concrete,3,No,No,No,No,N/A,N/A,N/A,N/A,N/A,N/A,N/A,N/A,N/A,N/A,N/A,N/A,N/A,N/A,N/A,N/A,5000,regular,N/A,N/A,N/A,N/A,378,N/A,N/A,N/A,1.2691955490190600,0.4510364347753700,0.0000101955212698,28.1950217831673000,684.9670061325860000,No,N/A,N/A,N/A,N/A,N/A,N/A,N/A,N/A,N/A,N/A,N/A,N/A,N/A,N/A,N/A,N/A,N/A
Cement and concrete,Ready-mix,"Ready-mixed concrete, USA, Eastern, 5000 psi",CLF 2025 Material Baselines,https://buildingtransparency.org/ec3/epds/ec3mdkae,0.958015267,High-80th%,502,1,m3,N/A,N/A,N/A,Mix 47011809,Eastern Concrete,FALSE,US Eastern,2282.12,kg/m3,999,Placeholder,d_truck,Concrete,3,No,No,No,No,N/A,N/A,N/A,N/A,N/A,N/A,N/A,N/A,N/A,N/A,N/A,N/A,N/A,N/A,N/A,N/A,5000,regular,N/A,N/A,N/A,N/A,502,N/A,N/A,N/A,2.5866412213740500,0.5652290076335880,0.0000095801526718,66.3904580152672000,1761.7900763358800000,No,N/A,N/A,N/A,N/A,N/A,N/A,N/A,N/A,N/A,N/A,N/A,N/A,N/A,N/A,N/A,N/A,N/A
Cement and concrete,Ready-mix,"Ready-mixed concrete, USA, Eastern, 5000 psi",CLF 2025 Material Baselines,https://buildingtransparency.org/ec3/epds/ec3cstzx,0.930939227,Low-20th%,337,1,m3,N/A,N/A,N/A,Mix 51AE.37A22,Tec-Crete Transit Mix Corp.,FALSE,US Eastern,2282.12,kg/m3,999,Placeholder,d_truck,Concrete,3,No,No,No,No,N/A,N/A,N/A,N/A,N/A,N/A,N/A,N/A,N/A,N/A,N/A,N/A,N/A,N/A,N/A,N/A,5000,regular,N/A,N/A,N/A,N/A,337,N/A,N/A,N/A,2.0666850828729300,0.3909944751381220,0.0000085646408840,48.5019337016575000,1326.5883977900600000,No,N/A,N/A,N/A,N/A,N/A,N/A,N/A,N/A,N/A,N/A,N/A,N/A,N/A,N/A,N/A,N/A,N/A
Cement and concrete,Ready-mix,"Ready-mixed concrete, USA, Eastern, 6000 psi",CLF 2025 Material Baselines,https://www.nrmca.org/wp-content/uploads/2022/02/NRMCA_LCAReportV3-2_20220224.pdf,1.044447935,Baseline,399,1,m3,Industry,single,industry data,"NRMCA ready-mixed concrete benchmark report (ASMI, 2021) ","Athena Sustainable Materials Institute. (2021). A Cradle-to-Gate Life Cycle Assessment of Ready-Mixed Concrete Manufactured by NRMCA Members - Version 3.2, Appendix C: NRMCA Member National and Regional LCA Benchmark (Industry Average) Report - V3.2 (pp. 51–101). National Ready Mixed Concrete Association (NRMCA).",FALSE,US Eastern,2380.65,kg/m3,999,Placeholder,d_truck,Concrete,3,No,No,No,No,N/A,N/A,N/A,N/A,N/A,N/A,N/A,N/A,N/A,N/A,N/A,N/A,N/A,N/A,N/A,N/A,6000,regular,N/A,N/A,N/A,N/A,399,N/A,N/A,N/A,1.3264488770221500,0.4804460499450290,0.0000107578137270,29.4429872781530000,712.6790482173710000,No,N/A,N/A,N/A,N/A,N/A,N/A,N/A,N/A,N/A,N/A,N/A,N/A,N/A,N/A,N/A,N/A,N/A
Cement and concrete,Ready-mix,"Ready-mixed concrete, USA, Eastern, 6000 psi",CLF 2025 Material Baselines,https://buildingtransparency.org/ec3/epds/ec38anw4,0.971880492,High-80th%,553,1,m3,N/A,N/A,N/A,Mix 47811809,Eastern Concrete,FALSE,US Eastern,2380.65,kg/m3,999,Placeholder,d_truck,Concrete,3,No,No,No,No,N/A,N/A,N/A,N/A,N/A,N/A,N/A,N/A,N/A,N/A,N/A,N/A,N/A,N/A,N/A,N/A,6000,regular,N/A,N/A,N/A,N/A,553,N/A,N/A,N/A,2.8378910369068500,0.6220035149384890,0.0000105934973638,72.1135325131810000,1889.3356766256600000,No,N/A,N/A,N/A,N/A,N/A,N/A,N/A,N/A,N/A,N/A,N/A,N/A,N/A,N/A,N/A,N/A,N/A
Cement and concrete,Ready-mix,"Ready-mixed concrete, USA, Eastern, 6000 psi",CLF 2025 Material Baselines,https://buildingtransparency.org/ec3/epds/ec3jac29,0.915816327,Low-20th%,359,1,m3,N/A,N/A,N/A,Mix P6611553,Smyrna Ready Mix Concrete LLC,FALSE,US Eastern,2380.65,kg/m3,999,Placeholder,d_truck,Concrete,3,No,No,No,No,N/A,N/A,N/A,N/A,N/A,N/A,N/A,N/A,N/A,N/A,N/A,N/A,N/A,N/A,N/A,N/A,6000,regular,N/A,N/A,N/A,N/A,359,N/A,N/A,N/A,1.9140561224489800,0.4121173469387760,0.0000070334693878,48.6298469387755000,1401.1989795918400000,No,N/A,N/A,N/A,N/A,N/A,N/A,N/A,N/A,N/A,N/A,N/A,N/A,N/A,N/A,N/A,N/A,N/A
Cement and concrete,Ready-mix,"Ready-mixed concrete, USA, Eastern, 8000 psi",CLF 2025 Material Baselines,https://www.nrmca.org/wp-content/uploads/2022/02/NRMCA_LCAReportV3-2_20220224.pdf,1.086181107,Baseline,472,1,m3,Industry,single,industry data,"NRMCA ready-mixed concrete benchmark report (ASMI, 2021) ","Athena Sustainable Materials Institute. (2021). A Cradle-to-Gate Life Cycle Assessment of Ready-Mixed Concrete Manufactured by NRMCA Members - Version 3.2, Appendix C: NRMCA Member National and Regional LCA Benchmark (Industry Average) Report - V3.2 (pp. 51–101). National Ready Mixed Concrete Association (NRMCA).",FALSE,US Eastern,2381.83,kg/m3,999,Placeholder,d_truck,Concrete,3,No,No,No,No,N/A,N/A,N/A,N/A,N/A,N/A,N/A,N/A,N/A,N/A,N/A,N/A,N/A,N/A,N/A,N/A,8000,regular,N/A,N/A,N/A,N/A,472,N/A,N/A,N/A,1.5206535496490600,0.5539523645150160,0.0000123824646186,33.4109308480037000,782.1047060177190000,No,N/A,N/A,N/A,N/A,N/A,N/A,N/A,N/A,N/A,N/A,N/A,N/A,N/A,N/A,N/A,N/A,N/A
Cement and concrete,Ready-mix,"Ready-mixed concrete, USA, Eastern, 8000 psi",CLF 2025 Material Baselines,https://buildingtransparency.org/ec3/epds/ec33fh0g,1.355889724,High-80th%,541,1,m3,N/A,N/A,N/A,Mix 804778,Holcim,FALSE,US Eastern,2381.83,kg/m3,999,Placeholder,d_truck,Concrete,3,No,No,No,No,N/A,N/A,N/A,N/A,N/A,N/A,N/A,N/A,N/A,N/A,N/A,N/A,N/A,N/A,N/A,N/A,8000,regular,N/A,N/A,N/A,N/A,541,N/A,N/A,N/A,1.2203007518797000,0.3525313283208020,0.0000188468671679,31.1854636591479000,2764.6591478696700000,No,N/A,N/A,N/A,N/A,N/A,N/A,N/A,N/A,N/A,N/A,N/A,N/A,N/A,N/A,N/A,N/A,N/A
Cement and concrete,Ready-mix,"Ready-mixed concrete, USA, Eastern, 8000 psi",CLF 2025 Material Baselines,https://buildingtransparency.org/ec3/epds/ec3z4d2n,1.169014085,Low-20th%,332,1,m3,N/A,N/A,N/A,Mix 80NA50%SLB,Gotham Ready Mix LLC,FALSE,US Eastern,2381.83,kg/m3,999,Placeholder,d_truck,Concrete,3,No,No,No,No,N/A,N/A,N/A,N/A,N/A,N/A,N/A,N/A,N/A,N/A,N/A,N/A,N/A,N/A,N/A,N/A,8000,regular,N/A,N/A,N/A,N/A,332,N/A,N/A,N/A,1.8938028169014100,0.3974647887323940,0.0000096092957746,40.4478873239437000,1347.8732394366200000,No,N/A,N/A,N/A,N/A,N/A,N/A,N/A,N/A,N/A,N/A,N/A,N/A,N/A,N/A,N/A,N/A,N/A
Cement and concrete,Ready-mix,"Ready-mixed concrete, USA, Eastern, 9000 psi",CLF 2025 Material Baselines,"Collection of product EPDs , unweighted average. ( https://buildingtransparency.org/ec3/epds/ec3mz073)",1.202346041,Baseline,410,1,m3,Product,unweighted,qualitative,"Collection of product EPDs , unweighted average. ",Mix QB90S2BPNA4,FALSE,US Eastern,2400,kg/m3,999,Placeholder,d_truck,Concrete,3,No,No,No,No,N/A,N/A,N/A,N/A,N/A,N/A,N/A,N/A,N/A,N/A,N/A,N/A,N/A,N/A,N/A,N/A,9000,regular,N/A,N/A,N/A,N/A,410,N/A,N/A,N/A,1.4788856304985300,0.4929618768328450,0.0000123841642229,26.9325513196481000,749.0615835777130000,No,N/A,N/A,N/A,N/A,N/A,N/A,N/A,N/A,N/A,N/A,N/A,N/A,N/A,N/A,N/A,N/A,N/A
Cement and concrete,Ready-mix,"Ready-mixed concrete, USA, Eastern, 9000 psi",CLF 2025 Material Baselines,https://buildingtransparency.org/ec3/epds/ec3g953t,1.375690608,High-80th%,498,1,m3,N/A,N/A,N/A,Mix QB90S2BPNA4,Smyrna Ready Mix Concrete LLC,FALSE,US Eastern,2400,kg/m3,999,Placeholder,d_truck,Concrete,3,No,No,No,No,N/A,N/A,N/A,N/A,N/A,N/A,N/A,N/A,N/A,N/A,N/A,N/A,N/A,N/A,N/A,N/A,9000,regular,N/A,N/A,N/A,N/A,498,N/A,N/A,N/A,2.0085082872928200,0.6053038674033150,0.0000144447513812,38.3817679558011000,1260.1325966850800000,No,N/A,N/A,N/A,N/A,N/A,N/A,N/A,N/A,N/A,N/A,N/A,N/A,N/A,N/A,N/A,N/A,N/A
Cement and concrete,Ready-mix,"Ready-mixed concrete, USA, Eastern, 9000 psi",CLF 2025 Material Baselines,https://buildingtransparency.org/ec3/epds/ec3zf4gq,1.141935484,Low-20th%,354,1,m3,N/A,N/A,N/A,Mix 90NA50%SLB,Gotham Ready Mix LLC,FALSE,US Eastern,2400,kg/m3,999,Placeholder,d_truck,Concrete,3,No,No,No,No,N/A,N/A,N/A,N/A,N/A,N/A,N/A,N/A,N/A,N/A,N/A,N/A,N/A,N/A,N/A,N/A,9000,regular,N/A,N/A,N/A,N/A,354,N/A,N/A,N/A,1.9527096774193500,0.4225161290322580,0.0000104487096774,40.8812903225806000,1318.9354838709700000,No,N/A,N/A,N/A,N/A,N/A,N/A,N/A,N/A,N/A,N/A,N/A,N/A,N/A,N/A,N/A,N/A,N/A
Cement and concrete,Ready-mix,"Ready-mixed concrete, USA, Eastern, 10,000 psi",CLF 2025 Material Baselines,"Collection of product EPDs , unweighted average.  (https://buildingtransparency.org/ec3/epds/ec39uyb2)",1.181818182,Baseline,429,1,m3,Product,unweighted,qualitative,"Collection of product EPDs , unweighted average. ",Mix NY 10000 PSI SLAG NA,FALSE,US Eastern,2400,kg/m3,999,Placeholder,d_truck,Concrete,3,No,No,No,No,N/A,N/A,N/A,N/A,N/A,N/A,N/A,N/A,N/A,N/A,N/A,N/A,N/A,N/A,N/A,N/A,10000,regular,N/A,N/A,N/A,N/A,429,N/A,N/A,N/A,2.7181818181818200,0.5200000000000000,0.0000124090909091,60.8636363636364000,1693.5454545454500000,No,N/A,N/A,N/A,N/A,N/A,N/A,N/A,N/A,N/A,N/A,N/A,N/A,N/A,N/A,N/A,N/A,N/A
Cement and concrete,Ready-mix,"Ready-mixed concrete, USA, Eastern, 10,000 psi",CLF 2025 Material Baselines,https://buildingtransparency.org/ec3/epds/ec31cc6u,1.301745636,High-80th%,522,1,m3,N/A,N/A,N/A,Mix 10GRMSLNA21,Gotham Ready Mix LLC,FALSE,US Eastern,2400,kg/m3,999,Placeholder,d_truck,Concrete,3,No,No,No,No,N/A,N/A,N/A,N/A,N/A,N/A,N/A,N/A,N/A,N/A,N/A,N/A,N/A,N/A,N/A,N/A,10000,regular,N/A,N/A,N/A,N/A,522,N/A,N/A,N/A,2.4472817955112200,0.6118204488778050,0.0000144493765586,51.1586034912718000,N/A,No,N/A,N/A,N/A,N/A,N/A,N/A,N/A,N/A,N/A,N/A,N/A,N/A,N/A,N/A,N/A,N/A,N/A
Cement and concrete,Ready-mix,"Ready-mixed concrete, USA, Eastern, 10,000 psi",CLF 2025 Material Baselines,https://buildingtransparency.org/ec3/epds/ec37uc8y,1.110738255,Low-20th%,331,1,m3,N/A,N/A,N/A,10K-1,Eastern Concrete,FALSE,US Eastern,2400,kg/m3,999,Placeholder,d_truck,Concrete,3,No,No,No,No,N/A,N/A,N/A,N/A,N/A,N/A,N/A,N/A,N/A,N/A,N/A,N/A,N/A,N/A,N/A,N/A,10000,regular,N/A,N/A,N/A,N/A,331,N/A,N/A,N/A,2.2103691275167800,0.4109731543624160,0.0000093302013423,49.5389261744966000,1559.4765100671100000,No,N/A,N/A,N/A,N/A,N/A,N/A,N/A,N/A,N/A,N/A,N/A,N/A,N/A,N/A,N/A,N/A,N/A
Cement and concrete,Ready-mix,"Ready-mixed concrete, USA, Eastern, 12,000 psi",CLF 2025 Material Baselines,"Collection of product EPDs , unweighted average.  (https://buildingtransparency.org/ec3/epds/ec3cc942)",0.938829787,Baseline,353,1,m3,Product,unweighted,qualitative,"Collection of product EPDs , unweighted average. ",Mix 12IM22PNB,FALSE,US Eastern,2400,kg/m3,999,Placeholder,d_truck,Concrete,3,No,No,No,No,N/A,N/A,N/A,N/A,N/A,N/A,N/A,N/A,N/A,N/A,N/A,N/A,N/A,N/A,N/A,N/A,12000,regular,N/A,N/A,N/A,N/A,353,N/A,N/A,N/A,2.4409574468085100,0.4788031914893620,0.0000112659574468,54.3582446808511000,1430.7765957446800000,No,N/A,N/A,N/A,N/A,N/A,N/A,N/A,N/A,N/A,N/A,N/A,N/A,N/A,N/A,N/A,N/A,N/A
Cement and concrete,Ready-mix,"Ready-mixed concrete, USA, Eastern, 12,000 psi",CLF 2025 Material Baselines,https://buildingtransparency.org/ec3/epds/ec3539gp,0.964114833,High-80th%,403,1,m3,N/A,N/A,N/A,NY 12000 PSI SLAG NA,Smyrna Ready Mix Concrete LLC,FALSE,US Eastern,2400,kg/m3,999,Placeholder,d_truck,Concrete,3,No,No,No,No,N/A,N/A,N/A,N/A,N/A,N/A,N/A,N/A,N/A,N/A,N/A,N/A,N/A,N/A,N/A,N/A,12000,regular,N/A,N/A,N/A,N/A,403,N/A,N/A,N/A,1.3497607655502400,0.3952870813397130,0.0000109909090909,23.3315789473684000,637.2799043062200000,No,N/A,N/A,N/A,N/A,N/A,N/A,N/A,N/A,N/A,N/A,N/A,N/A,N/A,N/A,N/A,N/A,N/A
Cement and concrete,Ready-mix,"Ready-mixed concrete, USA, Eastern, 12,000 psi",CLF 2025 Material Baselines,https://buildingtransparency.org/ec3/epds/ec3bc6e1,0.919642857,Low-20th%,309,1,m3,N/A,N/A,N/A,Mix QB12KTBSNA,Smyrna Ready Mix Concrete LLC,FALSE,US Eastern,2400,kg/m3,999,Placeholder,d_truck,Concrete,3,No,No,No,No,N/A,N/A,N/A,N/A,N/A,N/A,N/A,N/A,N/A,N/A,N/A,N/A,N/A,N/A,N/A,N/A,12000,regular,N/A,N/A,N/A,N/A,309,N/A,N/A,N/A,1.7013392857142900,0.4138392857142860,0.0000106678571429,32.6473214285714000,996.8928571428570000,No,N/A,N/A,N/A,N/A,N/A,N/A,N/A,N/A,N/A,N/A,N/A,N/A,N/A,N/A,N/A,N/A,N/A
Cement and concrete,Ready-mix,"Ready-mixed concrete, USA, Eastern, LW 3000 psi",CLF 2025 Material Baselines,https://www.nrmca.org/wp-content/uploads/2022/02/NRMCA_LCAReportV3-2_20220224.pdf,1.081318497,Baseline,517,1,m3,Industry,single,industry data,"NRMCA ready-mixed concrete benchmark report (ASMI, 2021) ","Athena Sustainable Materials Institute. (2021). A Cradle-to-Gate Life Cycle Assessment of Ready-Mixed Concrete Manufactured by NRMCA Members - Version 3.2, Appendix C: NRMCA Member National and Regional LCA Benchmark (Industry Average) Report - V3.2 (pp. 51–101). National Ready Mixed Concrete Association (NRMCA).",FALSE,US Eastern,1322.19,kg/m3,999,Placeholder,d_truck,Concrete,3,No,No,No,No,N/A,N/A,N/A,N/A,N/A,N/A,N/A,N/A,N/A,N/A,N/A,N/A,N/A,N/A,N/A,N/A,3000,light weight,N/A,N/A,N/A,N/A,517,N/A,N/A,N/A,2.6059775788505000,0.8974943528821220,0.0000191393374048,35.9214004852338000,2680.5561156195100000,No,N/A,N/A,N/A,N/A,N/A,N/A,N/A,N/A,N/A,N/A,N/A,N/A,N/A,N/A,N/A,N/A,N/A
Cement and concrete,Ready-mix,"Ready-mixed concrete, USA, Eastern, LW 3000 psi",CLF 2025 Material Baselines,https://buildingtransparency.org/ec3/epds/ec31cs5y,0.974736842,High-80th%,463,1,m3,N/A,N/A,N/A,Mix 302318,Holcim US,FALSE,US Eastern,1322.19,kg/m3,999,Placeholder,d_truck,Concrete,3,No,No,No,No,N/A,N/A,N/A,N/A,N/A,N/A,N/A,N/A,N/A,N/A,N/A,N/A,N/A,N/A,N/A,N/A,3000,light weight,N/A,N/A,N/A,N/A,463,N/A,N/A,N/A,1.9104842105263200,0.4776210526315790,0.0000263178947368,30.4117894736842000,2491.4273684210500000,No,N/A,N/A,N/A,N/A,N/A,N/A,N/A,N/A,N/A,N/A,N/A,N/A,N/A,N/A,N/A,N/A,N/A
Cement and concrete,Ready-mix,"Ready-mixed concrete, USA, Eastern, LW 3000 psi",CLF 2025 Material Baselines,https://buildingtransparency.org/ec3/epds/ec3ws49j,0.997326203,Low-20th%,373,1,m3,N/A,N/A,N/A,Mix L581L627,Eastern Concrete,FALSE,US Eastern,1322.19,kg/m3,999,Placeholder,d_truck,Concrete,3,No,No,No,No,N/A,N/A,N/A,N/A,N/A,N/A,N/A,N/A,N/A,N/A,N/A,N/A,N/A,N/A,N/A,N/A,3000,light weight,N/A,N/A,N/A,N/A,373,N/A,N/A,N/A,2.1143315508021400,0.4188770053475940,0.0000068715775401,54.8529411764706000,1571.7860962566800000,No,N/A,N/A,N/A,N/A,N/A,N/A,N/A,N/A,N/A,N/A,N/A,N/A,N/A,N/A,N/A,N/A,N/A
Cement and concrete,Ready-mix,"Ready-mixed concrete, USA, Eastern, LW 4000 psi",CLF 2025 Material Baselines,https://www.nrmca.org/wp-content/uploads/2022/02/NRMCA_LCAReportV3-2_20220224.pdf,1.098795735,Baseline,573,1,m3,Industry,single,industry data,"NRMCA ready-mixed concrete benchmark report (ASMI, 2021) ","Athena Sustainable Materials Institute. (2021). A Cradle-to-Gate Life Cycle Assessment of Ready-Mixed Concrete Manufactured by NRMCA Members - Version 3.2, Appendix C: NRMCA Member National and Regional LCA Benchmark (Industry Average) Report - V3.2 (pp. 51–101). National Ready Mixed Concrete Association (NRMCA).",FALSE,US Eastern,1313.93,kg/m3,999,Placeholder,d_truck,Concrete,3,No,No,No,No,N/A,N/A,N/A,N/A,N/A,N/A,N/A,N/A,N/A,N/A,N/A,N/A,N/A,N/A,N/A,N/A,4000,light weight,N/A,N/A,N/A,N/A,573,N/A,N/A,N/A,2.7689652527421900,0.9669402469893380,0.0000205474802485,38.8424292398558000,2778.3050164915200000,No,N/A,N/A,N/A,N/A,N/A,N/A,N/A,N/A,N/A,N/A,N/A,N/A,N/A,N/A,N/A,N/A,N/A
Cement and concrete,Ready-mix,"Ready-mixed concrete, USA, Eastern, LW 4000 psi",CLF 2025 Material Baselines,https://buildingtransparency.org/ec3/epds/ec3h68d4,0.968503937,High-80th%,492,1,m3,N/A,N/A,N/A,Mix 402307,Holcim,FALSE,US Eastern,1313.93,kg/m3,999,Placeholder,d_truck,Concrete,3,No,No,No,No,N/A,N/A,N/A,N/A,N/A,N/A,N/A,N/A,N/A,N/A,N/A,N/A,N/A,N/A,N/A,N/A,4000,light weight,N/A,N/A,N/A,N/A,492,N/A,N/A,N/A,1.9079527559055100,0.5133070866141730,0.0000254716535433,30.6047244094488000,2362.1811023622000000,No,N/A,N/A,N/A,N/A,N/A,N/A,N/A,N/A,N/A,N/A,N/A,N/A,N/A,N/A,N/A,N/A,N/A
Cement and concrete,Ready-mix,"Ready-mixed concrete, USA, Eastern, LW 4000 psi",CLF 2025 Material Baselines,https://buildingtransparency.org/ec3/epds/ec3hnjqf,0.977777778,Low-20th%,396,1,m3,N/A,N/A,N/A,L651L629,Eastern Concrete,FALSE,US Eastern,1313.93,kg/m3,999,Placeholder,d_truck,Concrete,3,No,No,No,No,N/A,N/A,N/A,N/A,N/A,N/A,N/A,N/A,N/A,N/A,N/A,N/A,N/A,N/A,N/A,N/A,4000,light weight,N/A,N/A,N/A,N/A,396,N/A,N/A,N/A,2.1120000000000000,0.4595555555555550,0.0000074311111111,53.7777777777778000,1451.0222222222200000,No,N/A,N/A,N/A,N/A,N/A,N/A,N/A,N/A,N/A,N/A,N/A,N/A,N/A,N/A,N/A,N/A,N/A
Cement and concrete,Ready-mix,"Ready-mixed concrete, USA, Eastern, LW 5000 psi",CLF 2025 Material Baselines,https://www.nrmca.org/wp-content/uploads/2022/02/NRMCA_LCAReportV3-2_20220224.pdf,1.118074348,Baseline,628,1,m3,Industry,single,industry data,"NRMCA ready-mixed concrete benchmark report (ASMI, 2021) ","Athena Sustainable Materials Institute. (2021). A Cradle-to-Gate Life Cycle Assessment of Ready-Mixed Concrete Manufactured by NRMCA Members - Version 3.2, Appendix C: NRMCA Member National and Regional LCA Benchmark (Industry Average) Report - V3.2 (pp. 51–101). National Ready Mixed Concrete Association (NRMCA).",FALSE,US Eastern,1316.29,kg/m3,999,Placeholder,d_truck,Concrete,3,No,No,No,No,N/A,N/A,N/A,N/A,N/A,N/A,N/A,N/A,N/A,N/A,N/A,N/A,N/A,N/A,N/A,N/A,5000,light weight,N/A,N/A,N/A,N/A,628,N/A,N/A,N/A,2.9293547927645600,1.0398091439965800,0.0000219142572283,41.7041731947016000,2865.3226748326500000,No,N/A,N/A,N/A,N/A,N/A,N/A,N/A,N/A,N/A,N/A,N/A,N/A,N/A,N/A,N/A,N/A,N/A
Cement and concrete,Ready-mix,"Ready-mixed concrete, USA, Eastern, LW 5000 psi",CLF 2025 Material Baselines,https://buildingtransparency.org/ec3/epds/ec321wrb,1,High-80th%,557,1,m3,N/A,N/A,N/A,Mix L761L809,Eastern Concrete,FALSE,US Eastern,1316.29,kg/m3,999,Placeholder,d_truck,Concrete,3,No,No,No,No,N/A,N/A,N/A,N/A,N/A,N/A,N/A,N/A,N/A,N/A,N/A,N/A,N/A,N/A,N/A,N/A,5000,light weight,N/A,N/A,N/A,N/A,557,N/A,N/A,N/A,2.8200000000000000,0.6300000000000000,0.0000106000000000,72.0000000000000000,1808.0000000000000000,No,N/A,N/A,N/A,N/A,N/A,N/A,N/A,N/A,N/A,N/A,N/A,N/A,N/A,N/A,N/A,N/A,N/A
Cement and concrete,Ready-mix,"Ready-mixed concrete, USA, Eastern, LW 5000 psi",CLF 2025 Material Baselines,https://buildingtransparency.org/ec3/epds/ec3pf4rn,0.993006993,Low-20th%,426,1,m3,N/A,N/A,N/A,L701L629,Eastern Concrete,FALSE,US Eastern,1316.29,kg/m3,999,Placeholder,d_truck,Concrete,3,No,No,No,No,N/A,N/A,N/A,N/A,N/A,N/A,N/A,N/A,N/A,N/A,N/A,N/A,N/A,N/A,N/A,N/A,5000,light weight,N/A,N/A,N/A,N/A,426,N/A,N/A,N/A,2.2541258741258700,0.4865734265734270,0.0000080433566434,57.5944055944056000,1553.0629370629400000,No,N/A,N/A,N/A,N/A,N/A,N/A,N/A,N/A,N/A,N/A,N/A,N/A,N/A,N/A,N/A,N/A,N/A
Cement and concrete,Ready-mix,"Ready-mixed concrete, Canada, British Columbia, 15 MPa, w/o AEAs",CLF 2025 Material Baselines,https://pcr-epd.s3.us-east-2.amazonaws.com/810.CRMCA_EPD_BC.pdf,0.997659124,Baseline,179,1,m3,Industry,single,industry data,"BC ready-mixed concrete industry-average EPD (Concrete BC, 2022) ",Concrete BC. (2022). Concrete BC member industry-wide EPD for ready-mixed concrete. ASTM International.,FALSE,Canada BC,2400,kg/m3,999,Placeholder,d_truck,Concrete,3,No,No,No,No,N/A,N/A,N/A,N/A,N/A,N/A,N/A,N/A,N/A,N/A,N/A,N/A,N/A,N/A,N/A,15,N/A,N/A,N/A,N/A,N/A,N/A,179,N/A,N/A,N/A,0.8579868465054060,0.1696020510533940,0.0000075423029763,19.1051722216029000,542.6766804146700000,No,N/A,N/A,N/A,N/A,N/A,N/A,N/A,N/A,N/A,N/A,N/A,N/A,N/A,N/A,N/A,N/A,N/A
Cement and concrete,Ready-mix,"Ready-mixed concrete, Canada, British Columbia, 15 MPa, w/o AEAs",N/A,N/A,#VALUE!,High-80th%,N/A,N/A,N/A,N/A,N/A,N/A,N/A,N/A,N/A,N/A,N/A,N/A,999,Placeholder,d_truck,Concrete,3,No,No,No,No,N/A,N/A,N/A,N/A,N/A,N/A,N/A,N/A,N/A,N/A,N/A,N/A,N/A,N/A,N/A,15,N/A,N/A,N/A,N/A,N/A,N/A,N/A,N/A,N/A,N/A,N/A,N/A,N/A,N/A,N/A,No,N/A,N/A,N/A,N/A,N/A,N/A,N/A,N/A,N/A,N/A,N/A,N/A,N/A,N/A,N/A,N/A,N/A
Cement and concrete,Ready-mix,"Ready-mixed concrete, Canada, British Columbia, 15 MPa, w/o AEAs",N/A,N/A,#VALUE!,Low-20th%,N/A,N/A,N/A,N/A,N/A,N/A,N/A,N/A,N/A,N/A,N/A,N/A,999,Placeholder,d_truck,Concrete,3,No,No,No,No,N/A,N/A,N/A,N/A,N/A,N/A,N/A,N/A,N/A,N/A,N/A,N/A,N/A,N/A,N/A,15,N/A,N/A,N/A,N/A,N/A,N/A,N/A,N/A,N/A,N/A,N/A,N/A,N/A,N/A,N/A,No,N/A,N/A,N/A,N/A,N/A,N/A,N/A,N/A,N/A,N/A,N/A,N/A,N/A,N/A,N/A,N/A,N/A
Cement and concrete,Ready-mix,"Ready-mixed concrete, Canada, British Columbia, 20 MPa, w/ AEAs",CLF 2025 Material Baselines,https://pcr-epd.s3.us-east-2.amazonaws.com/810.CRMCA_EPD_BC.pdf,1.000722171,Baseline,194,1,m3,Industry,single,industry data,"BC ready-mixed concrete industry-average EPD (Concrete BC, 2022) ",Concrete BC. (2022). Concrete BC member industry-wide EPD for ready-mixed concrete. ASTM International.,FALSE,Canada BC,2400,kg/m3,999,Placeholder,d_truck,Concrete,3,No,No,No,No,N/A,N/A,N/A,N/A,N/A,N/A,N/A,N/A,N/A,N/A,N/A,N/A,N/A,N/A,N/A,20,N/A,N/A,N/A,N/A,N/A,N/A,194,N/A,N/A,N/A,0.8706282884555860,0.1701227690085630,0.0000076054884969,19.4740534406273000,568.7104095739190000,No,N/A,N/A,N/A,N/A,N/A,N/A,N/A,N/A,N/A,N/A,N/A,N/A,N/A,N/A,N/A,N/A,N/A
Cement and concrete,Ready-mix,"Ready-mixed concrete, Canada, British Columbia, 20 MPa, w/ AEAs",N/A,N/A,#VALUE!,High-80th%,N/A,N/A,N/A,N/A,N/A,N/A,N/A,N/A,N/A,N/A,N/A,N/A,999,Placeholder,d_truck,Concrete,3,No,No,No,No,N/A,N/A,N/A,N/A,N/A,N/A,N/A,N/A,N/A,N/A,N/A,N/A,N/A,N/A,N/A,20,N/A,N/A,N/A,N/A,N/A,N/A,N/A,N/A,N/A,N/A,N/A,N/A,N/A,N/A,N/A,No,N/A,N/A,N/A,N/A,N/A,N/A,N/A,N/A,N/A,N/A,N/A,N/A,N/A,N/A,N/A,N/A,N/A
Cement and concrete,Ready-mix,"Ready-mixed concrete, Canada, British Columbia, 20 MPa, w/ AEAs",N/A,N/A,#VALUE!,Low-20th%,N/A,N/A,N/A,N/A,N/A,N/A,N/A,N/A,N/A,N/A,N/A,N/A,999,Placeholder,d_truck,Concrete,3,No,No,No,No,N/A,N/A,N/A,N/A,N/A,N/A,N/A,N/A,N/A,N/A,N/A,N/A,N/A,N/A,N/A,20,N/A,N/A,N/A,N/A,N/A,N/A,N/A,N/A,N/A,N/A,N/A,N/A,N/A,N/A,N/A,No,N/A,N/A,N/A,N/A,N/A,N/A,N/A,N/A,N/A,N/A,N/A,N/A,N/A,N/A,N/A,N/A,N/A
Cement and concrete,Ready-mix,"Ready-mixed concrete, Canada, British Columbia, 20 MPa, w/o AEAs",CLF 2025 Material Baselines,https://pcr-epd.s3.us-east-2.amazonaws.com/810.CRMCA_EPD_BC.pdf,1.001386535,Baseline,195,1,m3,Industry,single,industry data,"BC ready-mixed concrete industry-average EPD (Concrete BC, 2022) ",Concrete BC. (2022). Concrete BC member industry-wide EPD for ready-mixed concrete. ASTM International.,FALSE,Canada BC,2400,kg/m3,999,Placeholder,d_truck,Concrete,3,No,No,No,No,N/A,N/A,N/A,N/A,N/A,N/A,N/A,N/A,N/A,N/A,N/A,N/A,N/A,N/A,N/A,20,N/A,N/A,N/A,N/A,N/A,N/A,195,N/A,N/A,N/A,0.8812201509782780,0.1702357109844400,0.0000076305653982,19.6872592820829000,583.0873517177630000,No,N/A,N/A,N/A,N/A,N/A,N/A,N/A,N/A,N/A,N/A,N/A,N/A,N/A,N/A,N/A,N/A,N/A
Cement and concrete,Ready-mix,"Ready-mixed concrete, Canada, British Columbia, 20 MPa, w/o AEAs",N/A,N/A,#VALUE!,High-80th%,N/A,N/A,N/A,N/A,N/A,N/A,N/A,N/A,N/A,N/A,N/A,N/A,999,Placeholder,d_truck,Concrete,3,No,No,No,No,N/A,N/A,N/A,N/A,N/A,N/A,N/A,N/A,N/A,N/A,N/A,N/A,N/A,N/A,N/A,20,N/A,N/A,N/A,N/A,N/A,N/A,N/A,N/A,N/A,N/A,N/A,N/A,N/A,N/A,N/A,No,N/A,N/A,N/A,N/A,N/A,N/A,N/A,N/A,N/A,N/A,N/A,N/A,N/A,N/A,N/A,N/A,N/A
Cement and concrete,Ready-mix,"Ready-mixed concrete, Canada, British Columbia, 20 MPa, w/o AEAs",N/A,N/A,#VALUE!,Low-20th%,N/A,N/A,N/A,N/A,N/A,N/A,N/A,N/A,N/A,N/A,N/A,N/A,999,Placeholder,d_truck,Concrete,3,No,No,No,No,N/A,N/A,N/A,N/A,N/A,N/A,N/A,N/A,N/A,N/A,N/A,N/A,N/A,N/A,N/A,20,N/A,N/A,N/A,N/A,N/A,N/A,N/A,N/A,N/A,N/A,N/A,N/A,N/A,N/A,N/A,No,N/A,N/A,N/A,N/A,N/A,N/A,N/A,N/A,N/A,N/A,N/A,N/A,N/A,N/A,N/A,N/A,N/A
Cement and concrete,Ready-mix,"Ready-mixed concrete, Canada, British Columbia, 25 MPa, w/ AEAs",CLF 2025 Material Baselines,https://pcr-epd.s3.us-east-2.amazonaws.com/810.CRMCA_EPD_BC.pdf,1.002082249,Baseline,231,1,m3,Industry,single,industry data,"BC ready-mixed concrete industry-average EPD (Concrete BC, 2022) ",Concrete BC. (2022). Concrete BC member industry-wide EPD for ready-mixed concrete. ASTM International.,FALSE,Canada BC,2400,kg/m3,999,Placeholder,d_truck,Concrete,3,No,No,No,No,N/A,N/A,N/A,N/A,N/A,N/A,N/A,N/A,N/A,N/A,N/A,N/A,N/A,N/A,N/A,25,N/A,N/A,N/A,N/A,N/A,N/A,231,N/A,N/A,N/A,1.0020822488287400,0.2004164497657470,0.0000091089276419,22.0959135866736000,632.7648360229050000,No,N/A,N/A,N/A,N/A,N/A,N/A,N/A,N/A,N/A,N/A,N/A,N/A,N/A,N/A,N/A,N/A,N/A
Cement and concrete,Ready-mix,"Ready-mixed concrete, Canada, British Columbia, 25 MPa, w/ AEAs",N/A,N/A,#VALUE!,High-80th%,N/A,N/A,N/A,N/A,N/A,N/A,N/A,N/A,N/A,N/A,N/A,N/A,999,Placeholder,d_truck,Concrete,3,No,No,No,No,N/A,N/A,N/A,N/A,N/A,N/A,N/A,N/A,N/A,N/A,N/A,N/A,N/A,N/A,N/A,25,N/A,N/A,N/A,N/A,N/A,N/A,N/A,N/A,N/A,N/A,N/A,N/A,N/A,N/A,N/A,No,N/A,N/A,N/A,N/A,N/A,N/A,N/A,N/A,N/A,N/A,N/A,N/A,N/A,N/A,N/A,N/A,N/A
Cement and concrete,Ready-mix,"Ready-mixed concrete, Canada, British Columbia, 25 MPa, w/ AEAs",N/A,N/A,#VALUE!,Low-20th%,N/A,N/A,N/A,N/A,N/A,N/A,N/A,N/A,N/A,N/A,N/A,N/A,999,Placeholder,d_truck,Concrete,3,No,No,No,No,N/A,N/A,N/A,N/A,N/A,N/A,N/A,N/A,N/A,N/A,N/A,N/A,N/A,N/A,N/A,25,N/A,N/A,N/A,N/A,N/A,N/A,N/A,N/A,N/A,N/A,N/A,N/A,N/A,N/A,N/A,No,N/A,N/A,N/A,N/A,N/A,N/A,N/A,N/A,N/A,N/A,N/A,N/A,N/A,N/A,N/A,N/A,N/A
Cement and concrete,Ready-mix,"Ready-mixed concrete, Canada, British Columbia, 25 MPa, w/o AEAs",CLF 2025 Material Baselines,https://pcr-epd.s3.us-east-2.amazonaws.com/810.CRMCA_EPD_BC.pdf,1.001365498,Baseline,220,1,m3,Industry,single,industry data,"BC ready-mixed concrete industry-average EPD (Concrete BC, 2022) ",Concrete BC. (2022). Concrete BC member industry-wide EPD for ready-mixed concrete. ASTM International.,FALSE,Canada BC,2400,kg/m3,999,Placeholder,d_truck,Concrete,3,No,No,No,No,N/A,N/A,N/A,N/A,N/A,N/A,N/A,N/A,N/A,N/A,N/A,N/A,N/A,N/A,N/A,25,N/A,N/A,N/A,N/A,N/A,N/A,220,N/A,N/A,N/A,0.9613108784706420,0.1902594446973150,0.0000086818388712,21.2990441511152000,610.6727355484750000,No,N/A,N/A,N/A,N/A,N/A,N/A,N/A,N/A,N/A,N/A,N/A,N/A,N/A,N/A,N/A,N/A,N/A
Cement and concrete,Ready-mix,"Ready-mixed concrete, Canada, British Columbia, 25 MPa, w/o AEAs",N/A,N/A,#VALUE!,High-80th%,N/A,N/A,N/A,N/A,N/A,N/A,N/A,N/A,N/A,N/A,N/A,N/A,999,Placeholder,d_truck,Concrete,3,No,No,No,No,N/A,N/A,N/A,N/A,N/A,N/A,N/A,N/A,N/A,N/A,N/A,N/A,N/A,N/A,N/A,25,N/A,N/A,N/A,N/A,N/A,N/A,N/A,N/A,N/A,N/A,N/A,N/A,N/A,N/A,N/A,No,N/A,N/A,N/A,N/A,N/A,N/A,N/A,N/A,N/A,N/A,N/A,N/A,N/A,N/A,N/A,N/A,N/A
Cement and concrete,Ready-mix,"Ready-mixed concrete, Canada, British Columbia, 25 MPa, w/o AEAs",N/A,N/A,#VALUE!,Low-20th%,N/A,N/A,N/A,N/A,N/A,N/A,N/A,N/A,N/A,N/A,N/A,N/A,999,Placeholder,d_truck,Concrete,3,No,No,No,No,N/A,N/A,N/A,N/A,N/A,N/A,N/A,N/A,N/A,N/A,N/A,N/A,N/A,N/A,N/A,25,N/A,N/A,N/A,N/A,N/A,N/A,N/A,N/A,N/A,N/A,N/A,N/A,N/A,N/A,N/A,No,N/A,N/A,N/A,N/A,N/A,N/A,N/A,N/A,N/A,N/A,N/A,N/A,N/A,N/A,N/A,N/A,N/A
Cement and concrete,Ready-mix,"Ready-mixed concrete, Canada, British Columbia, 30 MPa, w/ AEAs",CLF 2025 Material Baselines,https://pcr-epd.s3.us-east-2.amazonaws.com/810.CRMCA_EPD_BC.pdf,1.000630026,Baseline,270,1,m3,Industry,single,industry data,"BC ready-mixed concrete industry-average EPD (Concrete BC, 2022) ",Concrete BC. (2022). Concrete BC member industry-wide EPD for ready-mixed concrete. ASTM International.,FALSE,Canada BC,2400,kg/m3,999,Placeholder,d_truck,Concrete,3,No,No,No,No,N/A,N/A,N/A,N/A,N/A,N/A,N/A,N/A,N/A,N/A,N/A,N/A,N/A,N/A,N/A,30,N/A,N/A,N/A,N/A,N/A,N/A,270,N/A,N/A,N/A,1.1407182299966600,0.2401512063150870,0.0000107067412815,24.9657191565060000,693.1564318274470000,No,N/A,N/A,N/A,N/A,N/A,N/A,N/A,N/A,N/A,N/A,N/A,N/A,N/A,N/A,N/A,N/A,N/A
Cement and concrete,Ready-mix,"Ready-mixed concrete, Canada, British Columbia, 30 MPa, w/ AEAs",N/A,N/A,#VALUE!,High-80th%,N/A,N/A,N/A,N/A,N/A,N/A,N/A,N/A,N/A,N/A,N/A,N/A,999,Placeholder,d_truck,Concrete,3,No,No,No,No,N/A,N/A,N/A,N/A,N/A,N/A,N/A,N/A,N/A,N/A,N/A,N/A,N/A,N/A,N/A,30,N/A,N/A,N/A,N/A,N/A,N/A,N/A,N/A,N/A,N/A,N/A,N/A,N/A,N/A,N/A,No,N/A,N/A,N/A,N/A,N/A,N/A,N/A,N/A,N/A,N/A,N/A,N/A,N/A,N/A,N/A,N/A,N/A
Cement and concrete,Ready-mix,"Ready-mixed concrete, Canada, British Columbia, 30 MPa, w/ AEAs",N/A,N/A,#VALUE!,Low-20th%,N/A,N/A,N/A,N/A,N/A,N/A,N/A,N/A,N/A,N/A,N/A,N/A,999,Placeholder,d_truck,Concrete,3,No,No,No,No,N/A,N/A,N/A,N/A,N/A,N/A,N/A,N/A,N/A,N/A,N/A,N/A,N/A,N/A,N/A,30,N/A,N/A,N/A,N/A,N/A,N/A,N/A,N/A,N/A,N/A,N/A,N/A,N/A,N/A,N/A,No,N/A,N/A,N/A,N/A,N/A,N/A,N/A,N/A,N/A,N/A,N/A,N/A,N/A,N/A,N/A,N/A,N/A
Cement and concrete,Ready-mix,"Ready-mixed concrete, Canada, British Columbia, 30 MPa, w/o AEAs",CLF 2025 Material Baselines,https://pcr-epd.s3.us-east-2.amazonaws.com/810.CRMCA_EPD_BC.pdf,1.000308976,Baseline,259,1,m3,Industry,single,industry data,"BC ready-mixed concrete industry-average EPD (Concrete BC, 2022) ",Concrete BC. (2022). Concrete BC member industry-wide EPD for ready-mixed concrete. ASTM International.,FALSE,Canada BC,2400,kg/m3,999,Placeholder,d_truck,Concrete,3,No,No,No,No,N/A,N/A,N/A,N/A,N/A,N/A,N/A,N/A,N/A,N/A,N/A,N/A,N/A,N/A,N/A,30,N/A,N/A,N/A,N/A,N/A,N/A,259,N/A,N/A,N/A,1.1003398733199400,0.2300710644214430,0.0000103031824502,24.1974741232813000,672.7578016375710000,No,N/A,N/A,N/A,N/A,N/A,N/A,N/A,N/A,N/A,N/A,N/A,N/A,N/A,N/A,N/A,N/A,N/A
Cement and concrete,Ready-mix,"Ready-mixed concrete, Canada, British Columbia, 30 MPa, w/o AEAs",N/A,N/A,#VALUE!,High-80th%,N/A,N/A,N/A,N/A,N/A,N/A,N/A,N/A,N/A,N/A,N/A,N/A,999,Placeholder,d_truck,Concrete,3,No,No,No,No,N/A,N/A,N/A,N/A,N/A,N/A,N/A,N/A,N/A,N/A,N/A,N/A,N/A,N/A,N/A,30,N/A,N/A,N/A,N/A,N/A,N/A,N/A,N/A,N/A,N/A,N/A,N/A,N/A,N/A,N/A,No,N/A,N/A,N/A,N/A,N/A,N/A,N/A,N/A,N/A,N/A,N/A,N/A,N/A,N/A,N/A,N/A,N/A
Cement and concrete,Ready-mix,"Ready-mixed concrete, Canada, British Columbia, 30 MPa, w/o AEAs",N/A,N/A,#VALUE!,Low-20th%,N/A,N/A,N/A,N/A,N/A,N/A,N/A,N/A,N/A,N/A,N/A,N/A,999,Placeholder,d_truck,Concrete,3,No,No,No,No,N/A,N/A,N/A,N/A,N/A,N/A,N/A,N/A,N/A,N/A,N/A,N/A,N/A,N/A,N/A,30,N/A,N/A,N/A,N/A,N/A,N/A,N/A,N/A,N/A,N/A,N/A,N/A,N/A,N/A,N/A,No,N/A,N/A,N/A,N/A,N/A,N/A,N/A,N/A,N/A,N/A,N/A,N/A,N/A,N/A,N/A,N/A,N/A
Cement and concrete,Ready-mix,"Ready-mixed concrete, Canada, British Columbia, 32 MPa, w/ AEAs",CLF 2025 Material Baselines,https://pcr-epd.s3.us-east-2.amazonaws.com/810.CRMCA_EPD_BC.pdf,0.998913463,Baseline,285,1,m3,Industry,single,industry data,"BC ready-mixed concrete industry-average EPD (Concrete BC, 2022) ",Concrete BC. (2022). Concrete BC member industry-wide EPD for ready-mixed concrete. ASTM International.,FALSE,Canada BC,2400,kg/m3,999,Placeholder,d_truck,Concrete,3,No,No,No,No,N/A,N/A,N/A,N/A,N/A,N/A,N/A,N/A,N/A,N/A,N/A,N/A,N/A,N/A,N/A,32,N/A,N/A,N/A,N/A,N/A,N/A,285,N/A,N/A,N/A,1.1887070204339100,0.2497283656373770,0.0000112877221268,26.0816305071676000,722.2843573656720000,No,N/A,N/A,N/A,N/A,N/A,N/A,N/A,N/A,N/A,N/A,N/A,N/A,N/A,N/A,N/A,N/A,N/A
Cement and concrete,Ready-mix,"Ready-mixed concrete, Canada, British Columbia, 32 MPa, w/ AEAs",N/A,N/A,#VALUE!,High-80th%,N/A,N/A,N/A,N/A,N/A,N/A,N/A,N/A,N/A,N/A,N/A,N/A,999,Placeholder,d_truck,Concrete,3,No,No,No,No,N/A,N/A,N/A,N/A,N/A,N/A,N/A,N/A,N/A,N/A,N/A,N/A,N/A,N/A,N/A,32,N/A,N/A,N/A,N/A,N/A,N/A,N/A,N/A,N/A,N/A,N/A,N/A,N/A,N/A,N/A,No,N/A,N/A,N/A,N/A,N/A,N/A,N/A,N/A,N/A,N/A,N/A,N/A,N/A,N/A,N/A,N/A,N/A
Cement and concrete,Ready-mix,"Ready-mixed concrete, Canada, British Columbia, 32 MPa, w/ AEAs",N/A,N/A,#VALUE!,Low-20th%,N/A,N/A,N/A,N/A,N/A,N/A,N/A,N/A,N/A,N/A,N/A,N/A,999,Placeholder,d_truck,Concrete,3,No,No,No,No,N/A,N/A,N/A,N/A,N/A,N/A,N/A,N/A,N/A,N/A,N/A,N/A,N/A,N/A,N/A,32,N/A,N/A,N/A,N/A,N/A,N/A,N/A,N/A,N/A,N/A,N/A,N/A,N/A,N/A,N/A,No,N/A,N/A,N/A,N/A,N/A,N/A,N/A,N/A,N/A,N/A,N/A,N/A,N/A,N/A,N/A,N/A,N/A
Cement and concrete,Ready-mix,"Ready-mixed concrete, Canada, British Columbia, 32 MPa, w/o AEAs",CLF 2025 Material Baselines,https://pcr-epd.s3.us-east-2.amazonaws.com/810.CRMCA_EPD_BC.pdf,0.998384965,Baseline,272,1,m3,Industry,single,industry data,"BC ready-mixed concrete industry-average EPD (Concrete BC, 2022) ",Concrete BC. (2022). Concrete BC member industry-wide EPD for ready-mixed concrete. ASTM International.,FALSE,Canada BC,2400,kg/m3,999,Placeholder,d_truck,Concrete,3,No,No,No,No,N/A,N/A,N/A,N/A,N/A,N/A,N/A,N/A,N/A,N/A,N/A,N/A,N/A,N/A,N/A,32,N/A,N/A,N/A,N/A,N/A,N/A,272,N/A,N/A,N/A,1.1381588606665700,0.2396123917192780,0.0000108823961239,25.0494787843195000,663.7462927617090000,No,N/A,N/A,N/A,N/A,N/A,N/A,N/A,N/A,N/A,N/A,N/A,N/A,N/A,N/A,N/A,N/A,N/A
Cement and concrete,Ready-mix,"Ready-mixed concrete, Canada, British Columbia, 32 MPa, w/o AEAs",N/A,N/A,#VALUE!,High-80th%,N/A,N/A,N/A,N/A,N/A,N/A,N/A,N/A,N/A,N/A,N/A,N/A,999,Placeholder,d_truck,Concrete,3,No,No,No,No,N/A,N/A,N/A,N/A,N/A,N/A,N/A,N/A,N/A,N/A,N/A,N/A,N/A,N/A,N/A,32,N/A,N/A,N/A,N/A,N/A,N/A,N/A,N/A,N/A,N/A,N/A,N/A,N/A,N/A,N/A,No,N/A,N/A,N/A,N/A,N/A,N/A,N/A,N/A,N/A,N/A,N/A,N/A,N/A,N/A,N/A,N/A,N/A
Cement and concrete,Ready-mix,"Ready-mixed concrete, Canada, British Columbia, 32 MPa, w/o AEAs",N/A,N/A,#VALUE!,Low-20th%,N/A,N/A,N/A,N/A,N/A,N/A,N/A,N/A,N/A,N/A,N/A,N/A,999,Placeholder,d_truck,Concrete,3,No,No,No,No,N/A,N/A,N/A,N/A,N/A,N/A,N/A,N/A,N/A,N/A,N/A,N/A,N/A,N/A,N/A,32,N/A,N/A,N/A,N/A,N/A,N/A,N/A,N/A,N/A,N/A,N/A,N/A,N/A,N/A,N/A,No,N/A,N/A,N/A,N/A,N/A,N/A,N/A,N/A,N/A,N/A,N/A,N/A,N/A,N/A,N/A,N/A,N/A
Cement and concrete,Ready-mix,"Ready-mixed concrete, Canada, British Columbia, 35 MPa, w/ AEAs",CLF 2025 Material Baselines,https://pcr-epd.s3.us-east-2.amazonaws.com/810.CRMCA_EPD_BC.pdf,1.001578049,Baseline,311,1,m3,Industry,single,industry data,"BC ready-mixed concrete industry-average EPD (Concrete BC, 2022) ",Concrete BC. (2022). Concrete BC member industry-wide EPD for ready-mixed concrete. ASTM International.,FALSE,Canada BC,2400,kg/m3,999,Placeholder,d_truck,Concrete,3,No,No,No,No,N/A,N/A,N/A,N/A,N/A,N/A,N/A,N/A,N/A,N/A,N/A,N/A,N/A,N/A,N/A,35,N/A,N/A,N/A,N/A,N/A,N/A,311,N/A,N/A,N/A,1.2820199027406500,0.2704260732343560,0.0000123194100029,27.9840906895108000,786.4891629899200000,No,N/A,N/A,N/A,N/A,N/A,N/A,N/A,N/A,N/A,N/A,N/A,N/A,N/A,N/A,N/A,N/A,N/A
Cement and concrete,Ready-mix,"Ready-mixed concrete, Canada, British Columbia, 35 MPa, w/ AEAs",N/A,N/A,#VALUE!,High-80th%,N/A,N/A,N/A,N/A,N/A,N/A,N/A,N/A,N/A,N/A,N/A,N/A,999,Placeholder,d_truck,Concrete,3,No,No,No,No,N/A,N/A,N/A,N/A,N/A,N/A,N/A,N/A,N/A,N/A,N/A,N/A,N/A,N/A,N/A,35,N/A,N/A,N/A,N/A,N/A,N/A,N/A,N/A,N/A,N/A,N/A,N/A,N/A,N/A,N/A,No,N/A,N/A,N/A,N/A,N/A,N/A,N/A,N/A,N/A,N/A,N/A,N/A,N/A,N/A,N/A,N/A,N/A
Cement and concrete,Ready-mix,"Ready-mixed concrete, Canada, British Columbia, 35 MPa, w/ AEAs",N/A,N/A,#VALUE!,Low-20th%,N/A,N/A,N/A,N/A,N/A,N/A,N/A,N/A,N/A,N/A,N/A,N/A,999,Placeholder,d_truck,Concrete,3,No,No,No,No,N/A,N/A,N/A,N/A,N/A,N/A,N/A,N/A,N/A,N/A,N/A,N/A,N/A,N/A,N/A,35,N/A,N/A,N/A,N/A,N/A,N/A,N/A,N/A,N/A,N/A,N/A,N/A,N/A,N/A,N/A,No,N/A,N/A,N/A,N/A,N/A,N/A,N/A,N/A,N/A,N/A,N/A,N/A,N/A,N/A,N/A,N/A,N/A
Cement and concrete,Ready-mix,"Ready-mixed concrete, Canada, British Columbia, 35 MPa, w/o AEAs",CLF 2025 Material Baselines,https://pcr-epd.s3.us-east-2.amazonaws.com/810.CRMCA_EPD_BC.pdf,1.000851064,Baseline,294,1,m3,Industry,single,industry data,"BC ready-mixed concrete industry-average EPD (Concrete BC, 2022) ",Concrete BC. (2022). Concrete BC member industry-wide EPD for ready-mixed concrete. ASTM International.,FALSE,Canada BC,2400,kg/m3,999,Placeholder,d_truck,Concrete,3,No,No,No,No,N/A,N/A,N/A,N/A,N/A,N/A,N/A,N/A,N/A,N/A,N/A,N/A,N/A,N/A,N/A,35,N/A,N/A,N/A,N/A,N/A,N/A,294,N/A,N/A,N/A,1.2210382978723400,0.2602212765957450,0.0000117099574468,26.7727659574468000,728.9398468085110000,No,N/A,N/A,N/A,N/A,N/A,N/A,N/A,N/A,N/A,N/A,N/A,N/A,N/A,N/A,N/A,N/A,N/A
Cement and concrete,Ready-mix,"Ready-mixed concrete, Canada, British Columbia, 35 MPa, w/o AEAs",N/A,N/A,#VALUE!,High-80th%,N/A,N/A,N/A,N/A,N/A,N/A,N/A,N/A,N/A,N/A,N/A,N/A,999,Placeholder,d_truck,Concrete,3,No,No,No,No,N/A,N/A,N/A,N/A,N/A,N/A,N/A,N/A,N/A,N/A,N/A,N/A,N/A,N/A,N/A,35,N/A,N/A,N/A,N/A,N/A,N/A,N/A,N/A,N/A,N/A,N/A,N/A,N/A,N/A,N/A,No,N/A,N/A,N/A,N/A,N/A,N/A,N/A,N/A,N/A,N/A,N/A,N/A,N/A,N/A,N/A,N/A,N/A
Cement and concrete,Ready-mix,"Ready-mixed concrete, Canada, British Columbia, 35 MPa, w/o AEAs",N/A,N/A,#VALUE!,Low-20th%,N/A,N/A,N/A,N/A,N/A,N/A,N/A,N/A,N/A,N/A,N/A,N/A,999,Placeholder,d_truck,Concrete,3,No,No,No,No,N/A,N/A,N/A,N/A,N/A,N/A,N/A,N/A,N/A,N/A,N/A,N/A,N/A,N/A,N/A,35,N/A,N/A,N/A,N/A,N/A,N/A,N/A,N/A,N/A,N/A,N/A,N/A,N/A,N/A,N/A,No,N/A,N/A,N/A,N/A,N/A,N/A,N/A,N/A,N/A,N/A,N/A,N/A,N/A,N/A,N/A,N/A,N/A
Cement and concrete,Ready-mix,"Ready-mixed concrete, Canada, British Columbia, 40 MPa, w/ AEAs",CLF 2025 Material Baselines,https://pcr-epd.s3.us-east-2.amazonaws.com/810.CRMCA_EPD_BC.pdf,0.999883734,Baseline,344,1,m3,Industry,single,industry data,"BC ready-mixed concrete industry-average EPD (Concrete BC, 2022) ",Concrete BC. (2022). Concrete BC member industry-wide EPD for ready-mixed concrete. ASTM International.,FALSE,Canada BC,2400,kg/m3,999,Placeholder,d_truck,Concrete,3,No,No,No,No,N/A,N/A,N/A,N/A,N/A,N/A,N/A,N/A,N/A,N/A,N/A,N/A,N/A,N/A,N/A,40,N/A,N/A,N/A,N/A,N/A,N/A,344,N/A,N/A,N/A,1.3998372282292800,0.2999651203348450,0.0000136984071620,30.3064759911638000,817.4749447738640000,No,N/A,N/A,N/A,N/A,N/A,N/A,N/A,N/A,N/A,N/A,N/A,N/A,N/A,N/A,N/A,N/A,N/A
Cement and concrete,Ready-mix,"Ready-mixed concrete, Canada, British Columbia, 40 MPa, w/ AEAs",N/A,N/A,#VALUE!,High-80th%,N/A,N/A,N/A,N/A,N/A,N/A,N/A,N/A,N/A,N/A,N/A,N/A,999,Placeholder,d_truck,Concrete,3,No,No,No,No,N/A,N/A,N/A,N/A,N/A,N/A,N/A,N/A,N/A,N/A,N/A,N/A,N/A,N/A,N/A,40,N/A,N/A,N/A,N/A,N/A,N/A,N/A,N/A,N/A,N/A,N/A,N/A,N/A,N/A,N/A,No,N/A,N/A,N/A,N/A,N/A,N/A,N/A,N/A,N/A,N/A,N/A,N/A,N/A,N/A,N/A,N/A,N/A
Cement and concrete,Ready-mix,"Ready-mixed concrete, Canada, British Columbia, 40 MPa, w/ AEAs",N/A,N/A,#VALUE!,Low-20th%,N/A,N/A,N/A,N/A,N/A,N/A,N/A,N/A,N/A,N/A,N/A,N/A,999,Placeholder,d_truck,Concrete,3,No,No,No,No,N/A,N/A,N/A,N/A,N/A,N/A,N/A,N/A,N/A,N/A,N/A,N/A,N/A,N/A,N/A,40,N/A,N/A,N/A,N/A,N/A,N/A,N/A,N/A,N/A,N/A,N/A,N/A,N/A,N/A,N/A,No,N/A,N/A,N/A,N/A,N/A,N/A,N/A,N/A,N/A,N/A,N/A,N/A,N/A,N/A,N/A,N/A,N/A
Cement and concrete,Ready-mix,"Ready-mixed concrete, Canada, British Columbia, 40 MPa, w/o AEAs",CLF 2025 Material Baselines,https://pcr-epd.s3.us-east-2.amazonaws.com/810.CRMCA_EPD_BC.pdf,1,Baseline,329,1,m3,Industry,single,industry data,"BC ready-mixed concrete industry-average EPD (Concrete BC, 2022) ",Concrete BC. (2022). Concrete BC member industry-wide EPD for ready-mixed concrete. ASTM International.,FALSE,Canada BC,2400,kg/m3,999,Placeholder,d_truck,Concrete,3,No,No,No,No,N/A,N/A,N/A,N/A,N/A,N/A,N/A,N/A,N/A,N/A,N/A,N/A,N/A,N/A,N/A,40,N/A,N/A,N/A,N/A,N/A,N/A,329,N/A,N/A,N/A,1.3600000000000000,0.2900000000000000,0.0000131000000000,29.7300000000000000,814.1200000000000000,No,N/A,N/A,N/A,N/A,N/A,N/A,N/A,N/A,N/A,N/A,N/A,N/A,N/A,N/A,N/A,N/A,N/A
Cement and concrete,Ready-mix,"Ready-mixed concrete, Canada, British Columbia, 40 MPa, w/o AEAs",N/A,N/A,#VALUE!,High-80th%,N/A,N/A,N/A,N/A,N/A,N/A,N/A,N/A,N/A,N/A,N/A,N/A,999,Placeholder,d_truck,Concrete,3,No,No,No,No,N/A,N/A,N/A,N/A,N/A,N/A,N/A,N/A,N/A,N/A,N/A,N/A,N/A,N/A,N/A,40,N/A,N/A,N/A,N/A,N/A,N/A,N/A,N/A,N/A,N/A,N/A,N/A,N/A,N/A,N/A,No,N/A,N/A,N/A,N/A,N/A,N/A,N/A,N/A,N/A,N/A,N/A,N/A,N/A,N/A,N/A,N/A,N/A
Cement and concrete,Ready-mix,"Ready-mixed concrete, Canada, British Columbia, 40 MPa, w/o AEAs",N/A,N/A,#VALUE!,Low-20th%,N/A,N/A,N/A,N/A,N/A,N/A,N/A,N/A,N/A,N/A,N/A,N/A,999,Placeholder,d_truck,Concrete,3,No,No,No,No,N/A,N/A,N/A,N/A,N/A,N/A,N/A,N/A,N/A,N/A,N/A,N/A,N/A,N/A,N/A,40,N/A,N/A,N/A,N/A,N/A,N/A,N/A,N/A,N/A,N/A,N/A,N/A,N/A,N/A,N/A,No,N/A,N/A,N/A,N/A,N/A,N/A,N/A,N/A,N/A,N/A,N/A,N/A,N/A,N/A,N/A,N/A,N/A
Cement and concrete,Ready-mix,"Ready-mixed concrete, Canada, British Columbia, 45 MPa, w/ AEAs",CLF 2025 Material Baselines,https://pcr-epd.s3.us-east-2.amazonaws.com/810.CRMCA_EPD_BC.pdf,1.000984114,Baseline,356,1,m3,Industry,single,industry data,"BC ready-mixed concrete industry-average EPD (Concrete BC, 2022) ",Concrete BC. (2022). Concrete BC member industry-wide EPD for ready-mixed concrete. ASTM International.,FALSE,Canada BC,2400,kg/m3,999,Placeholder,d_truck,Concrete,3,No,No,No,No,N/A,N/A,N/A,N/A,N/A,N/A,N/A,N/A,N/A,N/A,N/A,N/A,N/A,N/A,N/A,45,N/A,N/A,N/A,N/A,N/A,N/A,356,N/A,N/A,N/A,1.5014761703922400,0.3203149163503440,0.0000147144664698,32.5119640095600000,875.8210600309290000,No,N/A,N/A,N/A,N/A,N/A,N/A,N/A,N/A,N/A,N/A,N/A,N/A,N/A,N/A,N/A,N/A,N/A
Cement and concrete,Ready-mix,"Ready-mixed concrete, Canada, British Columbia, 45 MPa, w/ AEAs",N/A,N/A,#VALUE!,High-80th%,N/A,N/A,N/A,N/A,N/A,N/A,N/A,N/A,N/A,N/A,N/A,N/A,999,Placeholder,d_truck,Concrete,3,No,No,No,No,N/A,N/A,N/A,N/A,N/A,N/A,N/A,N/A,N/A,N/A,N/A,N/A,N/A,N/A,N/A,45,N/A,N/A,N/A,N/A,N/A,N/A,N/A,N/A,N/A,N/A,N/A,N/A,N/A,N/A,N/A,No,N/A,N/A,N/A,N/A,N/A,N/A,N/A,N/A,N/A,N/A,N/A,N/A,N/A,N/A,N/A,N/A,N/A
Cement and concrete,Ready-mix,"Ready-mixed concrete, Canada, British Columbia, 45 MPa, w/ AEAs",N/A,N/A,#VALUE!,Low-20th%,N/A,N/A,N/A,N/A,N/A,N/A,N/A,N/A,N/A,N/A,N/A,N/A,999,Placeholder,d_truck,Concrete,3,No,No,No,No,N/A,N/A,N/A,N/A,N/A,N/A,N/A,N/A,N/A,N/A,N/A,N/A,N/A,N/A,N/A,45,N/A,N/A,N/A,N/A,N/A,N/A,N/A,N/A,N/A,N/A,N/A,N/A,N/A,N/A,N/A,No,N/A,N/A,N/A,N/A,N/A,N/A,N/A,N/A,N/A,N/A,N/A,N/A,N/A,N/A,N/A,N/A,N/A
Cement and concrete,Ready-mix,"Ready-mixed concrete, Canada, British Columbia, 45 MPa, w/o AEAs",CLF 2025 Material Baselines,https://pcr-epd.s3.us-east-2.amazonaws.com/810.CRMCA_EPD_BC.pdf,0.999820928,Baseline,335,1,m3,Industry,single,industry data,"BC ready-mixed concrete industry-average EPD (Concrete BC, 2022) ",Concrete BC. (2022). Concrete BC member industry-wide EPD for ready-mixed concrete. ASTM International.,FALSE,Canada BC,2400,kg/m3,999,Placeholder,d_truck,Concrete,3,No,No,No,No,N/A,N/A,N/A,N/A,N/A,N/A,N/A,N/A,N/A,N/A,N/A,N/A,N/A,N/A,N/A,45,N/A,N/A,N/A,N/A,N/A,N/A,335,N/A,N/A,N/A,1.4297439264609300,0.2999462782785170,0.0000137975288008,31.0844326389303000,841.1093535486180000,No,N/A,N/A,N/A,N/A,N/A,N/A,N/A,N/A,N/A,N/A,N/A,N/A,N/A,N/A,N/A,N/A,N/A
Cement and concrete,Ready-mix,"Ready-mixed concrete, Canada, British Columbia, 45 MPa, w/o AEAs",N/A,N/A,#VALUE!,High-80th%,N/A,N/A,N/A,N/A,N/A,N/A,N/A,N/A,N/A,N/A,N/A,N/A,999,Placeholder,d_truck,Concrete,3,No,No,No,No,N/A,N/A,N/A,N/A,N/A,N/A,N/A,N/A,N/A,N/A,N/A,N/A,N/A,N/A,N/A,45,N/A,N/A,N/A,N/A,N/A,N/A,N/A,N/A,N/A,N/A,N/A,N/A,N/A,N/A,N/A,No,N/A,N/A,N/A,N/A,N/A,N/A,N/A,N/A,N/A,N/A,N/A,N/A,N/A,N/A,N/A,N/A,N/A
Cement and concrete,Ready-mix,"Ready-mixed concrete, Canada, British Columbia, 45 MPa, w/o AEAs",N/A,N/A,#VALUE!,Low-20th%,N/A,N/A,N/A,N/A,N/A,N/A,N/A,N/A,N/A,N/A,N/A,N/A,999,Placeholder,d_truck,Concrete,3,No,No,No,No,N/A,N/A,N/A,N/A,N/A,N/A,N/A,N/A,N/A,N/A,N/A,N/A,N/A,N/A,N/A,45,N/A,N/A,N/A,N/A,N/A,N/A,N/A,N/A,N/A,N/A,N/A,N/A,N/A,N/A,N/A,No,N/A,N/A,N/A,N/A,N/A,N/A,N/A,N/A,N/A,N/A,N/A,N/A,N/A,N/A,N/A,N/A,N/A
Cement and concrete,Ready-mix,"Ready-mixed concrete, Canada, British Columbia, 50 MPa, w/ AEAs",CLF 2025 Material Baselines,https://pcr-epd.s3.us-east-2.amazonaws.com/810.CRMCA_EPD_BC.pdf,0.908851423,Baseline,345,1,m3,Industry,single,industry data,"BC ready-mixed concrete industry-average EPD (Concrete BC, 2022) ",Concrete BC. (2022). Concrete BC member industry-wide EPD for ready-mixed concrete. ASTM International.,FALSE,Canada BC,2400,kg/m3,999,Placeholder,d_truck,Concrete,3,No,No,No,No,N/A,N/A,N/A,N/A,N/A,N/A,N/A,N/A,N/A,N/A,N/A,N/A,N/A,N/A,N/A,50,N/A,N/A,N/A,N/A,N/A,N/A,345,N/A,N/A,N/A,1.4450737618545800,0.3090094836670180,0.0000142689673340,31.2372233930453000,834.6891464699680000,No,N/A,N/A,N/A,N/A,N/A,N/A,N/A,N/A,N/A,N/A,N/A,N/A,N/A,N/A,N/A,N/A,N/A
Cement and concrete,Ready-mix,"Ready-mixed concrete, Canada, British Columbia, 50 MPa, w/ AEAs",N/A,N/A,#VALUE!,High-80th%,N/A,N/A,N/A,N/A,N/A,N/A,N/A,N/A,N/A,N/A,N/A,N/A,999,Placeholder,d_truck,Concrete,3,No,No,No,No,N/A,N/A,N/A,N/A,N/A,N/A,N/A,N/A,N/A,N/A,N/A,N/A,N/A,N/A,N/A,50,N/A,N/A,N/A,N/A,N/A,N/A,N/A,N/A,N/A,N/A,N/A,N/A,N/A,N/A,N/A,No,N/A,N/A,N/A,N/A,N/A,N/A,N/A,N/A,N/A,N/A,N/A,N/A,N/A,N/A,N/A,N/A,N/A
Cement and concrete,Ready-mix,"Ready-mixed concrete, Canada, British Columbia, 50 MPa, w/ AEAs",N/A,N/A,#VALUE!,Low-20th%,N/A,N/A,N/A,N/A,N/A,N/A,N/A,N/A,N/A,N/A,N/A,N/A,999,Placeholder,d_truck,Concrete,3,No,No,No,No,N/A,N/A,N/A,N/A,N/A,N/A,N/A,N/A,N/A,N/A,N/A,N/A,N/A,N/A,N/A,50,N/A,N/A,N/A,N/A,N/A,N/A,N/A,N/A,N/A,N/A,N/A,N/A,N/A,N/A,N/A,No,N/A,N/A,N/A,N/A,N/A,N/A,N/A,N/A,N/A,N/A,N/A,N/A,N/A,N/A,N/A,N/A,N/A
Cement and concrete,Ready-mix,"Ready-mixed concrete, Canada, British Columbia, 50 MPa, w/o AEAs",CLF 2025 Material Baselines,https://pcr-epd.s3.us-east-2.amazonaws.com/810.CRMCA_EPD_BC.pdf,0.998636958,Baseline,359,1,m3,Industry,single,industry data,"BC ready-mixed concrete industry-average EPD (Concrete BC, 2022) ",Concrete BC. (2022). Concrete BC member industry-wide EPD for ready-mixed concrete. ASTM International.,FALSE,Canada BC,2400,kg/m3,999,Placeholder,d_truck,Concrete,3,No,No,No,No,N/A,N/A,N/A,N/A,N/A,N/A,N/A,N/A,N/A,N/A,N/A,N/A,N/A,N/A,N/A,50,N/A,N/A,N/A,N/A,N/A,N/A,359,N/A,N/A,N/A,1.5179281760271500,0.3195638265320320,0.0000148796906729,32.9150741327992000,861.3743080475120000,No,N/A,N/A,N/A,N/A,N/A,N/A,N/A,N/A,N/A,N/A,N/A,N/A,N/A,N/A,N/A,N/A,N/A
Cement and concrete,Ready-mix,"Ready-mixed concrete, Canada, British Columbia, 50 MPa, w/o AEAs",N/A,N/A,#VALUE!,High-80th%,N/A,N/A,N/A,N/A,N/A,N/A,N/A,N/A,N/A,N/A,N/A,N/A,999,Placeholder,d_truck,Concrete,3,No,No,No,No,N/A,N/A,N/A,N/A,N/A,N/A,N/A,N/A,N/A,N/A,N/A,N/A,N/A,N/A,N/A,50,N/A,N/A,N/A,N/A,N/A,N/A,N/A,N/A,N/A,N/A,N/A,N/A,N/A,N/A,N/A,No,N/A,N/A,N/A,N/A,N/A,N/A,N/A,N/A,N/A,N/A,N/A,N/A,N/A,N/A,N/A,N/A,N/A
Cement and concrete,Ready-mix,"Ready-mixed concrete, Canada, British Columbia, 50 MPa, w/o AEAs",N/A,N/A,#VALUE!,Low-20th%,N/A,N/A,N/A,N/A,N/A,N/A,N/A,N/A,N/A,N/A,N/A,N/A,999,Placeholder,d_truck,Concrete,3,No,No,No,No,N/A,N/A,N/A,N/A,N/A,N/A,N/A,N/A,N/A,N/A,N/A,N/A,N/A,N/A,N/A,50,N/A,N/A,N/A,N/A,N/A,N/A,N/A,N/A,N/A,N/A,N/A,N/A,N/A,N/A,N/A,No,N/A,N/A,N/A,N/A,N/A,N/A,N/A,N/A,N/A,N/A,N/A,N/A,N/A,N/A,N/A,N/A,N/A
Cement and concrete,Ready-mix,"Ready-mixed concrete, Canada, British Columbia, 55 MPa, w/ AEAs",CLF 2025 Material Baselines,https://pcr-epd.s3.us-east-2.amazonaws.com/810.CRMCA_EPD_BC.pdf,0.999726443,Baseline,402,1,m3,Industry,single,industry data,"BC ready-mixed concrete industry-average EPD (Concrete BC, 2022) ",Concrete BC. (2022). Concrete BC member industry-wide EPD for ready-mixed concrete. ASTM International.,FALSE,Canada BC,2400,kg/m3,999,Placeholder,d_truck,Concrete,3,No,No,No,No,N/A,N/A,N/A,N/A,N/A,N/A,N/A,N/A,N/A,N/A,N/A,N/A,N/A,N/A,N/A,55,N/A,N/A,N/A,N/A,N/A,N/A,402,N/A,N/A,N/A,1.6695431598318900,0.3599015194847180,0.0000165954589540,35.9701574196115000,970.6643953147150000,No,N/A,N/A,N/A,N/A,N/A,N/A,N/A,N/A,N/A,N/A,N/A,N/A,N/A,N/A,N/A,N/A,N/A
Cement and concrete,Ready-mix,"Ready-mixed concrete, Canada, British Columbia, 55 MPa, w/ AEAs",N/A,N/A,#VALUE!,High-80th%,N/A,N/A,N/A,N/A,N/A,N/A,N/A,N/A,N/A,N/A,N/A,N/A,999,Placeholder,d_truck,Concrete,3,No,No,No,No,N/A,N/A,N/A,N/A,N/A,N/A,N/A,N/A,N/A,N/A,N/A,N/A,N/A,N/A,N/A,55,N/A,N/A,N/A,N/A,N/A,N/A,N/A,N/A,N/A,N/A,N/A,N/A,N/A,N/A,N/A,No,N/A,N/A,N/A,N/A,N/A,N/A,N/A,N/A,N/A,N/A,N/A,N/A,N/A,N/A,N/A,N/A,N/A
Cement and concrete,Ready-mix,"Ready-mixed concrete, Canada, British Columbia, 55 MPa, w/ AEAs",N/A,N/A,#VALUE!,Low-20th%,N/A,N/A,N/A,N/A,N/A,N/A,N/A,N/A,N/A,N/A,N/A,N/A,999,Placeholder,d_truck,Concrete,3,No,No,No,No,N/A,N/A,N/A,N/A,N/A,N/A,N/A,N/A,N/A,N/A,N/A,N/A,N/A,N/A,N/A,55,N/A,N/A,N/A,N/A,N/A,N/A,N/A,N/A,N/A,N/A,N/A,N/A,N/A,N/A,N/A,No,N/A,N/A,N/A,N/A,N/A,N/A,N/A,N/A,N/A,N/A,N/A,N/A,N/A,N/A,N/A,N/A,N/A
Cement and concrete,Ready-mix,"Ready-mixed concrete, Canada, British Columbia, 55 MPa, w/o AEAs",CLF 2025 Material Baselines,https://pcr-epd.s3.us-east-2.amazonaws.com/810.CRMCA_EPD_BC.pdf,1.001168472,Baseline,377,1,m3,Industry,single,industry data,"BC ready-mixed concrete industry-average EPD (Concrete BC, 2022) ",Concrete BC. (2022). Concrete BC member industry-wide EPD for ready-mixed concrete. ASTM International.,FALSE,Canada BC,2400,kg/m3,999,Placeholder,d_truck,Concrete,3,No,No,No,No,N/A,N/A,N/A,N/A,N/A,N/A,N/A,N/A,N/A,N/A,N/A,N/A,N/A,N/A,N/A,55,N/A,N/A,N/A,N/A,N/A,N/A,377,N/A,N/A,N/A,1.5918578712555800,0.3303855959209690,0.0000156182281708,34.4001487146803000,902.7035532186110000,No,N/A,N/A,N/A,N/A,N/A,N/A,N/A,N/A,N/A,N/A,N/A,N/A,N/A,N/A,N/A,N/A,N/A
Cement and concrete,Ready-mix,"Ready-mixed concrete, Canada, British Columbia, 55 MPa, w/o AEAs",N/A,N/A,#VALUE!,High-80th%,N/A,N/A,N/A,N/A,N/A,N/A,N/A,N/A,N/A,N/A,N/A,N/A,999,Placeholder,d_truck,Concrete,3,No,No,No,No,N/A,N/A,N/A,N/A,N/A,N/A,N/A,N/A,N/A,N/A,N/A,N/A,N/A,N/A,N/A,55,N/A,N/A,N/A,N/A,N/A,N/A,N/A,N/A,N/A,N/A,N/A,N/A,N/A,N/A,N/A,No,N/A,N/A,N/A,N/A,N/A,N/A,N/A,N/A,N/A,N/A,N/A,N/A,N/A,N/A,N/A,N/A,N/A
Cement and concrete,Ready-mix,"Ready-mixed concrete, Canada, British Columbia, 55 MPa, w/o AEAs",N/A,N/A,#VALUE!,Low-20th%,N/A,N/A,N/A,N/A,N/A,N/A,N/A,N/A,N/A,N/A,N/A,N/A,999,Placeholder,d_truck,Concrete,3,No,No,No,No,N/A,N/A,N/A,N/A,N/A,N/A,N/A,N/A,N/A,N/A,N/A,N/A,N/A,N/A,N/A,55,N/A,N/A,N/A,N/A,N/A,N/A,N/A,N/A,N/A,N/A,N/A,N/A,N/A,N/A,N/A,No,N/A,N/A,N/A,N/A,N/A,N/A,N/A,N/A,N/A,N/A,N/A,N/A,N/A,N/A,N/A,N/A,N/A
Cement and concrete,Ready-mix,"Ready-mixed concrete, Canada, British Columbia, 60 MPa, w/ AEAs",CLF 2025 Material Baselines,https://pcr-epd.s3.us-east-2.amazonaws.com/810.CRMCA_EPD_BC.pdf,1.000284441,Baseline,422,1,m3,Industry,single,industry data,"BC ready-mixed concrete industry-average EPD (Concrete BC, 2022) ",Concrete BC. (2022). Concrete BC member industry-wide EPD for ready-mixed concrete. ASTM International.,FALSE,Canada BC,2400,kg/m3,999,Placeholder,d_truck,Concrete,3,No,No,No,No,N/A,N/A,N/A,N/A,N/A,N/A,N/A,N/A,N/A,N/A,N/A,N/A,N/A,N/A,N/A,60,N/A,N/A,N/A,N/A,N/A,N/A,422,N/A,N/A,N/A,1.7504977718782600,0.3701052431971180,0.0000174049492747,37.6206978287665000,1012.8680193419900000,No,N/A,N/A,N/A,N/A,N/A,N/A,N/A,N/A,N/A,N/A,N/A,N/A,N/A,N/A,N/A,N/A,N/A
Cement and concrete,Ready-mix,"Ready-mixed concrete, Canada, British Columbia, 60 MPa, w/ AEAs",N/A,N/A,#VALUE!,High-80th%,N/A,N/A,N/A,N/A,N/A,N/A,N/A,N/A,N/A,N/A,N/A,N/A,999,Placeholder,d_truck,Concrete,3,No,No,No,No,N/A,N/A,N/A,N/A,N/A,N/A,N/A,N/A,N/A,N/A,N/A,N/A,N/A,N/A,N/A,60,N/A,N/A,N/A,N/A,N/A,N/A,N/A,N/A,N/A,N/A,N/A,N/A,N/A,N/A,N/A,No,N/A,N/A,N/A,N/A,N/A,N/A,N/A,N/A,N/A,N/A,N/A,N/A,N/A,N/A,N/A,N/A,N/A
Cement and concrete,Ready-mix,"Ready-mixed concrete, Canada, British Columbia, 60 MPa, w/ AEAs",N/A,N/A,#VALUE!,Low-20th%,N/A,N/A,N/A,N/A,N/A,N/A,N/A,N/A,N/A,N/A,N/A,N/A,999,Placeholder,d_truck,Concrete,3,No,No,No,No,N/A,N/A,N/A,N/A,N/A,N/A,N/A,N/A,N/A,N/A,N/A,N/A,N/A,N/A,N/A,60,N/A,N/A,N/A,N/A,N/A,N/A,N/A,N/A,N/A,N/A,N/A,N/A,N/A,N/A,N/A,No,N/A,N/A,N/A,N/A,N/A,N/A,N/A,N/A,N/A,N/A,N/A,N/A,N/A,N/A,N/A,N/A,N/A
Cement and concrete,Ready-mix,"Ready-mixed concrete, Canada, British Columbia, 60 MPa, w/o AEAs",CLF 2025 Material Baselines,https://pcr-epd.s3.us-east-2.amazonaws.com/810.CRMCA_EPD_BC.pdf,0.998926154,Baseline,400,1,m3,Industry,single,industry data,"BC ready-mixed concrete industry-average EPD (Concrete BC, 2022) ",Concrete BC. (2022). Concrete BC member industry-wide EPD for ready-mixed concrete. ASTM International.,FALSE,Canada BC,2400,kg/m3,999,Placeholder,d_truck,Concrete,3,No,No,No,No,N/A,N/A,N/A,N/A,N/A,N/A,N/A,N/A,N/A,N/A,N/A,N/A,N/A,N/A,N/A,60,N/A,N/A,N/A,N/A,N/A,N/A,400,N/A,N/A,N/A,1.6682066778213400,0.3496241540344130,0.0000164822815473,35.9813200809130000,965.2823215043830000,No,N/A,N/A,N/A,N/A,N/A,N/A,N/A,N/A,N/A,N/A,N/A,N/A,N/A,N/A,N/A,N/A,N/A
Cement and concrete,Ready-mix,"Ready-mixed concrete, Canada, British Columbia, 60 MPa, w/o AEAs",N/A,N/A,#VALUE!,High-80th%,N/A,N/A,N/A,N/A,N/A,N/A,N/A,N/A,N/A,N/A,N/A,N/A,999,Placeholder,d_truck,Concrete,3,No,No,No,No,N/A,N/A,N/A,N/A,N/A,N/A,N/A,N/A,N/A,N/A,N/A,N/A,N/A,N/A,N/A,60,N/A,N/A,N/A,N/A,N/A,N/A,N/A,N/A,N/A,N/A,N/A,N/A,N/A,N/A,N/A,No,N/A,N/A,N/A,N/A,N/A,N/A,N/A,N/A,N/A,N/A,N/A,N/A,N/A,N/A,N/A,N/A,N/A
Cement and concrete,Ready-mix,"Ready-mixed concrete, Canada, British Columbia, 60 MPa, w/o AEAs",N/A,N/A,#VALUE!,Low-20th%,N/A,N/A,N/A,N/A,N/A,N/A,N/A,N/A,N/A,N/A,N/A,N/A,999,Placeholder,d_truck,Concrete,3,No,No,No,No,N/A,N/A,N/A,N/A,N/A,N/A,N/A,N/A,N/A,N/A,N/A,N/A,N/A,N/A,N/A,60,N/A,N/A,N/A,N/A,N/A,N/A,N/A,N/A,N/A,N/A,N/A,N/A,N/A,N/A,N/A,No,N/A,N/A,N/A,N/A,N/A,N/A,N/A,N/A,N/A,N/A,N/A,N/A,N/A,N/A,N/A,N/A,N/A
Cement and concrete,Ready-mix,"Ready-mixed concrete, Canada, Alberta, 20 MPa, w/ AEAs",CLF 2025 Material Baselines,https://pcr-epd.s3.us-east-2.amazonaws.com/809.CRMCA_EPD_Alberta.pdf,0.999853501,Baseline,273,1,m3,Industry,single,industry data,"Alberta ready-mixed concrete industry-average EPD (Concrete Alberta, 2022) ",Concrete Alberta. (2022). Concrete Alberta member industry-wide EPD for ready-mixed concrete. ASTM International.,FALSE,Canada Alberta,2400,kg/m3,999,Placeholder,d_truck,Concrete,3,No,No,No,No,N/A,N/A,N/A,N/A,N/A,N/A,N/A,N/A,N/A,N/A,N/A,N/A,N/A,N/A,N/A,20,N/A,N/A,N/A,N/A,N/A,N/A,273,N/A,N/A,N/A,1.1498315265162600,0.5099252856724290,0.0000078688470554,21.8068048637562000,1080.9616173454400000,No,N/A,N/A,N/A,N/A,N/A,N/A,N/A,N/A,N/A,N/A,N/A,N/A,N/A,N/A,N/A,N/A,N/A
Cement and concrete,Ready-mix,"Ready-mixed concrete, Canada, Alberta, 20 MPa, w/ AEAs",N/A,N/A,#VALUE!,High-80th%,N/A,N/A,N/A,N/A,N/A,N/A,N/A,N/A,N/A,N/A,N/A,N/A,999,Placeholder,d_truck,Concrete,3,No,No,No,No,N/A,N/A,N/A,N/A,N/A,N/A,N/A,N/A,N/A,N/A,N/A,N/A,N/A,N/A,N/A,20,N/A,N/A,N/A,N/A,N/A,N/A,N/A,N/A,N/A,N/A,N/A,N/A,N/A,N/A,N/A,No,N/A,N/A,N/A,N/A,N/A,N/A,N/A,N/A,N/A,N/A,N/A,N/A,N/A,N/A,N/A,N/A,N/A
Cement and concrete,Ready-mix,"Ready-mixed concrete, Canada, Alberta, 20 MPa, w/ AEAs",N/A,N/A,#VALUE!,Low-20th%,N/A,N/A,N/A,N/A,N/A,N/A,N/A,N/A,N/A,N/A,N/A,N/A,999,Placeholder,d_truck,Concrete,3,No,No,No,No,N/A,N/A,N/A,N/A,N/A,N/A,N/A,N/A,N/A,N/A,N/A,N/A,N/A,N/A,N/A,20,N/A,N/A,N/A,N/A,N/A,N/A,N/A,N/A,N/A,N/A,N/A,N/A,N/A,N/A,N/A,No,N/A,N/A,N/A,N/A,N/A,N/A,N/A,N/A,N/A,N/A,N/A,N/A,N/A,N/A,N/A,N/A,N/A
Cement and concrete,Ready-mix,"Ready-mixed concrete, Canada, Alberta, 20 MPa, w/o AEAs",CLF 2025 Material Baselines,https://pcr-epd.s3.us-east-2.amazonaws.com/809.CRMCA_EPD_Alberta.pdf,1.000191608,Baseline,261,1,m3,Industry,single,industry data,"Alberta ready-mixed concrete industry-average EPD (Concrete Alberta, 2022) ",Concrete Alberta. (2022). Concrete Alberta member industry-wide EPD for ready-mixed concrete. ASTM International.,FALSE,Canada Alberta,2400,kg/m3,999,Placeholder,d_truck,Concrete,3,No,No,No,No,N/A,N/A,N/A,N/A,N/A,N/A,N/A,N/A,N/A,N/A,N/A,N/A,N/A,N/A,N/A,20,N/A,N/A,N/A,N/A,N/A,N/A,261,N/A,N/A,N/A,1.1102126844223000,0.4900938877179540,0.0000075014370569,21.1240467522514000,1055.3421728300400000,No,N/A,N/A,N/A,N/A,N/A,N/A,N/A,N/A,N/A,N/A,N/A,N/A,N/A,N/A,N/A,N/A,N/A
Cement and concrete,Ready-mix,"Ready-mixed concrete, Canada, Alberta, 20 MPa, w/o AEAs",N/A,N/A,#VALUE!,High-80th%,N/A,N/A,N/A,N/A,N/A,N/A,N/A,N/A,N/A,N/A,N/A,N/A,999,Placeholder,d_truck,Concrete,3,No,No,No,No,N/A,N/A,N/A,N/A,N/A,N/A,N/A,N/A,N/A,N/A,N/A,N/A,N/A,N/A,N/A,20,N/A,N/A,N/A,N/A,N/A,N/A,N/A,N/A,N/A,N/A,N/A,N/A,N/A,N/A,N/A,No,N/A,N/A,N/A,N/A,N/A,N/A,N/A,N/A,N/A,N/A,N/A,N/A,N/A,N/A,N/A,N/A,N/A
Cement and concrete,Ready-mix,"Ready-mixed concrete, Canada, Alberta, 20 MPa, w/o AEAs",N/A,N/A,#VALUE!,Low-20th%,N/A,N/A,N/A,N/A,N/A,N/A,N/A,N/A,N/A,N/A,N/A,N/A,999,Placeholder,d_truck,Concrete,3,No,No,No,No,N/A,N/A,N/A,N/A,N/A,N/A,N/A,N/A,N/A,N/A,N/A,N/A,N/A,N/A,N/A,20,N/A,N/A,N/A,N/A,N/A,N/A,N/A,N/A,N/A,N/A,N/A,N/A,N/A,N/A,N/A,No,N/A,N/A,N/A,N/A,N/A,N/A,N/A,N/A,N/A,N/A,N/A,N/A,N/A,N/A,N/A,N/A,N/A
Cement and concrete,Ready-mix,"Ready-mixed concrete, Canada, Alberta, 25 MPa, w/ AEAs",CLF 2025 Material Baselines,https://pcr-epd.s3.us-east-2.amazonaws.com/809.CRMCA_EPD_Alberta.pdf,0.998680987,Baseline,318,1,m3,Industry,single,industry data,"Alberta ready-mixed concrete industry-average EPD (Concrete Alberta, 2022) ",Concrete Alberta. (2022). Concrete Alberta member industry-wide EPD for ready-mixed concrete. ASTM International.,FALSE,Canada Alberta,2400,kg/m3,999,Placeholder,d_truck,Concrete,3,No,No,No,No,N/A,N/A,N/A,N/A,N/A,N/A,N/A,N/A,N/A,N/A,N/A,N/A,N/A,N/A,N/A,25,N/A,N/A,N/A,N/A,N/A,N/A,318,N/A,N/A,N/A,1.3082720934614700,0.5692481628038440,0.0000092178255135,24.6774071980403000,1203.4505370265700000,No,N/A,N/A,N/A,N/A,N/A,N/A,N/A,N/A,N/A,N/A,N/A,N/A,N/A,N/A,N/A,N/A,N/A
Cement and concrete,Ready-mix,"Ready-mixed concrete, Canada, Alberta, 25 MPa, w/ AEAs",N/A,N/A,#VALUE!,High-80th%,N/A,N/A,N/A,N/A,N/A,N/A,N/A,N/A,N/A,N/A,N/A,N/A,999,Placeholder,d_truck,Concrete,3,No,No,No,No,N/A,N/A,N/A,N/A,N/A,N/A,N/A,N/A,N/A,N/A,N/A,N/A,N/A,N/A,N/A,25,N/A,N/A,N/A,N/A,N/A,N/A,N/A,N/A,N/A,N/A,N/A,N/A,N/A,N/A,N/A,No,N/A,N/A,N/A,N/A,N/A,N/A,N/A,N/A,N/A,N/A,N/A,N/A,N/A,N/A,N/A,N/A,N/A
Cement and concrete,Ready-mix,"Ready-mixed concrete, Canada, Alberta, 25 MPa, w/ AEAs",N/A,N/A,#VALUE!,Low-20th%,N/A,N/A,N/A,N/A,N/A,N/A,N/A,N/A,N/A,N/A,N/A,N/A,999,Placeholder,d_truck,Concrete,3,No,No,No,No,N/A,N/A,N/A,N/A,N/A,N/A,N/A,N/A,N/A,N/A,N/A,N/A,N/A,N/A,N/A,25,N/A,N/A,N/A,N/A,N/A,N/A,N/A,N/A,N/A,N/A,N/A,N/A,N/A,N/A,N/A,No,N/A,N/A,N/A,N/A,N/A,N/A,N/A,N/A,N/A,N/A,N/A,N/A,N/A,N/A,N/A,N/A,N/A
Cement and concrete,Ready-mix,"Ready-mixed concrete, Canada, Alberta, 25 MPa, w/o AEAs",CLF 2025 Material Baselines,https://pcr-epd.s3.us-east-2.amazonaws.com/809.CRMCA_EPD_Alberta.pdf,0.998955341,Baseline,306,1,m3,Industry,single,industry data,"Alberta ready-mixed concrete industry-average EPD (Concrete Alberta, 2022) ",Concrete Alberta. (2022). Concrete Alberta member industry-wide EPD for ready-mixed concrete. ASTM International.,FALSE,Canada Alberta,2400,kg/m3,999,Placeholder,d_truck,Concrete,3,No,No,No,No,N/A,N/A,N/A,N/A,N/A,N/A,N/A,N/A,N/A,N/A,N/A,N/A,N/A,N/A,N/A,25,N/A,N/A,N/A,N/A,N/A,N/A,306,N/A,N/A,N/A,1.2686732828414700,0.5594149908592320,0.0000088507443197,23.9949072864978000,1177.2189213894000000,No,N/A,N/A,N/A,N/A,N/A,N/A,N/A,N/A,N/A,N/A,N/A,N/A,N/A,N/A,N/A,N/A,N/A
Cement and concrete,Ready-mix,"Ready-mixed concrete, Canada, Alberta, 25 MPa, w/o AEAs",N/A,N/A,#VALUE!,High-80th%,N/A,N/A,N/A,N/A,N/A,N/A,N/A,N/A,N/A,N/A,N/A,N/A,999,Placeholder,d_truck,Concrete,3,No,No,No,No,N/A,N/A,N/A,N/A,N/A,N/A,N/A,N/A,N/A,N/A,N/A,N/A,N/A,N/A,N/A,25,N/A,N/A,N/A,N/A,N/A,N/A,N/A,N/A,N/A,N/A,N/A,N/A,N/A,N/A,N/A,No,N/A,N/A,N/A,N/A,N/A,N/A,N/A,N/A,N/A,N/A,N/A,N/A,N/A,N/A,N/A,N/A,N/A
Cement and concrete,Ready-mix,"Ready-mixed concrete, Canada, Alberta, 25 MPa, w/o AEAs",N/A,N/A,#VALUE!,Low-20th%,N/A,N/A,N/A,N/A,N/A,N/A,N/A,N/A,N/A,N/A,N/A,N/A,999,Placeholder,d_truck,Concrete,3,No,No,No,No,N/A,N/A,N/A,N/A,N/A,N/A,N/A,N/A,N/A,N/A,N/A,N/A,N/A,N/A,N/A,25,N/A,N/A,N/A,N/A,N/A,N/A,N/A,N/A,N/A,N/A,N/A,N/A,N/A,N/A,N/A,No,N/A,N/A,N/A,N/A,N/A,N/A,N/A,N/A,N/A,N/A,N/A,N/A,N/A,N/A,N/A,N/A,N/A
Cement and concrete,Ready-mix,"Ready-mixed concrete, Canada, Alberta, 30 MPa, w/ AEAs",CLF 2025 Material Baselines,https://pcr-epd.s3.us-east-2.amazonaws.com/809.CRMCA_EPD_Alberta.pdf,1.000352428,Baseline,369,1,m3,Industry,single,industry data,"Alberta ready-mixed concrete industry-average EPD (Concrete Alberta, 2022) ",Concrete Alberta. (2022). Concrete Alberta member industry-wide EPD for ready-mixed concrete. ASTM International.,FALSE,Canada Alberta,2400,kg/m3,999,Placeholder,d_truck,Concrete,3,No,No,No,No,N/A,N/A,N/A,N/A,N/A,N/A,N/A,N/A,N/A,N/A,N/A,N/A,N/A,N/A,N/A,30,N/A,N/A,N/A,N/A,N/A,N/A,369,N/A,N/A,N/A,1.4805215929731300,0.6402255537181120,0.0000107037709762,27.8398080624610000,1355.1974408328100000,No,N/A,N/A,N/A,N/A,N/A,N/A,N/A,N/A,N/A,N/A,N/A,N/A,N/A,N/A,N/A,N/A,N/A
Cement and concrete,Ready-mix,"Ready-mixed concrete, Canada, Alberta, 30 MPa, w/ AEAs",N/A,N/A,#VALUE!,High-80th%,N/A,N/A,N/A,N/A,N/A,N/A,N/A,N/A,N/A,N/A,N/A,N/A,999,Placeholder,d_truck,Concrete,3,No,No,No,No,N/A,N/A,N/A,N/A,N/A,N/A,N/A,N/A,N/A,N/A,N/A,N/A,N/A,N/A,N/A,30,N/A,N/A,N/A,N/A,N/A,N/A,N/A,N/A,N/A,N/A,N/A,N/A,N/A,N/A,N/A,No,N/A,N/A,N/A,N/A,N/A,N/A,N/A,N/A,N/A,N/A,N/A,N/A,N/A,N/A,N/A,N/A,N/A
Cement and concrete,Ready-mix,"Ready-mixed concrete, Canada, Alberta, 30 MPa, w/ AEAs",N/A,N/A,#VALUE!,Low-20th%,N/A,N/A,N/A,N/A,N/A,N/A,N/A,N/A,N/A,N/A,N/A,N/A,999,Placeholder,d_truck,Concrete,3,No,No,No,No,N/A,N/A,N/A,N/A,N/A,N/A,N/A,N/A,N/A,N/A,N/A,N/A,N/A,N/A,N/A,30,N/A,N/A,N/A,N/A,N/A,N/A,N/A,N/A,N/A,N/A,N/A,N/A,N/A,N/A,N/A,No,N/A,N/A,N/A,N/A,N/A,N/A,N/A,N/A,N/A,N/A,N/A,N/A,N/A,N/A,N/A,N/A,N/A
Cement and concrete,Ready-mix,"Ready-mixed concrete, Canada, Alberta, 30 MPa, w/o AEAs",CLF 2025 Material Baselines,https://pcr-epd.s3.us-east-2.amazonaws.com/809.CRMCA_EPD_Alberta.pdf,0.998594792,Baseline,334,1,m3,Industry,single,industry data,"Alberta ready-mixed concrete industry-average EPD (Concrete Alberta, 2022) ",Concrete Alberta. (2022). Concrete Alberta member industry-wide EPD for ready-mixed concrete. ASTM International.,FALSE,Canada Alberta,2400,kg/m3,999,Placeholder,d_truck,Concrete,3,No,No,No,No,N/A,N/A,N/A,N/A,N/A,N/A,N/A,N/A,N/A,N/A,N/A,N/A,N/A,N/A,N/A,30,N/A,N/A,N/A,N/A,N/A,N/A,334,N/A,N/A,N/A,1.3680748647113300,0.5891709271384580,0.0000096564116363,25.7238018357401000,1269.9129966813200000,No,N/A,N/A,N/A,N/A,N/A,N/A,N/A,N/A,N/A,N/A,N/A,N/A,N/A,N/A,N/A,N/A,N/A
Cement and concrete,Ready-mix,"Ready-mixed concrete, Canada, Alberta, 30 MPa, w/o AEAs",N/A,N/A,#VALUE!,High-80th%,N/A,N/A,N/A,N/A,N/A,N/A,N/A,N/A,N/A,N/A,N/A,N/A,999,Placeholder,d_truck,Concrete,3,No,No,No,No,N/A,N/A,N/A,N/A,N/A,N/A,N/A,N/A,N/A,N/A,N/A,N/A,N/A,N/A,N/A,30,N/A,N/A,N/A,N/A,N/A,N/A,N/A,N/A,N/A,N/A,N/A,N/A,N/A,N/A,N/A,No,N/A,N/A,N/A,N/A,N/A,N/A,N/A,N/A,N/A,N/A,N/A,N/A,N/A,N/A,N/A,N/A,N/A
Cement and concrete,Ready-mix,"Ready-mixed concrete, Canada, Alberta, 30 MPa, w/o AEAs",N/A,N/A,#VALUE!,Low-20th%,N/A,N/A,N/A,N/A,N/A,N/A,N/A,N/A,N/A,N/A,N/A,N/A,999,Placeholder,d_truck,Concrete,3,No,No,No,No,N/A,N/A,N/A,N/A,N/A,N/A,N/A,N/A,N/A,N/A,N/A,N/A,N/A,N/A,N/A,30,N/A,N/A,N/A,N/A,N/A,N/A,N/A,N/A,N/A,N/A,N/A,N/A,N/A,N/A,N/A,No,N/A,N/A,N/A,N/A,N/A,N/A,N/A,N/A,N/A,N/A,N/A,N/A,N/A,N/A,N/A,N/A,N/A
Cement and concrete,Ready-mix,"Ready-mixed concrete, Canada, Alberta, 32 MPa, w/ AEAs",CLF 2025 Material Baselines,https://pcr-epd.s3.us-east-2.amazonaws.com/809.CRMCA_EPD_Alberta.pdf,1.000377977,Baseline,397,1,m3,Industry,single,industry data,"Alberta ready-mixed concrete industry-average EPD (Concrete Alberta, 2022) ",Concrete Alberta. (2022). Concrete Alberta member industry-wide EPD for ready-mixed concrete. ASTM International.,FALSE,Canada Alberta,2400,kg/m3,999,Placeholder,d_truck,Concrete,3,No,No,No,No,N/A,N/A,N/A,N/A,N/A,N/A,N/A,N/A,N/A,N/A,N/A,N/A,N/A,N/A,N/A,32,N/A,N/A,N/A,N/A,N/A,N/A,397,N/A,N/A,N/A,1.5805972029734200,0.6802570240645080,0.0000115043467305,29.5811767670404000,1430.3104195539900000,No,N/A,N/A,N/A,N/A,N/A,N/A,N/A,N/A,N/A,N/A,N/A,N/A,N/A,N/A,N/A,N/A,N/A
Cement and concrete,Ready-mix,"Ready-mixed concrete, Canada, Alberta, 32 MPa, w/ AEAs",N/A,N/A,#VALUE!,High-80th%,N/A,N/A,N/A,N/A,N/A,N/A,N/A,N/A,N/A,N/A,N/A,N/A,999,Placeholder,d_truck,Concrete,3,No,No,No,No,N/A,N/A,N/A,N/A,N/A,N/A,N/A,N/A,N/A,N/A,N/A,N/A,N/A,N/A,N/A,32,N/A,N/A,N/A,N/A,N/A,N/A,N/A,N/A,N/A,N/A,N/A,N/A,N/A,N/A,N/A,No,N/A,N/A,N/A,N/A,N/A,N/A,N/A,N/A,N/A,N/A,N/A,N/A,N/A,N/A,N/A,N/A,N/A
Cement and concrete,Ready-mix,"Ready-mixed concrete, Canada, Alberta, 32 MPa, w/ AEAs",N/A,N/A,#VALUE!,Low-20th%,N/A,N/A,N/A,N/A,N/A,N/A,N/A,N/A,N/A,N/A,N/A,N/A,999,Placeholder,d_truck,Concrete,3,No,No,No,No,N/A,N/A,N/A,N/A,N/A,N/A,N/A,N/A,N/A,N/A,N/A,N/A,N/A,N/A,N/A,32,N/A,N/A,N/A,N/A,N/A,N/A,N/A,N/A,N/A,N/A,N/A,N/A,N/A,N/A,N/A,No,N/A,N/A,N/A,N/A,N/A,N/A,N/A,N/A,N/A,N/A,N/A,N/A,N/A,N/A,N/A,N/A,N/A
Cement and concrete,Ready-mix,"Ready-mixed concrete, Canada, Alberta, 32 MPa, w/o AEAs",CLF 2025 Material Baselines,https://pcr-epd.s3.us-east-2.amazonaws.com/809.CRMCA_EPD_Alberta.pdf,1.001243583,Baseline,314,1,m3,Industry,single,industry data,"Alberta ready-mixed concrete industry-average EPD (Concrete Alberta, 2022) ",Concrete Alberta. (2022). Concrete Alberta member industry-wide EPD for ready-mixed concrete. ASTM International.,FALSE,Canada Alberta,2400,kg/m3,999,Placeholder,d_truck,Concrete,3,No,No,No,No,N/A,N/A,N/A,N/A,N/A,N/A,N/A,N/A,N/A,N/A,N/A,N/A,N/A,N/A,N/A,32,N/A,N/A,N/A,N/A,N/A,N/A,314,N/A,N/A,N/A,1.3016166576320900,0.5506839705366540,0.0000090412295526,24.7807786741494000,1194.7339051688400000,No,N/A,N/A,N/A,N/A,N/A,N/A,N/A,N/A,N/A,N/A,N/A,N/A,N/A,N/A,N/A,N/A,N/A
Cement and concrete,Ready-mix,"Ready-mixed concrete, Canada, Alberta, 32 MPa, w/o AEAs",N/A,N/A,#VALUE!,High-80th%,N/A,N/A,N/A,N/A,N/A,N/A,N/A,N/A,N/A,N/A,N/A,N/A,999,Placeholder,d_truck,Concrete,3,No,No,No,No,N/A,N/A,N/A,N/A,N/A,N/A,N/A,N/A,N/A,N/A,N/A,N/A,N/A,N/A,N/A,32,N/A,N/A,N/A,N/A,N/A,N/A,N/A,N/A,N/A,N/A,N/A,N/A,N/A,N/A,N/A,No,N/A,N/A,N/A,N/A,N/A,N/A,N/A,N/A,N/A,N/A,N/A,N/A,N/A,N/A,N/A,N/A,N/A
Cement and concrete,Ready-mix,"Ready-mixed concrete, Canada, Alberta, 32 MPa, w/o AEAs",N/A,N/A,#VALUE!,Low-20th%,N/A,N/A,N/A,N/A,N/A,N/A,N/A,N/A,N/A,N/A,N/A,N/A,999,Placeholder,d_truck,Concrete,3,No,No,No,No,N/A,N/A,N/A,N/A,N/A,N/A,N/A,N/A,N/A,N/A,N/A,N/A,N/A,N/A,N/A,32,N/A,N/A,N/A,N/A,N/A,N/A,N/A,N/A,N/A,N/A,N/A,N/A,N/A,N/A,N/A,No,N/A,N/A,N/A,N/A,N/A,N/A,N/A,N/A,N/A,N/A,N/A,N/A,N/A,N/A,N/A,N/A,N/A
Cement and concrete,Ready-mix,"Ready-mixed concrete, Canada, Alberta, 35 MPa, w/ AEAs",CLF 2025 Material Baselines,https://pcr-epd.s3.us-east-2.amazonaws.com/809.CRMCA_EPD_Alberta.pdf,1.000439217,Baseline,410,1,m3,Industry,single,industry data,"Alberta ready-mixed concrete industry-average EPD (Concrete Alberta, 2022) ",Concrete Alberta. (2022). Concrete Alberta member industry-wide EPD for ready-mixed concrete. ASTM International.,FALSE,Canada Alberta,2400,kg/m3,999,Placeholder,d_truck,Concrete,3,No,No,No,No,N/A,N/A,N/A,N/A,N/A,N/A,N/A,N/A,N/A,N/A,N/A,N/A,N/A,N/A,N/A,35,N/A,N/A,N/A,N/A,N/A,N/A,410,N/A,N/A,N/A,1.6307159240642200,0.6903030598799470,0.0000119052266849,30.5634180859890000,1483.3912449368000000,No,N/A,N/A,N/A,N/A,N/A,N/A,N/A,N/A,N/A,N/A,N/A,N/A,N/A,N/A,N/A,N/A,N/A
Cement and concrete,Ready-mix,"Ready-mixed concrete, Canada, Alberta, 35 MPa, w/ AEAs",N/A,N/A,#VALUE!,High-80th%,N/A,N/A,N/A,N/A,N/A,N/A,N/A,N/A,N/A,N/A,N/A,N/A,999,Placeholder,d_truck,Concrete,3,No,No,No,No,N/A,N/A,N/A,N/A,N/A,N/A,N/A,N/A,N/A,N/A,N/A,N/A,N/A,N/A,N/A,35,N/A,N/A,N/A,N/A,N/A,N/A,N/A,N/A,N/A,N/A,N/A,N/A,N/A,N/A,N/A,No,N/A,N/A,N/A,N/A,N/A,N/A,N/A,N/A,N/A,N/A,N/A,N/A,N/A,N/A,N/A,N/A,N/A
Cement and concrete,Ready-mix,"Ready-mixed concrete, Canada, Alberta, 35 MPa, w/ AEAs",N/A,N/A,#VALUE!,Low-20th%,N/A,N/A,N/A,N/A,N/A,N/A,N/A,N/A,N/A,N/A,N/A,N/A,999,Placeholder,d_truck,Concrete,3,No,No,No,No,N/A,N/A,N/A,N/A,N/A,N/A,N/A,N/A,N/A,N/A,N/A,N/A,N/A,N/A,N/A,35,N/A,N/A,N/A,N/A,N/A,N/A,N/A,N/A,N/A,N/A,N/A,N/A,N/A,N/A,N/A,No,N/A,N/A,N/A,N/A,N/A,N/A,N/A,N/A,N/A,N/A,N/A,N/A,N/A,N/A,N/A,N/A,N/A
Cement and concrete,Ready-mix,"Ready-mixed concrete, Canada, Alberta, 35 MPa, w/o AEAs",CLF 2025 Material Baselines,https://pcr-epd.s3.us-east-2.amazonaws.com/809.CRMCA_EPD_Alberta.pdf,0.999939028,Baseline,328,1,m3,Industry,single,industry data,"Alberta ready-mixed concrete industry-average EPD (Concrete Alberta, 2022) ",Concrete Alberta. (2022). Concrete Alberta member industry-wide EPD for ready-mixed concrete. ASTM International.,FALSE,Canada Alberta,2400,kg/m3,999,Placeholder,d_truck,Concrete,3,No,No,No,No,N/A,N/A,N/A,N/A,N/A,N/A,N/A,N/A,N/A,N/A,N/A,N/A,N/A,N/A,N/A,35,N/A,N/A,N/A,N/A,N/A,N/A,328,N/A,N/A,N/A,1.3499176879458600,0.5799646363026640,0.0000094094262545,25.5084446070362000,1282.0118285470400000,No,N/A,N/A,N/A,N/A,N/A,N/A,N/A,N/A,N/A,N/A,N/A,N/A,N/A,N/A,N/A,N/A,N/A
Cement and concrete,Ready-mix,"Ready-mixed concrete, Canada, Alberta, 35 MPa, w/o AEAs",N/A,N/A,#VALUE!,High-80th%,N/A,N/A,N/A,N/A,N/A,N/A,N/A,N/A,N/A,N/A,N/A,N/A,999,Placeholder,d_truck,Concrete,3,No,No,No,No,N/A,N/A,N/A,N/A,N/A,N/A,N/A,N/A,N/A,N/A,N/A,N/A,N/A,N/A,N/A,35,N/A,N/A,N/A,N/A,N/A,N/A,N/A,N/A,N/A,N/A,N/A,N/A,N/A,N/A,N/A,No,N/A,N/A,N/A,N/A,N/A,N/A,N/A,N/A,N/A,N/A,N/A,N/A,N/A,N/A,N/A,N/A,N/A
Cement and concrete,Ready-mix,"Ready-mixed concrete, Canada, Alberta, 35 MPa, w/o AEAs",N/A,N/A,#VALUE!,Low-20th%,N/A,N/A,N/A,N/A,N/A,N/A,N/A,N/A,N/A,N/A,N/A,N/A,999,Placeholder,d_truck,Concrete,3,No,No,No,No,N/A,N/A,N/A,N/A,N/A,N/A,N/A,N/A,N/A,N/A,N/A,N/A,N/A,N/A,N/A,35,N/A,N/A,N/A,N/A,N/A,N/A,N/A,N/A,N/A,N/A,N/A,N/A,N/A,N/A,N/A,No,N/A,N/A,N/A,N/A,N/A,N/A,N/A,N/A,N/A,N/A,N/A,N/A,N/A,N/A,N/A,N/A,N/A
Cement and concrete,Ready-mix,"Ready-mixed concrete, Canada, Alberta, 40 MPa, w/ AEAs",CLF 2025 Material Baselines,https://pcr-epd.s3.us-east-2.amazonaws.com/809.CRMCA_EPD_Alberta.pdf,1.000281109,Baseline,427,1,m3,Industry,single,industry data,"Alberta ready-mixed concrete industry-average EPD (Concrete Alberta, 2022) ",Concrete Alberta. (2022). Concrete Alberta member industry-wide EPD for ready-mixed concrete. ASTM International.,FALSE,Canada Alberta,2400,kg/m3,999,Placeholder,d_truck,Concrete,3,No,No,No,No,N/A,N/A,N/A,N/A,N/A,N/A,N/A,N/A,N/A,N/A,N/A,N/A,N/A,N/A,N/A,40,N/A,N/A,N/A,N/A,N/A,N/A,427,N/A,N/A,N/A,1.6904750749625200,0.7101995877061470,0.0000123034576462,31.5288605697151000,1561.6288652548700000,No,N/A,N/A,N/A,N/A,N/A,N/A,N/A,N/A,N/A,N/A,N/A,N/A,N/A,N/A,N/A,N/A,N/A
Cement and concrete,Ready-mix,"Ready-mixed concrete, Canada, Alberta, 40 MPa, w/ AEAs",N/A,N/A,#VALUE!,High-80th%,N/A,N/A,N/A,N/A,N/A,N/A,N/A,N/A,N/A,N/A,N/A,N/A,999,Placeholder,d_truck,Concrete,3,No,No,No,No,N/A,N/A,N/A,N/A,N/A,N/A,N/A,N/A,N/A,N/A,N/A,N/A,N/A,N/A,N/A,40,N/A,N/A,N/A,N/A,N/A,N/A,N/A,N/A,N/A,N/A,N/A,N/A,N/A,N/A,N/A,No,N/A,N/A,N/A,N/A,N/A,N/A,N/A,N/A,N/A,N/A,N/A,N/A,N/A,N/A,N/A,N/A,N/A
Cement and concrete,Ready-mix,"Ready-mixed concrete, Canada, Alberta, 40 MPa, w/ AEAs",N/A,N/A,#VALUE!,Low-20th%,N/A,N/A,N/A,N/A,N/A,N/A,N/A,N/A,N/A,N/A,N/A,N/A,999,Placeholder,d_truck,Concrete,3,No,No,No,No,N/A,N/A,N/A,N/A,N/A,N/A,N/A,N/A,N/A,N/A,N/A,N/A,N/A,N/A,N/A,40,N/A,N/A,N/A,N/A,N/A,N/A,N/A,N/A,N/A,N/A,N/A,N/A,N/A,N/A,N/A,No,N/A,N/A,N/A,N/A,N/A,N/A,N/A,N/A,N/A,N/A,N/A,N/A,N/A,N/A,N/A,N/A,N/A
Cement and concrete,Ready-mix,"Ready-mixed concrete, Canada, Alberta, 40 MPa, w/o AEAs",CLF 2025 Material Baselines,https://pcr-epd.s3.us-east-2.amazonaws.com/809.CRMCA_EPD_Alberta.pdf,0.998948475,Baseline,418,1,m3,Industry,single,industry data,"Alberta ready-mixed concrete industry-average EPD (Concrete Alberta, 2022) ",Concrete Alberta. (2022). Concrete Alberta member industry-wide EPD for ready-mixed concrete. ASTM International.,FALSE,Canada Alberta,2400,kg/m3,999,Placeholder,d_truck,Concrete,3,No,No,No,No,N/A,N/A,N/A,N/A,N/A,N/A,N/A,N/A,N/A,N/A,N/A,N/A,N/A,N/A,N/A,40,N/A,N/A,N/A,N/A,N/A,N/A,418,N/A,N/A,N/A,1.6682439537329100,0.6992639327024180,0.0000120872765510,31.1572029442692000,1540.8880126183000000,No,N/A,N/A,N/A,N/A,N/A,N/A,N/A,N/A,N/A,N/A,N/A,N/A,N/A,N/A,N/A,N/A,N/A
Cement and concrete,Ready-mix,"Ready-mixed concrete, Canada, Alberta, 40 MPa, w/o AEAs",N/A,N/A,#VALUE!,High-80th%,N/A,N/A,N/A,N/A,N/A,N/A,N/A,N/A,N/A,N/A,N/A,N/A,999,Placeholder,d_truck,Concrete,3,No,No,No,No,N/A,N/A,N/A,N/A,N/A,N/A,N/A,N/A,N/A,N/A,N/A,N/A,N/A,N/A,N/A,40,N/A,N/A,N/A,N/A,N/A,N/A,N/A,N/A,N/A,N/A,N/A,N/A,N/A,N/A,N/A,No,N/A,N/A,N/A,N/A,N/A,N/A,N/A,N/A,N/A,N/A,N/A,N/A,N/A,N/A,N/A,N/A,N/A
Cement and concrete,Ready-mix,"Ready-mixed concrete, Canada, Alberta, 40 MPa, w/o AEAs",N/A,N/A,#VALUE!,Low-20th%,N/A,N/A,N/A,N/A,N/A,N/A,N/A,N/A,N/A,N/A,N/A,N/A,999,Placeholder,d_truck,Concrete,3,No,No,No,No,N/A,N/A,N/A,N/A,N/A,N/A,N/A,N/A,N/A,N/A,N/A,N/A,N/A,N/A,N/A,40,N/A,N/A,N/A,N/A,N/A,N/A,N/A,N/A,N/A,N/A,N/A,N/A,N/A,N/A,N/A,No,N/A,N/A,N/A,N/A,N/A,N/A,N/A,N/A,N/A,N/A,N/A,N/A,N/A,N/A,N/A,N/A,N/A
Cement and concrete,Ready-mix,"Ready-mixed concrete, Canada, Alberta, 45 MPa, w/ AEAs",CLF 2025 Material Baselines,https://pcr-epd.s3.us-east-2.amazonaws.com/809.CRMCA_EPD_Alberta.pdf,1.000731718,Baseline,465,1,m3,Industry,single,industry data,"Alberta ready-mixed concrete industry-average EPD (Concrete Alberta, 2022) ",Concrete Alberta. (2022). Concrete Alberta member industry-wide EPD for ready-mixed concrete. ASTM International.,FALSE,Canada Alberta,2400,kg/m3,999,Placeholder,d_truck,Concrete,3,No,No,No,No,N/A,N/A,N/A,N/A,N/A,N/A,N/A,N/A,N/A,N/A,N/A,N/A,N/A,N/A,N/A,45,N/A,N/A,N/A,N/A,N/A,N/A,465,N/A,N/A,N/A,1.8213317264236200,0.7605561055395340,0.0000134098050187,33.8647613308656000,1679.5780785951000000,No,N/A,N/A,N/A,N/A,N/A,N/A,N/A,N/A,N/A,N/A,N/A,N/A,N/A,N/A,N/A,N/A,N/A
Cement and concrete,Ready-mix,"Ready-mixed concrete, Canada, Alberta, 45 MPa, w/ AEAs",N/A,N/A,#VALUE!,High-80th%,N/A,N/A,N/A,N/A,N/A,N/A,N/A,N/A,N/A,N/A,N/A,N/A,999,Placeholder,d_truck,Concrete,3,No,No,No,No,N/A,N/A,N/A,N/A,N/A,N/A,N/A,N/A,N/A,N/A,N/A,N/A,N/A,N/A,N/A,45,N/A,N/A,N/A,N/A,N/A,N/A,N/A,N/A,N/A,N/A,N/A,N/A,N/A,N/A,N/A,No,N/A,N/A,N/A,N/A,N/A,N/A,N/A,N/A,N/A,N/A,N/A,N/A,N/A,N/A,N/A,N/A,N/A
Cement and concrete,Ready-mix,"Ready-mixed concrete, Canada, Alberta, 45 MPa, w/ AEAs",N/A,N/A,#VALUE!,Low-20th%,N/A,N/A,N/A,N/A,N/A,N/A,N/A,N/A,N/A,N/A,N/A,N/A,999,Placeholder,d_truck,Concrete,3,No,No,No,No,N/A,N/A,N/A,N/A,N/A,N/A,N/A,N/A,N/A,N/A,N/A,N/A,N/A,N/A,N/A,45,N/A,N/A,N/A,N/A,N/A,N/A,N/A,N/A,N/A,N/A,N/A,N/A,N/A,N/A,N/A,No,N/A,N/A,N/A,N/A,N/A,N/A,N/A,N/A,N/A,N/A,N/A,N/A,N/A,N/A,N/A,N/A,N/A
Cement and concrete,Ready-mix,"Ready-mixed concrete, Canada, Alberta, 50 MPa, w/ AEAs",CLF 2025 Material Baselines,https://pcr-epd.s3.us-east-2.amazonaws.com/809.CRMCA_EPD_Alberta.pdf,0.999406091,Baseline,488,1,m3,Industry,single,industry data,"Alberta ready-mixed concrete industry-average EPD (Concrete Alberta, 2022) ",Concrete Alberta. (2022). Concrete Alberta member industry-wide EPD for ready-mixed concrete. ASTM International.,FALSE,Canada Alberta,2400,kg/m3,999,Placeholder,d_truck,Concrete,3,No,No,No,No,N/A,N/A,N/A,N/A,N/A,N/A,N/A,N/A,N/A,N/A,N/A,N/A,N/A,N/A,N/A,50,N/A,N/A,N/A,N/A,N/A,N/A,488,N/A,N/A,N/A,1.9088656331278500,0.8095189334207130,0.0000141915664871,35.4389399741957000,1727.5134039198000000,No,N/A,N/A,N/A,N/A,N/A,N/A,N/A,N/A,N/A,N/A,N/A,N/A,N/A,N/A,N/A,N/A,N/A
Cement and concrete,Ready-mix,"Ready-mixed concrete, Canada, Alberta, 50 MPa, w/ AEAs",N/A,N/A,#VALUE!,High-80th%,N/A,N/A,N/A,N/A,N/A,N/A,N/A,N/A,N/A,N/A,N/A,N/A,999,Placeholder,d_truck,Concrete,3,No,No,No,No,N/A,N/A,N/A,N/A,N/A,N/A,N/A,N/A,N/A,N/A,N/A,N/A,N/A,N/A,N/A,50,N/A,N/A,N/A,N/A,N/A,N/A,N/A,N/A,N/A,N/A,N/A,N/A,N/A,N/A,N/A,No,N/A,N/A,N/A,N/A,N/A,N/A,N/A,N/A,N/A,N/A,N/A,N/A,N/A,N/A,N/A,N/A,N/A
Cement and concrete,Ready-mix,"Ready-mixed concrete, Canada, Alberta, 50 MPa, w/ AEAs",N/A,N/A,#VALUE!,Low-20th%,N/A,N/A,N/A,N/A,N/A,N/A,N/A,N/A,N/A,N/A,N/A,N/A,999,Placeholder,d_truck,Concrete,3,No,No,No,No,N/A,N/A,N/A,N/A,N/A,N/A,N/A,N/A,N/A,N/A,N/A,N/A,N/A,N/A,N/A,50,N/A,N/A,N/A,N/A,N/A,N/A,N/A,N/A,N/A,N/A,N/A,N/A,N/A,N/A,N/A,No,N/A,N/A,N/A,N/A,N/A,N/A,N/A,N/A,N/A,N/A,N/A,N/A,N/A,N/A,N/A,N/A,N/A
Cement and concrete,Ready-mix,"Ready-mixed concrete, Canada, Alberta, 50 MPa, w/o AEAs",CLF 2025 Material Baselines,https://pcr-epd.s3.us-east-2.amazonaws.com/809.CRMCA_EPD_Alberta.pdf,0.999105945,Baseline,447,1,m3,Industry,single,industry data,"Alberta ready-mixed concrete industry-average EPD (Concrete Alberta, 2022) ",Concrete Alberta. (2022). Concrete Alberta member industry-wide EPD for ready-mixed concrete. ASTM International.,FALSE,Canada Alberta,2400,kg/m3,999,Placeholder,d_truck,Concrete,3,No,No,No,No,N/A,N/A,N/A,N/A,N/A,N/A,N/A,N/A,N/A,N/A,N/A,N/A,N/A,N/A,N/A,50,N/A,N/A,N/A,N/A,N/A,N/A,447,N/A,N/A,N/A,1.7684175234689300,0.7393383996423780,0.0000129883772910,32.9605051408136000,1620.7296826106400000,No,N/A,N/A,N/A,N/A,N/A,N/A,N/A,N/A,N/A,N/A,N/A,N/A,N/A,N/A,N/A,N/A,N/A
Cement and concrete,Ready-mix,"Ready-mixed concrete, Canada, Alberta, 50 MPa, w/o AEAs",N/A,N/A,#VALUE!,High-80th%,N/A,N/A,N/A,N/A,N/A,N/A,N/A,N/A,N/A,N/A,N/A,N/A,999,Placeholder,d_truck,Concrete,3,No,No,No,No,N/A,N/A,N/A,N/A,N/A,N/A,N/A,N/A,N/A,N/A,N/A,N/A,N/A,N/A,N/A,50,N/A,N/A,N/A,N/A,N/A,N/A,N/A,N/A,N/A,N/A,N/A,N/A,N/A,N/A,N/A,No,N/A,N/A,N/A,N/A,N/A,N/A,N/A,N/A,N/A,N/A,N/A,N/A,N/A,N/A,N/A,N/A,N/A
Cement and concrete,Ready-mix,"Ready-mixed concrete, Canada, Alberta, 50 MPa, w/o AEAs",N/A,N/A,#VALUE!,Low-20th%,N/A,N/A,N/A,N/A,N/A,N/A,N/A,N/A,N/A,N/A,N/A,N/A,999,Placeholder,d_truck,Concrete,3,No,No,No,No,N/A,N/A,N/A,N/A,N/A,N/A,N/A,N/A,N/A,N/A,N/A,N/A,N/A,N/A,N/A,50,N/A,N/A,N/A,N/A,N/A,N/A,N/A,N/A,N/A,N/A,N/A,N/A,N/A,N/A,N/A,No,N/A,N/A,N/A,N/A,N/A,N/A,N/A,N/A,N/A,N/A,N/A,N/A,N/A,N/A,N/A,N/A,N/A
Cement and concrete,Ready-mix,"Ready-mixed concrete, Canada, Alberta, 55 MPa, w/ AEAs",CLF 2025 Material Baselines,https://pcr-epd.s3.us-east-2.amazonaws.com/809.CRMCA_EPD_Alberta.pdf,0.999420936,Baseline,466,1,m3,Industry,single,industry data,"Alberta ready-mixed concrete industry-average EPD (Concrete Alberta, 2022) ",Concrete Alberta. (2022). Concrete Alberta member industry-wide EPD for ready-mixed concrete. ASTM International.,FALSE,Canada Alberta,2400,kg/m3,999,Placeholder,d_truck,Concrete,3,No,No,No,No,N/A,N/A,N/A,N/A,N/A,N/A,N/A,N/A,N/A,N/A,N/A,N/A,N/A,N/A,N/A,55,N/A,N/A,N/A,N/A,N/A,N/A,466,N/A,N/A,N/A,1.8289403135522300,0.7595599116391790,0.0000134921826410,34.0302828833080000,1677.5880069487600000,No,N/A,N/A,N/A,N/A,N/A,N/A,N/A,N/A,N/A,N/A,N/A,N/A,N/A,N/A,N/A,N/A,N/A
Cement and concrete,Ready-mix,"Ready-mixed concrete, Canada, Alberta, 55 MPa, w/ AEAs",N/A,N/A,#VALUE!,High-80th%,N/A,N/A,N/A,N/A,N/A,N/A,N/A,N/A,N/A,N/A,N/A,N/A,999,Placeholder,d_truck,Concrete,3,No,No,No,No,N/A,N/A,N/A,N/A,N/A,N/A,N/A,N/A,N/A,N/A,N/A,N/A,N/A,N/A,N/A,55,N/A,N/A,N/A,N/A,N/A,N/A,N/A,N/A,N/A,N/A,N/A,N/A,N/A,N/A,N/A,No,N/A,N/A,N/A,N/A,N/A,N/A,N/A,N/A,N/A,N/A,N/A,N/A,N/A,N/A,N/A,N/A,N/A
Cement and concrete,Ready-mix,"Ready-mixed concrete, Canada, Alberta, 55 MPa, w/ AEAs",N/A,N/A,#VALUE!,Low-20th%,N/A,N/A,N/A,N/A,N/A,N/A,N/A,N/A,N/A,N/A,N/A,N/A,999,Placeholder,d_truck,Concrete,3,No,No,No,No,N/A,N/A,N/A,N/A,N/A,N/A,N/A,N/A,N/A,N/A,N/A,N/A,N/A,N/A,N/A,55,N/A,N/A,N/A,N/A,N/A,N/A,N/A,N/A,N/A,N/A,N/A,N/A,N/A,N/A,N/A,No,N/A,N/A,N/A,N/A,N/A,N/A,N/A,N/A,N/A,N/A,N/A,N/A,N/A,N/A,N/A,N/A,N/A
Cement and concrete,Ready-mix,"Ready-mixed concrete, Canada, Saskatchewan, 25 MPa, w/ AEAs",CLF 2025 Material Baselines,https://pcr-epd.s3.us-east-2.amazonaws.com/815.CRMCA_EPD_Saskatchewan.pdf,1.000543426,Baseline,313,1,m3,Industry,single,industry data,"Saskatchewan ready-mixed concrete industry-average EPD (Concrete Saskatchewan, 2022) ",Concrete Saskatchewan. (2022). Member industry-wide EPD for ready-mixed concrete. ASTM International.,FALSE,Canada Saskatchewan,2400,kg/m3,999,Placeholder,d_truck,Concrete,3,No,No,No,No,N/A,N/A,N/A,N/A,N/A,N/A,N/A,N/A,N/A,N/A,N/A,N/A,N/A,N/A,N/A,25,N/A,N/A,N/A,N/A,N/A,N/A,313,N/A,N/A,N/A,1.8109836013170100,0.4702554102867370,0.0000069937985487,35.2391394687210000,1628.2643608349600000,No,N/A,N/A,N/A,N/A,N/A,N/A,N/A,N/A,N/A,N/A,N/A,N/A,N/A,N/A,N/A,N/A,N/A
Cement and concrete,Ready-mix,"Ready-mixed concrete, Canada, Saskatchewan, 25 MPa, w/ AEAs",N/A,N/A,#VALUE!,High-80th%,N/A,N/A,N/A,N/A,N/A,N/A,N/A,N/A,N/A,N/A,N/A,N/A,999,Placeholder,d_truck,Concrete,3,No,No,No,No,N/A,N/A,N/A,N/A,N/A,N/A,N/A,N/A,N/A,N/A,N/A,N/A,N/A,N/A,N/A,25,N/A,N/A,N/A,N/A,N/A,N/A,N/A,N/A,N/A,N/A,N/A,N/A,N/A,N/A,N/A,No,N/A,N/A,N/A,N/A,N/A,N/A,N/A,N/A,N/A,N/A,N/A,N/A,N/A,N/A,N/A,N/A,N/A
Cement and concrete,Ready-mix,"Ready-mixed concrete, Canada, Saskatchewan, 25 MPa, w/ AEAs",N/A,N/A,#VALUE!,Low-20th%,N/A,N/A,N/A,N/A,N/A,N/A,N/A,N/A,N/A,N/A,N/A,N/A,999,Placeholder,d_truck,Concrete,3,No,No,No,No,N/A,N/A,N/A,N/A,N/A,N/A,N/A,N/A,N/A,N/A,N/A,N/A,N/A,N/A,N/A,25,N/A,N/A,N/A,N/A,N/A,N/A,N/A,N/A,N/A,N/A,N/A,N/A,N/A,N/A,N/A,No,N/A,N/A,N/A,N/A,N/A,N/A,N/A,N/A,N/A,N/A,N/A,N/A,N/A,N/A,N/A,N/A,N/A
Cement and concrete,Ready-mix,"Ready-mixed concrete, Canada, Saskatchewan, 25 MPa, w/o AEAs",CLF 2025 Material Baselines,https://pcr-epd.s3.us-east-2.amazonaws.com/815.CRMCA_EPD_Saskatchewan.pdf,0.999797338,Baseline,296,1,m3,Industry,single,industry data,"Saskatchewan ready-mixed concrete industry-average EPD (Concrete Saskatchewan, 2022) ",Concrete Saskatchewan. (2022). Member industry-wide EPD for ready-mixed concrete. ASTM International.,FALSE,Canada Saskatchewan,2400,kg/m3,999,Placeholder,d_truck,Concrete,3,No,No,No,No,N/A,N/A,N/A,N/A,N/A,N/A,N/A,N/A,N/A,N/A,N/A,N/A,N/A,N/A,N/A,25,N/A,N/A,N/A,N/A,N/A,N/A,296,N/A,N/A,N/A,1.7296493953928300,0.4499088022698100,0.0000065886644599,33.6931703033169000,1564.8328041613200000,No,N/A,N/A,N/A,N/A,N/A,N/A,N/A,N/A,N/A,N/A,N/A,N/A,N/A,N/A,N/A,N/A,N/A
Cement and concrete,Ready-mix,"Ready-mixed concrete, Canada, Saskatchewan, 25 MPa, w/o AEAs",N/A,N/A,#VALUE!,High-80th%,N/A,N/A,N/A,N/A,N/A,N/A,N/A,N/A,N/A,N/A,N/A,N/A,999,Placeholder,d_truck,Concrete,3,No,No,No,No,N/A,N/A,N/A,N/A,N/A,N/A,N/A,N/A,N/A,N/A,N/A,N/A,N/A,N/A,N/A,25,N/A,N/A,N/A,N/A,N/A,N/A,N/A,N/A,N/A,N/A,N/A,N/A,N/A,N/A,N/A,No,N/A,N/A,N/A,N/A,N/A,N/A,N/A,N/A,N/A,N/A,N/A,N/A,N/A,N/A,N/A,N/A,N/A
Cement and concrete,Ready-mix,"Ready-mixed concrete, Canada, Saskatchewan, 25 MPa, w/o AEAs",N/A,N/A,#VALUE!,Low-20th%,N/A,N/A,N/A,N/A,N/A,N/A,N/A,N/A,N/A,N/A,N/A,N/A,999,Placeholder,d_truck,Concrete,3,No,No,No,No,N/A,N/A,N/A,N/A,N/A,N/A,N/A,N/A,N/A,N/A,N/A,N/A,N/A,N/A,N/A,25,N/A,N/A,N/A,N/A,N/A,N/A,N/A,N/A,N/A,N/A,N/A,N/A,N/A,N/A,N/A,No,N/A,N/A,N/A,N/A,N/A,N/A,N/A,N/A,N/A,N/A,N/A,N/A,N/A,N/A,N/A,N/A,N/A
Cement and concrete,Ready-mix,"Ready-mixed concrete, Canada, Saskatchewan, 30 MPa, w/ AEAs",CLF 2025 Material Baselines,https://pcr-epd.s3.us-east-2.amazonaws.com/815.CRMCA_EPD_Saskatchewan.pdf,0.999508912,Baseline,346,1,m3,Industry,single,industry data,"Saskatchewan ready-mixed concrete industry-average EPD (Concrete Saskatchewan, 2022) ",Concrete Saskatchewan. (2022). Member industry-wide EPD for ready-mixed concrete. ASTM International.,FALSE,Canada Saskatchewan,2400,kg/m3,999,Placeholder,d_truck,Concrete,3,No,No,No,No,N/A,N/A,N/A,N/A,N/A,N/A,N/A,N/A,N/A,N/A,N/A,N/A,N/A,N/A,N/A,30,N/A,N/A,N/A,N/A,N/A,N/A,346,N/A,N/A,N/A,1.9790276453765500,0.5097495450212320,0.0000077861744230,38.3011815004189000,1739.9551087615900000,No,N/A,N/A,N/A,N/A,N/A,N/A,N/A,N/A,N/A,N/A,N/A,N/A,N/A,N/A,N/A,N/A,N/A
Cement and concrete,Ready-mix,"Ready-mixed concrete, Canada, Saskatchewan, 30 MPa, w/ AEAs",N/A,N/A,#VALUE!,High-80th%,N/A,N/A,N/A,N/A,N/A,N/A,N/A,N/A,N/A,N/A,N/A,N/A,999,Placeholder,d_truck,Concrete,3,No,No,No,No,N/A,N/A,N/A,N/A,N/A,N/A,N/A,N/A,N/A,N/A,N/A,N/A,N/A,N/A,N/A,30,N/A,N/A,N/A,N/A,N/A,N/A,N/A,N/A,N/A,N/A,N/A,N/A,N/A,N/A,N/A,No,N/A,N/A,N/A,N/A,N/A,N/A,N/A,N/A,N/A,N/A,N/A,N/A,N/A,N/A,N/A,N/A,N/A
Cement and concrete,Ready-mix,"Ready-mixed concrete, Canada, Saskatchewan, 30 MPa, w/ AEAs",N/A,N/A,#VALUE!,Low-20th%,N/A,N/A,N/A,N/A,N/A,N/A,N/A,N/A,N/A,N/A,N/A,N/A,999,Placeholder,d_truck,Concrete,3,No,No,No,No,N/A,N/A,N/A,N/A,N/A,N/A,N/A,N/A,N/A,N/A,N/A,N/A,N/A,N/A,N/A,30,N/A,N/A,N/A,N/A,N/A,N/A,N/A,N/A,N/A,N/A,N/A,N/A,N/A,N/A,N/A,No,N/A,N/A,N/A,N/A,N/A,N/A,N/A,N/A,N/A,N/A,N/A,N/A,N/A,N/A,N/A,N/A,N/A
Cement and concrete,Ready-mix,"Ready-mixed concrete, Canada, Saskatchewan, 30 MPa, w/o AEAs",CLF 2025 Material Baselines,https://pcr-epd.s3.us-east-2.amazonaws.com/815.CRMCA_EPD_Saskatchewan.pdf,0.998771228,Baseline,317,1,m3,Industry,single,industry data,"Saskatchewan ready-mixed concrete industry-average EPD (Concrete Saskatchewan, 2022) ",Concrete Saskatchewan. (2022). Member industry-wide EPD for ready-mixed concrete. ASTM International.,FALSE,Canada Saskatchewan,2400,kg/m3,999,Placeholder,d_truck,Concrete,3,No,No,No,No,N/A,N/A,N/A,N/A,N/A,N/A,N/A,N/A,N/A,N/A,N/A,N/A,N/A,N/A,N/A,30,N/A,N/A,N/A,N/A,N/A,N/A,317,N/A,N/A,N/A,1.8377390592016100,0.4794101893569430,0.0000070912757176,1.8277513469233400,1638.1346293203900000,No,N/A,N/A,N/A,N/A,N/A,N/A,N/A,N/A,N/A,N/A,N/A,N/A,N/A,N/A,N/A,N/A,N/A
Cement and concrete,Ready-mix,"Ready-mixed concrete, Canada, Saskatchewan, 30 MPa, w/o AEAs",N/A,N/A,#VALUE!,High-80th%,N/A,N/A,N/A,N/A,N/A,N/A,N/A,N/A,N/A,N/A,N/A,N/A,999,Placeholder,d_truck,Concrete,3,No,No,No,No,N/A,N/A,N/A,N/A,N/A,N/A,N/A,N/A,N/A,N/A,N/A,N/A,N/A,N/A,N/A,30,N/A,N/A,N/A,N/A,N/A,N/A,N/A,N/A,N/A,N/A,N/A,N/A,N/A,N/A,N/A,No,N/A,N/A,N/A,N/A,N/A,N/A,N/A,N/A,N/A,N/A,N/A,N/A,N/A,N/A,N/A,N/A,N/A
Cement and concrete,Ready-mix,"Ready-mixed concrete, Canada, Saskatchewan, 30 MPa, w/o AEAs",N/A,N/A,#VALUE!,Low-20th%,N/A,N/A,N/A,N/A,N/A,N/A,N/A,N/A,N/A,N/A,N/A,N/A,999,Placeholder,d_truck,Concrete,3,No,No,No,No,N/A,N/A,N/A,N/A,N/A,N/A,N/A,N/A,N/A,N/A,N/A,N/A,N/A,N/A,N/A,30,N/A,N/A,N/A,N/A,N/A,N/A,N/A,N/A,N/A,N/A,N/A,N/A,N/A,N/A,N/A,No,N/A,N/A,N/A,N/A,N/A,N/A,N/A,N/A,N/A,N/A,N/A,N/A,N/A,N/A,N/A,N/A,N/A
Cement and concrete,Ready-mix,"Ready-mixed concrete, Canada, Saskatchewan, 32 MPa, w/ AEAs",CLF 2025 Material Baselines,https://pcr-epd.s3.us-east-2.amazonaws.com/815.CRMCA_EPD_Saskatchewan.pdf,1.001185615,Baseline,380,1,m3,Industry,single,industry data,"Saskatchewan ready-mixed concrete industry-average EPD (Concrete Saskatchewan, 2022) ",Concrete Saskatchewan. (2022). Member industry-wide EPD for ready-mixed concrete. ASTM International.,FALSE,Canada Saskatchewan,2400,kg/m3,999,Placeholder,d_truck,Concrete,3,No,No,No,No,N/A,N/A,N/A,N/A,N/A,N/A,N/A,N/A,N/A,N/A,N/A,N/A,N/A,N/A,N/A,32,N/A,N/A,N/A,N/A,N/A,N/A,380,N/A,N/A,N/A,2.1425372151231700,0.5606639441443810,0.0000086001844289,41.5191674351205000,1856.1280463707000000,No,N/A,N/A,N/A,N/A,N/A,N/A,N/A,N/A,N/A,N/A,N/A,N/A,N/A,N/A,N/A,N/A,N/A
Cement and concrete,Ready-mix,"Ready-mixed concrete, Canada, Saskatchewan, 32 MPa, w/ AEAs",N/A,N/A,#VALUE!,High-80th%,N/A,N/A,N/A,N/A,N/A,N/A,N/A,N/A,N/A,N/A,N/A,N/A,999,Placeholder,d_truck,Concrete,3,No,No,No,No,N/A,N/A,N/A,N/A,N/A,N/A,N/A,N/A,N/A,N/A,N/A,N/A,N/A,N/A,N/A,32,N/A,N/A,N/A,N/A,N/A,N/A,N/A,N/A,N/A,N/A,N/A,N/A,N/A,N/A,N/A,No,N/A,N/A,N/A,N/A,N/A,N/A,N/A,N/A,N/A,N/A,N/A,N/A,N/A,N/A,N/A,N/A,N/A
Cement and concrete,Ready-mix,"Ready-mixed concrete, Canada, Saskatchewan, 32 MPa, w/ AEAs",N/A,N/A,#VALUE!,Low-20th%,N/A,N/A,N/A,N/A,N/A,N/A,N/A,N/A,N/A,N/A,N/A,N/A,999,Placeholder,d_truck,Concrete,3,No,No,No,No,N/A,N/A,N/A,N/A,N/A,N/A,N/A,N/A,N/A,N/A,N/A,N/A,N/A,N/A,N/A,32,N/A,N/A,N/A,N/A,N/A,N/A,N/A,N/A,N/A,N/A,N/A,N/A,N/A,N/A,N/A,No,N/A,N/A,N/A,N/A,N/A,N/A,N/A,N/A,N/A,N/A,N/A,N/A,N/A,N/A,N/A,N/A,N/A
Cement and concrete,Ready-mix,"Ready-mixed concrete, Canada, Saskatchewan, 32 MPa, w/o AEAs",CLF 2025 Material Baselines,https://pcr-epd.s3.us-east-2.amazonaws.com/815.CRMCA_EPD_Saskatchewan.pdf,0.999201821,Baseline,338,1,m3,Industry,single,industry data,"Saskatchewan ready-mixed concrete industry-average EPD (Concrete Saskatchewan, 2022) ",Concrete Saskatchewan. (2022). Member industry-wide EPD for ready-mixed concrete. ASTM International.,FALSE,Canada Saskatchewan,2400,kg/m3,999,Placeholder,d_truck,Concrete,3,No,No,No,No,N/A,N/A,N/A,N/A,N/A,N/A,N/A,N/A,N/A,N/A,N/A,N/A,N/A,N/A,N/A,32,N/A,N/A,N/A,N/A,N/A,N/A,338,N/A,N/A,N/A,1.9384515327992400,0.5095929287255740,0.0000075939338398,37.6499246164307000,1715.0200135986000000,No,N/A,N/A,N/A,N/A,N/A,N/A,N/A,N/A,N/A,N/A,N/A,N/A,N/A,N/A,N/A,N/A,N/A
Cement and concrete,Ready-mix,"Ready-mixed concrete, Canada, Saskatchewan, 32 MPa, w/o AEAs",N/A,N/A,#VALUE!,High-80th%,N/A,N/A,N/A,N/A,N/A,N/A,N/A,N/A,N/A,N/A,N/A,N/A,999,Placeholder,d_truck,Concrete,3,No,No,No,No,N/A,N/A,N/A,N/A,N/A,N/A,N/A,N/A,N/A,N/A,N/A,N/A,N/A,N/A,N/A,32,N/A,N/A,N/A,N/A,N/A,N/A,N/A,N/A,N/A,N/A,N/A,N/A,N/A,N/A,N/A,No,N/A,N/A,N/A,N/A,N/A,N/A,N/A,N/A,N/A,N/A,N/A,N/A,N/A,N/A,N/A,N/A,N/A
Cement and concrete,Ready-mix,"Ready-mixed concrete, Canada, Saskatchewan, 32 MPa, w/o AEAs",N/A,N/A,#VALUE!,Low-20th%,N/A,N/A,N/A,N/A,N/A,N/A,N/A,N/A,N/A,N/A,N/A,N/A,999,Placeholder,d_truck,Concrete,3,No,No,No,No,N/A,N/A,N/A,N/A,N/A,N/A,N/A,N/A,N/A,N/A,N/A,N/A,N/A,N/A,N/A,32,N/A,N/A,N/A,N/A,N/A,N/A,N/A,N/A,N/A,N/A,N/A,N/A,N/A,N/A,N/A,No,N/A,N/A,N/A,N/A,N/A,N/A,N/A,N/A,N/A,N/A,N/A,N/A,N/A,N/A,N/A,N/A,N/A
Cement and concrete,Ready-mix,"Ready-mixed concrete, Canada, Saskatchewan, 35 MPa, w/ AEAs",CLF 2025 Material Baselines,https://pcr-epd.s3.us-east-2.amazonaws.com/815.CRMCA_EPD_Saskatchewan.pdf,0.999496656,Baseline,417,1,m3,Industry,single,industry data,"Saskatchewan ready-mixed concrete industry-average EPD (Concrete Saskatchewan, 2022) ",Concrete Saskatchewan. (2022). Member industry-wide EPD for ready-mixed concrete. ASTM International.,FALSE,Canada Saskatchewan,2400,kg/m3,999,Placeholder,d_truck,Concrete,3,No,No,No,No,N/A,N/A,N/A,N/A,N/A,N/A,N/A,N/A,N/A,N/A,N/A,N/A,N/A,N/A,N/A,35,N/A,N/A,N/A,N/A,N/A,N/A,417,N/A,N/A,N/A,2.3288272093190500,0.5996979938160640,0.0000094852232689,44.9873445027684000,1973.7160422808700000,No,N/A,N/A,N/A,N/A,N/A,N/A,N/A,N/A,N/A,N/A,N/A,N/A,N/A,N/A,N/A,N/A,N/A
Cement and concrete,Ready-mix,"Ready-mixed concrete, Canada, Saskatchewan, 35 MPa, w/ AEAs",N/A,N/A,#VALUE!,High-80th%,N/A,N/A,N/A,N/A,N/A,N/A,N/A,N/A,N/A,N/A,N/A,N/A,999,Placeholder,d_truck,Concrete,3,No,No,No,No,N/A,N/A,N/A,N/A,N/A,N/A,N/A,N/A,N/A,N/A,N/A,N/A,N/A,N/A,N/A,35,N/A,N/A,N/A,N/A,N/A,N/A,N/A,N/A,N/A,N/A,N/A,N/A,N/A,N/A,N/A,No,N/A,N/A,N/A,N/A,N/A,N/A,N/A,N/A,N/A,N/A,N/A,N/A,N/A,N/A,N/A,N/A,N/A
Cement and concrete,Ready-mix,"Ready-mixed concrete, Canada, Saskatchewan, 35 MPa, w/ AEAs",N/A,N/A,#VALUE!,Low-20th%,N/A,N/A,N/A,N/A,N/A,N/A,N/A,N/A,N/A,N/A,N/A,N/A,999,Placeholder,d_truck,Concrete,3,No,No,No,No,N/A,N/A,N/A,N/A,N/A,N/A,N/A,N/A,N/A,N/A,N/A,N/A,N/A,N/A,N/A,35,N/A,N/A,N/A,N/A,N/A,N/A,N/A,N/A,N/A,N/A,N/A,N/A,N/A,N/A,N/A,No,N/A,N/A,N/A,N/A,N/A,N/A,N/A,N/A,N/A,N/A,N/A,N/A,N/A,N/A,N/A,N/A,N/A
Cement and concrete,Ready-mix,"Ready-mixed concrete, Canada, Saskatchewan, 35 MPa, w/o AEAs",CLF 2025 Material Baselines,https://pcr-epd.s3.us-east-2.amazonaws.com/815.CRMCA_EPD_Saskatchewan.pdf,0.998800324,Baseline,358,1,m3,Industry,single,industry data,"Saskatchewan ready-mixed concrete industry-average EPD (Concrete Saskatchewan, 2022) ",Concrete Saskatchewan. (2022). Member industry-wide EPD for ready-mixed concrete. ASTM International.,FALSE,Canada Saskatchewan,2400,kg/m3,999,Placeholder,d_truck,Concrete,3,No,No,No,No,N/A,N/A,N/A,N/A,N/A,N/A,N/A,N/A,N/A,N/A,N/A,N/A,N/A,N/A,N/A,35,N/A,N/A,N/A,N/A,N/A,N/A,358,N/A,N/A,N/A,2.0375526602125900,0.5293641715258210,0.0000080902826214,39.6124208353095000,1767.1674246017400000,No,N/A,N/A,N/A,N/A,N/A,N/A,N/A,N/A,N/A,N/A,N/A,N/A,N/A,N/A,N/A,N/A,N/A
Cement and concrete,Ready-mix,"Ready-mixed concrete, Canada, Saskatchewan, 35 MPa, w/o AEAs",N/A,N/A,#VALUE!,High-80th%,N/A,N/A,N/A,N/A,N/A,N/A,N/A,N/A,N/A,N/A,N/A,N/A,999,Placeholder,d_truck,Concrete,3,No,No,No,No,N/A,N/A,N/A,N/A,N/A,N/A,N/A,N/A,N/A,N/A,N/A,N/A,N/A,N/A,N/A,35,N/A,N/A,N/A,N/A,N/A,N/A,N/A,N/A,N/A,N/A,N/A,N/A,N/A,N/A,N/A,No,N/A,N/A,N/A,N/A,N/A,N/A,N/A,N/A,N/A,N/A,N/A,N/A,N/A,N/A,N/A,N/A,N/A
Cement and concrete,Ready-mix,"Ready-mixed concrete, Canada, Saskatchewan, 35 MPa, w/o AEAs",N/A,N/A,#VALUE!,Low-20th%,N/A,N/A,N/A,N/A,N/A,N/A,N/A,N/A,N/A,N/A,N/A,N/A,999,Placeholder,d_truck,Concrete,3,No,No,No,No,N/A,N/A,N/A,N/A,N/A,N/A,N/A,N/A,N/A,N/A,N/A,N/A,N/A,N/A,N/A,35,N/A,N/A,N/A,N/A,N/A,N/A,N/A,N/A,N/A,N/A,N/A,N/A,N/A,N/A,N/A,No,N/A,N/A,N/A,N/A,N/A,N/A,N/A,N/A,N/A,N/A,N/A,N/A,N/A,N/A,N/A,N/A,N/A
Cement and concrete,Ready-mix,"Ready-mixed concrete, Canada, Saskatchewan, 40 MPa, w/ AEAs",CLF 2025 Material Baselines,https://pcr-epd.s3.us-east-2.amazonaws.com/815.CRMCA_EPD_Saskatchewan.pdf,1.000973798,Baseline,442,1,m3,Industry,single,industry data,"Saskatchewan ready-mixed concrete industry-average EPD (Concrete Saskatchewan, 2022) ",Concrete Saskatchewan. (2022). Member industry-wide EPD for ready-mixed concrete. ASTM International.,FALSE,Canada Saskatchewan,2400,kg/m3,999,Placeholder,d_truck,Concrete,3,No,No,No,No,N/A,N/A,N/A,N/A,N/A,N/A,N/A,N/A,N/A,N/A,N/A,N/A,N/A,N/A,N/A,40,N/A,N/A,N/A,N/A,N/A,N/A,442,N/A,N/A,N/A,2.4523858051951000,0.6306134927644540,0.0000101098353602,47.2860022193537000,2048.2025952850100000,No,N/A,N/A,N/A,N/A,N/A,N/A,N/A,N/A,N/A,N/A,N/A,N/A,N/A,N/A,N/A,N/A,N/A
Cement and concrete,Ready-mix,"Ready-mixed concrete, Canada, Saskatchewan, 40 MPa, w/ AEAs",N/A,N/A,#VALUE!,High-80th%,N/A,N/A,N/A,N/A,N/A,N/A,N/A,N/A,N/A,N/A,N/A,N/A,999,Placeholder,d_truck,Concrete,3,No,No,No,No,N/A,N/A,N/A,N/A,N/A,N/A,N/A,N/A,N/A,N/A,N/A,N/A,N/A,N/A,N/A,40,N/A,N/A,N/A,N/A,N/A,N/A,N/A,N/A,N/A,N/A,N/A,N/A,N/A,N/A,N/A,No,N/A,N/A,N/A,N/A,N/A,N/A,N/A,N/A,N/A,N/A,N/A,N/A,N/A,N/A,N/A,N/A,N/A
Cement and concrete,Ready-mix,"Ready-mixed concrete, Canada, Saskatchewan, 40 MPa, w/ AEAs",N/A,N/A,#VALUE!,Low-20th%,N/A,N/A,N/A,N/A,N/A,N/A,N/A,N/A,N/A,N/A,N/A,N/A,999,Placeholder,d_truck,Concrete,3,No,No,No,No,N/A,N/A,N/A,N/A,N/A,N/A,N/A,N/A,N/A,N/A,N/A,N/A,N/A,N/A,N/A,40,N/A,N/A,N/A,N/A,N/A,N/A,N/A,N/A,N/A,N/A,N/A,N/A,N/A,N/A,N/A,No,N/A,N/A,N/A,N/A,N/A,N/A,N/A,N/A,N/A,N/A,N/A,N/A,N/A,N/A,N/A,N/A,N/A
Cement and concrete,Ready-mix,"Ready-mixed concrete, Canada, Saskatchewan, 40 MPa, w/o AEAs",CLF 2025 Material Baselines,https://pcr-epd.s3.us-east-2.amazonaws.com/815.CRMCA_EPD_Saskatchewan.pdf,0.999903391,Baseline,414,1,m3,Industry,single,industry data,"Saskatchewan ready-mixed concrete industry-average EPD (Concrete Saskatchewan, 2022) ",Concrete Saskatchewan. (2022). Member industry-wide EPD for ready-mixed concrete. ASTM International.,FALSE,Canada Saskatchewan,2400,kg/m3,999,Placeholder,d_truck,Concrete,3,No,No,No,No,N/A,N/A,N/A,N/A,N/A,N/A,N/A,N/A,N/A,N/A,N/A,N/A,N/A,N/A,N/A,40,N/A,N/A,N/A,N/A,N/A,N/A,414,N/A,N/A,N/A,2.3197758670659800,0.5999420345860300,0.0000093790938074,44.7856728818472000,1988.1379093807400000,No,N/A,N/A,N/A,N/A,N/A,N/A,N/A,N/A,N/A,N/A,N/A,N/A,N/A,N/A,N/A,N/A,N/A
Cement and concrete,Ready-mix,"Ready-mixed concrete, Canada, Saskatchewan, 40 MPa, w/o AEAs",N/A,N/A,#VALUE!,High-80th%,N/A,N/A,N/A,N/A,N/A,N/A,N/A,N/A,N/A,N/A,N/A,N/A,999,Placeholder,d_truck,Concrete,3,No,No,No,No,N/A,N/A,N/A,N/A,N/A,N/A,N/A,N/A,N/A,N/A,N/A,N/A,N/A,N/A,N/A,40,N/A,N/A,N/A,N/A,N/A,N/A,N/A,N/A,N/A,N/A,N/A,N/A,N/A,N/A,N/A,No,N/A,N/A,N/A,N/A,N/A,N/A,N/A,N/A,N/A,N/A,N/A,N/A,N/A,N/A,N/A,N/A,N/A
Cement and concrete,Ready-mix,"Ready-mixed concrete, Canada, Saskatchewan, 40 MPa, w/o AEAs",N/A,N/A,#VALUE!,Low-20th%,N/A,N/A,N/A,N/A,N/A,N/A,N/A,N/A,N/A,N/A,N/A,N/A,999,Placeholder,d_truck,Concrete,3,No,No,No,No,N/A,N/A,N/A,N/A,N/A,N/A,N/A,N/A,N/A,N/A,N/A,N/A,N/A,N/A,N/A,40,N/A,N/A,N/A,N/A,N/A,N/A,N/A,N/A,N/A,N/A,N/A,N/A,N/A,N/A,N/A,No,N/A,N/A,N/A,N/A,N/A,N/A,N/A,N/A,N/A,N/A,N/A,N/A,N/A,N/A,N/A,N/A,N/A
Cement and concrete,Ready-mix,"Ready-mixed concrete, Canada, Saskatchewan, 45 MPa, w/ AEAs",CLF 2025 Material Baselines,https://pcr-epd.s3.us-east-2.amazonaws.com/815.CRMCA_EPD_Saskatchewan.pdf,1.000464351,Baseline,474,1,m3,Industry,single,industry data,"Saskatchewan ready-mixed concrete industry-average EPD (Concrete Saskatchewan, 2022) ",Concrete Saskatchewan. (2022). Member industry-wide EPD for ready-mixed concrete. ASTM International.,FALSE,Canada Saskatchewan,2400,kg/m3,999,Placeholder,d_truck,Concrete,3,No,No,No,No,N/A,N/A,N/A,N/A,N/A,N/A,N/A,N/A,N/A,N/A,N/A,N/A,N/A,N/A,N/A,45,N/A,N/A,N/A,N/A,N/A,N/A,474,N/A,N/A,N/A,2.5912026679049300,0.6803157583688630,0.0000108050149859,50.1232639621765000,2173.7689222846100000,No,N/A,N/A,N/A,N/A,N/A,N/A,N/A,N/A,N/A,N/A,N/A,N/A,N/A,N/A,N/A,N/A,N/A
Cement and concrete,Ready-mix,"Ready-mixed concrete, Canada, Saskatchewan, 45 MPa, w/ AEAs",N/A,N/A,#VALUE!,High-80th%,N/A,N/A,N/A,N/A,N/A,N/A,N/A,N/A,N/A,N/A,N/A,N/A,999,Placeholder,d_truck,Concrete,3,No,No,No,No,N/A,N/A,N/A,N/A,N/A,N/A,N/A,N/A,N/A,N/A,N/A,N/A,N/A,N/A,N/A,45,N/A,N/A,N/A,N/A,N/A,N/A,N/A,N/A,N/A,N/A,N/A,N/A,N/A,N/A,N/A,No,N/A,N/A,N/A,N/A,N/A,N/A,N/A,N/A,N/A,N/A,N/A,N/A,N/A,N/A,N/A,N/A,N/A
Cement and concrete,Ready-mix,"Ready-mixed concrete, Canada, Saskatchewan, 45 MPa, w/ AEAs",N/A,N/A,#VALUE!,Low-20th%,N/A,N/A,N/A,N/A,N/A,N/A,N/A,N/A,N/A,N/A,N/A,N/A,999,Placeholder,d_truck,Concrete,3,No,No,No,No,N/A,N/A,N/A,N/A,N/A,N/A,N/A,N/A,N/A,N/A,N/A,N/A,N/A,N/A,N/A,45,N/A,N/A,N/A,N/A,N/A,N/A,N/A,N/A,N/A,N/A,N/A,N/A,N/A,N/A,N/A,No,N/A,N/A,N/A,N/A,N/A,N/A,N/A,N/A,N/A,N/A,N/A,N/A,N/A,N/A,N/A,N/A,N/A
Cement and concrete,Ready-mix,"Ready-mixed concrete, Canada, Saskatchewan, 45 MPa, w/o AEAs",CLF 2025 Material Baselines,https://pcr-epd.s3.us-east-2.amazonaws.com/815.CRMCA_EPD_Saskatchewan.pdf,0.999105604,Baseline,458,1,m3,Industry,single,industry data,"Saskatchewan ready-mixed concrete industry-average EPD (Concrete Saskatchewan, 2022) ",Concrete Saskatchewan. (2022). Member industry-wide EPD for ready-mixed concrete. ASTM International.,FALSE,Canada Saskatchewan,2400,kg/m3,999,Placeholder,d_truck,Concrete,3,No,No,No,No,N/A,N/A,N/A,N/A,N/A,N/A,N/A,N/A,N/A,N/A,N/A,N/A,N/A,N/A,N/A,45,N/A,N/A,N/A,N/A,N/A,N/A,458,N/A,N/A,N/A,2.5277371785083200,0.6594096987413020,0.0000104906088436,49.0660762199777000,2079.6383150454800000,No,N/A,N/A,N/A,N/A,N/A,N/A,N/A,N/A,N/A,N/A,N/A,N/A,N/A,N/A,N/A,N/A,N/A
Cement and concrete,Ready-mix,"Ready-mixed concrete, Canada, Saskatchewan, 45 MPa, w/o AEAs",N/A,N/A,#VALUE!,High-80th%,N/A,N/A,N/A,N/A,N/A,N/A,N/A,N/A,N/A,N/A,N/A,N/A,999,Placeholder,d_truck,Concrete,3,No,No,No,No,N/A,N/A,N/A,N/A,N/A,N/A,N/A,N/A,N/A,N/A,N/A,N/A,N/A,N/A,N/A,45,N/A,N/A,N/A,N/A,N/A,N/A,N/A,N/A,N/A,N/A,N/A,N/A,N/A,N/A,N/A,No,N/A,N/A,N/A,N/A,N/A,N/A,N/A,N/A,N/A,N/A,N/A,N/A,N/A,N/A,N/A,N/A,N/A
Cement and concrete,Ready-mix,"Ready-mixed concrete, Canada, Saskatchewan, 45 MPa, w/o AEAs",N/A,N/A,#VALUE!,Low-20th%,N/A,N/A,N/A,N/A,N/A,N/A,N/A,N/A,N/A,N/A,N/A,N/A,999,Placeholder,d_truck,Concrete,3,No,No,No,No,N/A,N/A,N/A,N/A,N/A,N/A,N/A,N/A,N/A,N/A,N/A,N/A,N/A,N/A,N/A,45,N/A,N/A,N/A,N/A,N/A,N/A,N/A,N/A,N/A,N/A,N/A,N/A,N/A,N/A,N/A,No,N/A,N/A,N/A,N/A,N/A,N/A,N/A,N/A,N/A,N/A,N/A,N/A,N/A,N/A,N/A,N/A,N/A
Cement and concrete,Ready-mix,"Ready-mixed concrete, Canada, Manitoba, 20 MPa, w/ AEAs",CLF 2025 Material Baselines,https://pcr-epd.s3.us-east-2.amazonaws.com/813.CRMCA_EPD_Manitoba.pdf,1.002358491,Baseline,204,1,m3,Industry,single,industry data,Manitoba ready-mixed concrete industry-average EPD  ,Concrete Manitoba. (2022). Concrete Manitoba Member industry-wide EPD for ready-mixed concrete. ASTM International.,FALSE,Canada Manitoba,2400,kg/m3,999,Placeholder,d_truck,Concrete,3,No,No,No,No,N/A,N/A,N/A,N/A,N/A,N/A,N/A,N/A,N/A,N/A,N/A,N/A,N/A,N/A,N/A,20,N/A,N/A,N/A,N/A,N/A,N/A,204,N/A,N/A,N/A,1.0424528301886800,0.3207547169811320,0.0000056633254717,22.3325471698113000,1131.1415094339600000,No,N/A,N/A,N/A,N/A,N/A,N/A,N/A,N/A,N/A,N/A,N/A,N/A,N/A,N/A,N/A,N/A,N/A
Cement and concrete,Ready-mix,"Ready-mixed concrete, Canada, Manitoba, 20 MPa, w/ AEAs",N/A,N/A,#VALUE!,High-80th%,N/A,N/A,N/A,N/A,N/A,N/A,N/A,N/A,N/A,N/A,N/A,N/A,999,Placeholder,d_truck,Concrete,3,No,No,No,No,N/A,N/A,N/A,N/A,N/A,N/A,N/A,N/A,N/A,N/A,N/A,N/A,N/A,N/A,N/A,20,N/A,N/A,N/A,N/A,N/A,N/A,N/A,N/A,N/A,N/A,N/A,N/A,N/A,N/A,N/A,No,N/A,N/A,N/A,N/A,N/A,N/A,N/A,N/A,N/A,N/A,N/A,N/A,N/A,N/A,N/A,N/A,N/A
Cement and concrete,Ready-mix,"Ready-mixed concrete, Canada, Manitoba, 20 MPa, w/ AEAs",N/A,N/A,#VALUE!,Low-20th%,N/A,N/A,N/A,N/A,N/A,N/A,N/A,N/A,N/A,N/A,N/A,N/A,999,Placeholder,d_truck,Concrete,3,No,No,No,No,N/A,N/A,N/A,N/A,N/A,N/A,N/A,N/A,N/A,N/A,N/A,N/A,N/A,N/A,N/A,20,N/A,N/A,N/A,N/A,N/A,N/A,N/A,N/A,N/A,N/A,N/A,N/A,N/A,N/A,N/A,No,N/A,N/A,N/A,N/A,N/A,N/A,N/A,N/A,N/A,N/A,N/A,N/A,N/A,N/A,N/A,N/A,N/A
Cement and concrete,Ready-mix,"Ready-mixed concrete, Canada, Manitoba, 20 MPa, w/o AEAs",CLF 2025 Material Baselines,https://pcr-epd.s3.us-east-2.amazonaws.com/813.CRMCA_EPD_Manitoba.pdf,0.998763906,Baseline,202,1,m3,Industry,single,industry data,Manitoba ready-mixed concrete industry-average EPD  ,Concrete Manitoba. (2022). Concrete Manitoba Member industry-wide EPD for ready-mixed concrete. ASTM International.,FALSE,Canada Manitoba,2400,kg/m3,999,Placeholder,d_truck,Concrete,3,No,No,No,No,N/A,N/A,N/A,N/A,N/A,N/A,N/A,N/A,N/A,N/A,N/A,N/A,N/A,N/A,N/A,20,N/A,N/A,N/A,N/A,N/A,N/A,202,N/A,N/A,N/A,1.0287268232385700,0.3196044499381950,0.0000056230407911,21.9927812113721000,1107.5792336217600000,No,N/A,N/A,N/A,N/A,N/A,N/A,N/A,N/A,N/A,N/A,N/A,N/A,N/A,N/A,N/A,N/A,N/A
Cement and concrete,Ready-mix,"Ready-mixed concrete, Canada, Manitoba, 20 MPa, w/o AEAs",N/A,N/A,#VALUE!,High-80th%,N/A,N/A,N/A,N/A,N/A,N/A,N/A,N/A,N/A,N/A,N/A,N/A,999,Placeholder,d_truck,Concrete,3,No,No,No,No,N/A,N/A,N/A,N/A,N/A,N/A,N/A,N/A,N/A,N/A,N/A,N/A,N/A,N/A,N/A,20,N/A,N/A,N/A,N/A,N/A,N/A,N/A,N/A,N/A,N/A,N/A,N/A,N/A,N/A,N/A,No,N/A,N/A,N/A,N/A,N/A,N/A,N/A,N/A,N/A,N/A,N/A,N/A,N/A,N/A,N/A,N/A,N/A
Cement and concrete,Ready-mix,"Ready-mixed concrete, Canada, Manitoba, 20 MPa, w/o AEAs",N/A,N/A,#VALUE!,Low-20th%,N/A,N/A,N/A,N/A,N/A,N/A,N/A,N/A,N/A,N/A,N/A,N/A,999,Placeholder,d_truck,Concrete,3,No,No,No,No,N/A,N/A,N/A,N/A,N/A,N/A,N/A,N/A,N/A,N/A,N/A,N/A,N/A,N/A,N/A,20,N/A,N/A,N/A,N/A,N/A,N/A,N/A,N/A,N/A,N/A,N/A,N/A,N/A,N/A,N/A,No,N/A,N/A,N/A,N/A,N/A,N/A,N/A,N/A,N/A,N/A,N/A,N/A,N/A,N/A,N/A,N/A,N/A
Cement and concrete,Ready-mix,"Ready-mixed concrete, Canada, Manitoba, 25 MPa, w/ AEAs",CLF 2025 Material Baselines,https://pcr-epd.s3.us-east-2.amazonaws.com/813.CRMCA_EPD_Manitoba.pdf,1.000609066,Baseline,230,1,m3,Industry,single,industry data,Manitoba ready-mixed concrete industry-average EPD  ,Concrete Manitoba. (2022). Concrete Manitoba Member industry-wide EPD for ready-mixed concrete. ASTM International.,FALSE,Canada Manitoba,2400,kg/m3,999,Placeholder,d_truck,Concrete,3,No,No,No,No,N/A,N/A,N/A,N/A,N/A,N/A,N/A,N/A,N/A,N/A,N/A,N/A,N/A,N/A,N/A,25,N/A,N/A,N/A,N/A,N/A,N/A,230,N/A,N/A,N/A,1.1507004263464700,0.3602192638997650,0.0000064038980249,24.5449403985034000,1250.5612111720200000,No,N/A,N/A,N/A,N/A,N/A,N/A,N/A,N/A,N/A,N/A,N/A,N/A,N/A,N/A,N/A,N/A,N/A
Cement and concrete,Ready-mix,"Ready-mixed concrete, Canada, Manitoba, 25 MPa, w/ AEAs",N/A,N/A,#VALUE!,High-80th%,N/A,N/A,N/A,N/A,N/A,N/A,N/A,N/A,N/A,N/A,N/A,N/A,999,Placeholder,d_truck,Concrete,3,No,No,No,No,N/A,N/A,N/A,N/A,N/A,N/A,N/A,N/A,N/A,N/A,N/A,N/A,N/A,N/A,N/A,25,N/A,N/A,N/A,N/A,N/A,N/A,N/A,N/A,N/A,N/A,N/A,N/A,N/A,N/A,N/A,No,N/A,N/A,N/A,N/A,N/A,N/A,N/A,N/A,N/A,N/A,N/A,N/A,N/A,N/A,N/A,N/A,N/A
Cement and concrete,Ready-mix,"Ready-mixed concrete, Canada, Manitoba, 25 MPa, w/ AEAs",N/A,N/A,#VALUE!,Low-20th%,N/A,N/A,N/A,N/A,N/A,N/A,N/A,N/A,N/A,N/A,N/A,N/A,999,Placeholder,d_truck,Concrete,3,No,No,No,No,N/A,N/A,N/A,N/A,N/A,N/A,N/A,N/A,N/A,N/A,N/A,N/A,N/A,N/A,N/A,25,N/A,N/A,N/A,N/A,N/A,N/A,N/A,N/A,N/A,N/A,N/A,N/A,N/A,N/A,N/A,No,N/A,N/A,N/A,N/A,N/A,N/A,N/A,N/A,N/A,N/A,N/A,N/A,N/A,N/A,N/A,N/A,N/A
Cement and concrete,Ready-mix,"Ready-mixed concrete, Canada, Manitoba, 25 MPa, w/o AEAs",CLF 2025 Material Baselines,https://pcr-epd.s3.us-east-2.amazonaws.com/813.CRMCA_EPD_Manitoba.pdf,0.998164809,Baseline,223,1,m3,Industry,single,industry data,Manitoba ready-mixed concrete industry-average EPD  ,Concrete Manitoba. (2022). Concrete Manitoba Member industry-wide EPD for ready-mixed concrete. ASTM International.,FALSE,Canada Manitoba,2400,kg/m3,999,Placeholder,d_truck,Concrete,3,No,No,No,No,N/A,N/A,N/A,N/A,N/A,N/A,N/A,N/A,N/A,N/A,N/A,N/A,N/A,N/A,N/A,25,N/A,N/A,N/A,N/A,N/A,N/A,223,N/A,N/A,N/A,1.1279262342777900,0.3493576831833850,0.0000061686585202,23.8361756411978000,1236.3169508974500000,No,N/A,N/A,N/A,N/A,N/A,N/A,N/A,N/A,N/A,N/A,N/A,N/A,N/A,N/A,N/A,N/A,N/A
Cement and concrete,Ready-mix,"Ready-mixed concrete, Canada, Manitoba, 25 MPa, w/o AEAs",N/A,N/A,#VALUE!,High-80th%,N/A,N/A,N/A,N/A,N/A,N/A,N/A,N/A,N/A,N/A,N/A,N/A,999,Placeholder,d_truck,Concrete,3,No,No,No,No,N/A,N/A,N/A,N/A,N/A,N/A,N/A,N/A,N/A,N/A,N/A,N/A,N/A,N/A,N/A,25,N/A,N/A,N/A,N/A,N/A,N/A,N/A,N/A,N/A,N/A,N/A,N/A,N/A,N/A,N/A,No,N/A,N/A,N/A,N/A,N/A,N/A,N/A,N/A,N/A,N/A,N/A,N/A,N/A,N/A,N/A,N/A,N/A
Cement and concrete,Ready-mix,"Ready-mixed concrete, Canada, Manitoba, 25 MPa, w/o AEAs",N/A,N/A,#VALUE!,Low-20th%,N/A,N/A,N/A,N/A,N/A,N/A,N/A,N/A,N/A,N/A,N/A,N/A,999,Placeholder,d_truck,Concrete,3,No,No,No,No,N/A,N/A,N/A,N/A,N/A,N/A,N/A,N/A,N/A,N/A,N/A,N/A,N/A,N/A,N/A,25,N/A,N/A,N/A,N/A,N/A,N/A,N/A,N/A,N/A,N/A,N/A,N/A,N/A,N/A,N/A,No,N/A,N/A,N/A,N/A,N/A,N/A,N/A,N/A,N/A,N/A,N/A,N/A,N/A,N/A,N/A,N/A,N/A
Cement and concrete,Ready-mix,"Ready-mixed concrete, Canada, Manitoba, 30 MPa, w/ AEAs",CLF 2025 Material Baselines,https://pcr-epd.s3.us-east-2.amazonaws.com/813.CRMCA_EPD_Manitoba.pdf,1.001821494,Baseline,253,1,m3,Industry,single,industry data,Manitoba ready-mixed concrete industry-average EPD  ,Concrete Manitoba. (2022). Concrete Manitoba Member industry-wide EPD for ready-mixed concrete. ASTM International.,FALSE,Canada Manitoba,2400,kg/m3,999,Placeholder,d_truck,Concrete,3,No,No,No,No,N/A,N/A,N/A,N/A,N/A,N/A,N/A,N/A,N/A,N/A,N/A,N/A,N/A,N/A,N/A,30,N/A,N/A,N/A,N/A,N/A,N/A,253,N/A,N/A,N/A,1.2522768670309700,0.4007285974499090,0.0000070628415301,26.5382513661202000,1358.0992714025500000,No,N/A,N/A,N/A,N/A,N/A,N/A,N/A,N/A,N/A,N/A,N/A,N/A,N/A,N/A,N/A,N/A,N/A
Cement and concrete,Ready-mix,"Ready-mixed concrete, Canada, Manitoba, 30 MPa, w/ AEAs",N/A,N/A,#VALUE!,High-80th%,N/A,N/A,N/A,N/A,N/A,N/A,N/A,N/A,N/A,N/A,N/A,N/A,999,Placeholder,d_truck,Concrete,3,No,No,No,No,N/A,N/A,N/A,N/A,N/A,N/A,N/A,N/A,N/A,N/A,N/A,N/A,N/A,N/A,N/A,30,N/A,N/A,N/A,N/A,N/A,N/A,N/A,N/A,N/A,N/A,N/A,N/A,N/A,N/A,N/A,No,N/A,N/A,N/A,N/A,N/A,N/A,N/A,N/A,N/A,N/A,N/A,N/A,N/A,N/A,N/A,N/A,N/A
Cement and concrete,Ready-mix,"Ready-mixed concrete, Canada, Manitoba, 30 MPa, w/ AEAs",N/A,N/A,#VALUE!,Low-20th%,N/A,N/A,N/A,N/A,N/A,N/A,N/A,N/A,N/A,N/A,N/A,N/A,999,Placeholder,d_truck,Concrete,3,No,No,No,No,N/A,N/A,N/A,N/A,N/A,N/A,N/A,N/A,N/A,N/A,N/A,N/A,N/A,N/A,N/A,30,N/A,N/A,N/A,N/A,N/A,N/A,N/A,N/A,N/A,N/A,N/A,N/A,N/A,N/A,N/A,No,N/A,N/A,N/A,N/A,N/A,N/A,N/A,N/A,N/A,N/A,N/A,N/A,N/A,N/A,N/A,N/A,N/A
Cement and concrete,Ready-mix,"Ready-mixed concrete, Canada, Manitoba, 30 MPa, w/o AEAs",CLF 2025 Material Baselines,https://pcr-epd.s3.us-east-2.amazonaws.com/813.CRMCA_EPD_Manitoba.pdf,1.000325309,Baseline,246,1,m3,Industry,single,industry data,Manitoba ready-mixed concrete industry-average EPD  ,Concrete Manitoba. (2022). Concrete Manitoba Member industry-wide EPD for ready-mixed concrete. ASTM International.,FALSE,Canada Manitoba,2400,kg/m3,999,Placeholder,d_truck,Concrete,3,No,No,No,No,N/A,N/A,N/A,N/A,N/A,N/A,N/A,N/A,N/A,N/A,N/A,N/A,N/A,N/A,N/A,30,N/A,N/A,N/A,N/A,N/A,N/A,246,N/A,N/A,N/A,1.2203968770331800,0.3901268705270010,0.0000068622316200,25.9084255042290000,1325.7511385816500000,No,N/A,N/A,N/A,N/A,N/A,N/A,N/A,N/A,N/A,N/A,N/A,N/A,N/A,N/A,N/A,N/A,N/A
Cement and concrete,Ready-mix,"Ready-mixed concrete, Canada, Manitoba, 30 MPa, w/o AEAs",N/A,N/A,#VALUE!,High-80th%,N/A,N/A,N/A,N/A,N/A,N/A,N/A,N/A,N/A,N/A,N/A,N/A,999,Placeholder,d_truck,Concrete,3,No,No,No,No,N/A,N/A,N/A,N/A,N/A,N/A,N/A,N/A,N/A,N/A,N/A,N/A,N/A,N/A,N/A,30,N/A,N/A,N/A,N/A,N/A,N/A,N/A,N/A,N/A,N/A,N/A,N/A,N/A,N/A,N/A,No,N/A,N/A,N/A,N/A,N/A,N/A,N/A,N/A,N/A,N/A,N/A,N/A,N/A,N/A,N/A,N/A,N/A
Cement and concrete,Ready-mix,"Ready-mixed concrete, Canada, Manitoba, 30 MPa, w/o AEAs",N/A,N/A,#VALUE!,Low-20th%,N/A,N/A,N/A,N/A,N/A,N/A,N/A,N/A,N/A,N/A,N/A,N/A,999,Placeholder,d_truck,Concrete,3,No,No,No,No,N/A,N/A,N/A,N/A,N/A,N/A,N/A,N/A,N/A,N/A,N/A,N/A,N/A,N/A,N/A,30,N/A,N/A,N/A,N/A,N/A,N/A,N/A,N/A,N/A,N/A,N/A,N/A,N/A,N/A,N/A,No,N/A,N/A,N/A,N/A,N/A,N/A,N/A,N/A,N/A,N/A,N/A,N/A,N/A,N/A,N/A,N/A,N/A
Cement and concrete,Ready-mix,"Ready-mixed concrete, Canada, Manitoba, 32 MPa, w/ AEAs",CLF 2025 Material Baselines,https://pcr-epd.s3.us-east-2.amazonaws.com/813.CRMCA_EPD_Manitoba.pdf,0.999747356,Baseline,277,1,m3,Industry,single,industry data,Manitoba ready-mixed concrete industry-average EPD  ,Concrete Manitoba. (2022). Concrete Manitoba Member industry-wide EPD for ready-mixed concrete. ASTM International.,FALSE,Canada Manitoba,2400,kg/m3,999,Placeholder,d_truck,Concrete,3,No,No,No,No,N/A,N/A,N/A,N/A,N/A,N/A,N/A,N/A,N/A,N/A,N/A,N/A,N/A,N/A,N/A,32,N/A,N/A,N/A,N/A,N/A,N/A,277,N/A,N/A,N/A,1.3596564045187100,0.4398888367560540,0.0000077980293789,28.7127440718952000,1438.5064785072400000,No,N/A,N/A,N/A,N/A,N/A,N/A,N/A,N/A,N/A,N/A,N/A,N/A,N/A,N/A,N/A,N/A,N/A
Cement and concrete,Ready-mix,"Ready-mixed concrete, Canada, Manitoba, 32 MPa, w/ AEAs",N/A,N/A,#VALUE!,High-80th%,N/A,N/A,N/A,N/A,N/A,N/A,N/A,N/A,N/A,N/A,N/A,N/A,999,Placeholder,d_truck,Concrete,3,No,No,No,No,N/A,N/A,N/A,N/A,N/A,N/A,N/A,N/A,N/A,N/A,N/A,N/A,N/A,N/A,N/A,32,N/A,N/A,N/A,N/A,N/A,N/A,N/A,N/A,N/A,N/A,N/A,N/A,N/A,N/A,N/A,No,N/A,N/A,N/A,N/A,N/A,N/A,N/A,N/A,N/A,N/A,N/A,N/A,N/A,N/A,N/A,N/A,N/A
Cement and concrete,Ready-mix,"Ready-mixed concrete, Canada, Manitoba, 32 MPa, w/ AEAs",N/A,N/A,#VALUE!,Low-20th%,N/A,N/A,N/A,N/A,N/A,N/A,N/A,N/A,N/A,N/A,N/A,N/A,999,Placeholder,d_truck,Concrete,3,No,No,No,No,N/A,N/A,N/A,N/A,N/A,N/A,N/A,N/A,N/A,N/A,N/A,N/A,N/A,N/A,N/A,32,N/A,N/A,N/A,N/A,N/A,N/A,N/A,N/A,N/A,N/A,N/A,N/A,N/A,N/A,N/A,No,N/A,N/A,N/A,N/A,N/A,N/A,N/A,N/A,N/A,N/A,N/A,N/A,N/A,N/A,N/A,N/A,N/A
Cement and concrete,Ready-mix,"Ready-mixed concrete, Canada, Manitoba, 35 MPa, w/ AEAs",CLF 2025 Material Baselines,https://pcr-epd.s3.us-east-2.amazonaws.com/813.CRMCA_EPD_Manitoba.pdf,1.001411385,Baseline,298,1,m3,Industry,single,industry data,Manitoba ready-mixed concrete industry-average EPD  ,Concrete Manitoba. (2022). Concrete Manitoba Member industry-wide EPD for ready-mixed concrete. ASTM International.,FALSE,Canada Manitoba,2400,kg/m3,999,Placeholder,d_truck,Concrete,3,No,No,No,No,N/A,N/A,N/A,N/A,N/A,N/A,N/A,N/A,N/A,N/A,N/A,N/A,N/A,N/A,N/A,35,N/A,N/A,N/A,N/A,N/A,N/A,298,N/A,N/A,N/A,1.4420323946501800,0.4706633510316550,0.0000083517709523,30.4228778815781000,1563.0629746622800000,No,N/A,N/A,N/A,N/A,N/A,N/A,N/A,N/A,N/A,N/A,N/A,N/A,N/A,N/A,N/A,N/A,N/A
Cement and concrete,Ready-mix,"Ready-mixed concrete, Canada, Manitoba, 35 MPa, w/ AEAs",N/A,N/A,#VALUE!,High-80th%,N/A,N/A,N/A,N/A,N/A,N/A,N/A,N/A,N/A,N/A,N/A,N/A,999,Placeholder,d_truck,Concrete,3,No,No,No,No,N/A,N/A,N/A,N/A,N/A,N/A,N/A,N/A,N/A,N/A,N/A,N/A,N/A,N/A,N/A,35,N/A,N/A,N/A,N/A,N/A,N/A,N/A,N/A,N/A,N/A,N/A,N/A,N/A,N/A,N/A,No,N/A,N/A,N/A,N/A,N/A,N/A,N/A,N/A,N/A,N/A,N/A,N/A,N/A,N/A,N/A,N/A,N/A
Cement and concrete,Ready-mix,"Ready-mixed concrete, Canada, Manitoba, 35 MPa, w/ AEAs",N/A,N/A,#VALUE!,Low-20th%,N/A,N/A,N/A,N/A,N/A,N/A,N/A,N/A,N/A,N/A,N/A,N/A,999,Placeholder,d_truck,Concrete,3,No,No,No,No,N/A,N/A,N/A,N/A,N/A,N/A,N/A,N/A,N/A,N/A,N/A,N/A,N/A,N/A,N/A,35,N/A,N/A,N/A,N/A,N/A,N/A,N/A,N/A,N/A,N/A,N/A,N/A,N/A,N/A,N/A,No,N/A,N/A,N/A,N/A,N/A,N/A,N/A,N/A,N/A,N/A,N/A,N/A,N/A,N/A,N/A,N/A,N/A
Cement and concrete,Ready-mix,"Ready-mixed concrete, Canada, Manitoba, 35 MPa, w/o AEAs",CLF 2025 Material Baselines,https://pcr-epd.s3.us-east-2.amazonaws.com/813.CRMCA_EPD_Manitoba.pdf,0.998435288,Baseline,268,1,m3,Industry,single,industry data,Manitoba ready-mixed concrete industry-average EPD  ,Concrete Manitoba. (2022). Concrete Manitoba Member industry-wide EPD for ready-mixed concrete. ASTM International.,FALSE,Canada Manitoba,2400,kg/m3,999,Placeholder,d_truck,Concrete,3,No,No,No,No,N/A,N/A,N/A,N/A,N/A,N/A,N/A,N/A,N/A,N/A,N/A,N/A,N/A,N/A,N/A,35,N/A,N/A,N/A,N/A,N/A,N/A,268,N/A,N/A,N/A,1.3179345801356100,0.4193428209522390,0.0000074682959541,27.7565010058863000,1439.8135757395100000,No,N/A,N/A,N/A,N/A,N/A,N/A,N/A,N/A,N/A,N/A,N/A,N/A,N/A,N/A,N/A,N/A,N/A
Cement and concrete,Ready-mix,"Ready-mixed concrete, Canada, Manitoba, 35 MPa, w/o AEAs",N/A,N/A,#VALUE!,High-80th%,N/A,N/A,N/A,N/A,N/A,N/A,N/A,N/A,N/A,N/A,N/A,N/A,999,Placeholder,d_truck,Concrete,3,No,No,No,No,N/A,N/A,N/A,N/A,N/A,N/A,N/A,N/A,N/A,N/A,N/A,N/A,N/A,N/A,N/A,35,N/A,N/A,N/A,N/A,N/A,N/A,N/A,N/A,N/A,N/A,N/A,N/A,N/A,N/A,N/A,No,N/A,N/A,N/A,N/A,N/A,N/A,N/A,N/A,N/A,N/A,N/A,N/A,N/A,N/A,N/A,N/A,N/A
Cement and concrete,Ready-mix,"Ready-mixed concrete, Canada, Manitoba, 35 MPa, w/o AEAs",N/A,N/A,#VALUE!,Low-20th%,N/A,N/A,N/A,N/A,N/A,N/A,N/A,N/A,N/A,N/A,N/A,N/A,999,Placeholder,d_truck,Concrete,3,No,No,No,No,N/A,N/A,N/A,N/A,N/A,N/A,N/A,N/A,N/A,N/A,N/A,N/A,N/A,N/A,N/A,35,N/A,N/A,N/A,N/A,N/A,N/A,N/A,N/A,N/A,N/A,N/A,N/A,N/A,N/A,N/A,No,N/A,N/A,N/A,N/A,N/A,N/A,N/A,N/A,N/A,N/A,N/A,N/A,N/A,N/A,N/A,N/A,N/A
Cement and concrete,Ready-mix,"Ready-mixed concrete, Canada, Manitoba, 40 MPa, w/ AEAs",CLF 2025 Material Baselines,https://pcr-epd.s3.us-east-2.amazonaws.com/813.CRMCA_EPD_Manitoba.pdf,1.000420889,Baseline,309,1,m3,Industry,single,industry data,Manitoba ready-mixed concrete industry-average EPD  ,Concrete Manitoba. (2022). Concrete Manitoba Member industry-wide EPD for ready-mixed concrete. ASTM International.,FALSE,Canada Manitoba,2400,kg/m3,999,Placeholder,d_truck,Concrete,3,No,No,No,No,N/A,N/A,N/A,N/A,N/A,N/A,N/A,N/A,N/A,N/A,N/A,N/A,N/A,N/A,N/A,40,N/A,N/A,N/A,N/A,N/A,N/A,309,N/A,N/A,N/A,1.4906271246802900,0.4902062356331140,0.0000086736491080,31.3631948716288000,1613.4187846019400000,No,N/A,N/A,N/A,N/A,N/A,N/A,N/A,N/A,N/A,N/A,N/A,N/A,N/A,N/A,N/A,N/A,N/A
Cement and concrete,Ready-mix,"Ready-mixed concrete, Canada, Manitoba, 40 MPa, w/ AEAs",N/A,N/A,#VALUE!,High-80th%,N/A,N/A,N/A,N/A,N/A,N/A,N/A,N/A,N/A,N/A,N/A,N/A,999,Placeholder,d_truck,Concrete,3,No,No,No,No,N/A,N/A,N/A,N/A,N/A,N/A,N/A,N/A,N/A,N/A,N/A,N/A,N/A,N/A,N/A,40,N/A,N/A,N/A,N/A,N/A,N/A,N/A,N/A,N/A,N/A,N/A,N/A,N/A,N/A,N/A,No,N/A,N/A,N/A,N/A,N/A,N/A,N/A,N/A,N/A,N/A,N/A,N/A,N/A,N/A,N/A,N/A,N/A
Cement and concrete,Ready-mix,"Ready-mixed concrete, Canada, Manitoba, 40 MPa, w/ AEAs",N/A,N/A,#VALUE!,Low-20th%,N/A,N/A,N/A,N/A,N/A,N/A,N/A,N/A,N/A,N/A,N/A,N/A,999,Placeholder,d_truck,Concrete,3,No,No,No,No,N/A,N/A,N/A,N/A,N/A,N/A,N/A,N/A,N/A,N/A,N/A,N/A,N/A,N/A,N/A,40,N/A,N/A,N/A,N/A,N/A,N/A,N/A,N/A,N/A,N/A,N/A,N/A,N/A,N/A,N/A,No,N/A,N/A,N/A,N/A,N/A,N/A,N/A,N/A,N/A,N/A,N/A,N/A,N/A,N/A,N/A,N/A,N/A
Cement and concrete,Ready-mix,"Ready-mixed concrete, Canada, Manitoba, 40 MPa, w/o AEAs",CLF 2025 Material Baselines,https://pcr-epd.s3.us-east-2.amazonaws.com/813.CRMCA_EPD_Manitoba.pdf,1.000862813,Baseline,290,1,m3,Industry,single,industry data,Manitoba ready-mixed concrete industry-average EPD  ,Concrete Manitoba. (2022). Concrete Manitoba Member industry-wide EPD for ready-mixed concrete. ASTM International.,FALSE,Canada Manitoba,2400,kg/m3,999,Placeholder,d_truck,Concrete,3,No,No,No,No,N/A,N/A,N/A,N/A,N/A,N/A,N/A,N/A,N/A,N/A,N/A,N/A,N/A,N/A,N/A,40,N/A,N/A,N/A,N/A,N/A,N/A,290,N/A,N/A,N/A,1.4112165660051800,0.4603968938740290,0.0000081370146678,29.7456427955134000,1521.0712683347700000,No,N/A,N/A,N/A,N/A,N/A,N/A,N/A,N/A,N/A,N/A,N/A,N/A,N/A,N/A,N/A,N/A,N/A
Cement and concrete,Ready-mix,"Ready-mixed concrete, Canada, Manitoba, 40 MPa, w/o AEAs",N/A,N/A,#VALUE!,High-80th%,N/A,N/A,N/A,N/A,N/A,N/A,N/A,N/A,N/A,N/A,N/A,N/A,999,Placeholder,d_truck,Concrete,3,No,No,No,No,N/A,N/A,N/A,N/A,N/A,N/A,N/A,N/A,N/A,N/A,N/A,N/A,N/A,N/A,N/A,40,N/A,N/A,N/A,N/A,N/A,N/A,N/A,N/A,N/A,N/A,N/A,N/A,N/A,N/A,N/A,No,N/A,N/A,N/A,N/A,N/A,N/A,N/A,N/A,N/A,N/A,N/A,N/A,N/A,N/A,N/A,N/A,N/A
Cement and concrete,Ready-mix,"Ready-mixed concrete, Canada, Manitoba, 40 MPa, w/o AEAs",N/A,N/A,#VALUE!,Low-20th%,N/A,N/A,N/A,N/A,N/A,N/A,N/A,N/A,N/A,N/A,N/A,N/A,999,Placeholder,d_truck,Concrete,3,No,No,No,No,N/A,N/A,N/A,N/A,N/A,N/A,N/A,N/A,N/A,N/A,N/A,N/A,N/A,N/A,N/A,40,N/A,N/A,N/A,N/A,N/A,N/A,N/A,N/A,N/A,N/A,N/A,N/A,N/A,N/A,N/A,No,N/A,N/A,N/A,N/A,N/A,N/A,N/A,N/A,N/A,N/A,N/A,N/A,N/A,N/A,N/A,N/A,N/A
Cement and concrete,Ready-mix,"Ready-mixed concrete, Canada, Manitoba, 45 MPa, w/ AEAs",CLF 2025 Material Baselines,https://pcr-epd.s3.us-east-2.amazonaws.com/813.CRMCA_EPD_Manitoba.pdf,1.000857088,Baseline,362,1,m3,Industry,single,industry data,Manitoba ready-mixed concrete industry-average EPD  ,Concrete Manitoba. (2022). Concrete Manitoba Member industry-wide EPD for ready-mixed concrete. ASTM International.,FALSE,Canada Manitoba,2400,kg/m3,999,Placeholder,d_truck,Concrete,3,No,No,No,No,N/A,N/A,N/A,N/A,N/A,N/A,N/A,N/A,N/A,N/A,N/A,N/A,N/A,N/A,N/A,45,N/A,N/A,N/A,N/A,N/A,N/A,362,N/A,N/A,N/A,1.7114656197296000,0.5804971107854790,0.0000102087422931,35.6805551715557000,1866.6385025850900000,No,N/A,N/A,N/A,N/A,N/A,N/A,N/A,N/A,N/A,N/A,N/A,N/A,N/A,N/A,N/A,N/A,N/A
Cement and concrete,Ready-mix,"Ready-mixed concrete, Canada, Manitoba, 45 MPa, w/ AEAs",N/A,N/A,#VALUE!,High-80th%,N/A,N/A,N/A,N/A,N/A,N/A,N/A,N/A,N/A,N/A,N/A,N/A,999,Placeholder,d_truck,Concrete,3,No,No,No,No,N/A,N/A,N/A,N/A,N/A,N/A,N/A,N/A,N/A,N/A,N/A,N/A,N/A,N/A,N/A,45,N/A,N/A,N/A,N/A,N/A,N/A,N/A,N/A,N/A,N/A,N/A,N/A,N/A,N/A,N/A,No,N/A,N/A,N/A,N/A,N/A,N/A,N/A,N/A,N/A,N/A,N/A,N/A,N/A,N/A,N/A,N/A,N/A
Cement and concrete,Ready-mix,"Ready-mixed concrete, Canada, Manitoba, 45 MPa, w/ AEAs",N/A,N/A,#VALUE!,Low-20th%,N/A,N/A,N/A,N/A,N/A,N/A,N/A,N/A,N/A,N/A,N/A,N/A,999,Placeholder,d_truck,Concrete,3,No,No,No,No,N/A,N/A,N/A,N/A,N/A,N/A,N/A,N/A,N/A,N/A,N/A,N/A,N/A,N/A,N/A,45,N/A,N/A,N/A,N/A,N/A,N/A,N/A,N/A,N/A,N/A,N/A,N/A,N/A,N/A,N/A,No,N/A,N/A,N/A,N/A,N/A,N/A,N/A,N/A,N/A,N/A,N/A,N/A,N/A,N/A,N/A,N/A,N/A
Cement and concrete,Ready-mix,"Ready-mixed concrete, Canada, Manitoba, 45 MPa, w/o AEAs",CLF 2025 Material Baselines,https://pcr-epd.s3.us-east-2.amazonaws.com/813.CRMCA_EPD_Manitoba.pdf,0.998650472,Baseline,333,1,m3,Industry,single,industry data,Manitoba ready-mixed concrete industry-average EPD  ,Concrete Manitoba. (2022). Concrete Manitoba Member industry-wide EPD for ready-mixed concrete. ASTM International.,FALSE,Canada Manitoba,2400,kg/m3,999,Placeholder,d_truck,Concrete,3,No,No,No,No,N/A,N/A,N/A,N/A,N/A,N/A,N/A,N/A,N/A,N/A,N/A,N/A,N/A,N/A,N/A,45,N/A,N/A,N/A,N/A,N/A,N/A,333,N/A,N/A,N/A,1.5978407557354900,0.5292847503373820,0.0000094072874494,33.5446693657220000,1694.1905533063400000,No,N/A,N/A,N/A,N/A,N/A,N/A,N/A,N/A,N/A,N/A,N/A,N/A,N/A,N/A,N/A,N/A,N/A
Cement and concrete,Ready-mix,"Ready-mixed concrete, Canada, Manitoba, 45 MPa, w/o AEAs",N/A,N/A,#VALUE!,High-80th%,N/A,N/A,N/A,N/A,N/A,N/A,N/A,N/A,N/A,N/A,N/A,N/A,999,Placeholder,d_truck,Concrete,3,No,No,No,No,N/A,N/A,N/A,N/A,N/A,N/A,N/A,N/A,N/A,N/A,N/A,N/A,N/A,N/A,N/A,45,N/A,N/A,N/A,N/A,N/A,N/A,N/A,N/A,N/A,N/A,N/A,N/A,N/A,N/A,N/A,No,N/A,N/A,N/A,N/A,N/A,N/A,N/A,N/A,N/A,N/A,N/A,N/A,N/A,N/A,N/A,N/A,N/A
Cement and concrete,Ready-mix,"Ready-mixed concrete, Canada, Manitoba, 45 MPa, w/o AEAs",N/A,N/A,#VALUE!,Low-20th%,N/A,N/A,N/A,N/A,N/A,N/A,N/A,N/A,N/A,N/A,N/A,N/A,999,Placeholder,d_truck,Concrete,3,No,No,No,No,N/A,N/A,N/A,N/A,N/A,N/A,N/A,N/A,N/A,N/A,N/A,N/A,N/A,N/A,N/A,45,N/A,N/A,N/A,N/A,N/A,N/A,N/A,N/A,N/A,N/A,N/A,N/A,N/A,N/A,N/A,No,N/A,N/A,N/A,N/A,N/A,N/A,N/A,N/A,N/A,N/A,N/A,N/A,N/A,N/A,N/A,N/A,N/A
Cement and concrete,Ready-mix,"Ready-mixed concrete, Canada, Manitoba, 50 MPa, w/ AEAs",CLF 2025 Material Baselines,https://pcr-epd.s3.us-east-2.amazonaws.com/813.CRMCA_EPD_Manitoba.pdf,1.000176799,Baseline,396,1,m3,Industry,single,industry data,Manitoba ready-mixed concrete industry-average EPD  ,Concrete Manitoba. (2022). Concrete Manitoba Member industry-wide EPD for ready-mixed concrete. ASTM International.,FALSE,Canada Manitoba,2400,kg/m3,999,Placeholder,d_truck,Concrete,3,No,No,No,No,N/A,N/A,N/A,N/A,N/A,N/A,N/A,N/A,N/A,N/A,N/A,N/A,N/A,N/A,N/A,50,N/A,N/A,N/A,N/A,N/A,N/A,396,N/A,N/A,N/A,1.8503270780188400,0.6301113833253350,0.0000111019624681,38.5768191346955000,2028.7586189477900000,No,N/A,N/A,N/A,N/A,N/A,N/A,N/A,N/A,N/A,N/A,N/A,N/A,N/A,N/A,N/A,N/A,N/A
Cement and concrete,Ready-mix,"Ready-mixed concrete, Canada, Manitoba, 50 MPa, w/ AEAs",N/A,N/A,#VALUE!,High-80th%,N/A,N/A,N/A,N/A,N/A,N/A,N/A,N/A,N/A,N/A,N/A,N/A,999,Placeholder,d_truck,Concrete,3,No,No,No,No,N/A,N/A,N/A,N/A,N/A,N/A,N/A,N/A,N/A,N/A,N/A,N/A,N/A,N/A,N/A,50,N/A,N/A,N/A,N/A,N/A,N/A,N/A,N/A,N/A,N/A,N/A,N/A,N/A,N/A,N/A,No,N/A,N/A,N/A,N/A,N/A,N/A,N/A,N/A,N/A,N/A,N/A,N/A,N/A,N/A,N/A,N/A,N/A
Cement and concrete,Ready-mix,"Ready-mixed concrete, Canada, Manitoba, 50 MPa, w/ AEAs",N/A,N/A,#VALUE!,Low-20th%,N/A,N/A,N/A,N/A,N/A,N/A,N/A,N/A,N/A,N/A,N/A,N/A,999,Placeholder,d_truck,Concrete,3,No,No,No,No,N/A,N/A,N/A,N/A,N/A,N/A,N/A,N/A,N/A,N/A,N/A,N/A,N/A,N/A,N/A,50,N/A,N/A,N/A,N/A,N/A,N/A,N/A,N/A,N/A,N/A,N/A,N/A,N/A,N/A,N/A,No,N/A,N/A,N/A,N/A,N/A,N/A,N/A,N/A,N/A,N/A,N/A,N/A,N/A,N/A,N/A,N/A,N/A
Cement and concrete,Ready-mix,"Ready-mixed concrete, Canada, Manitoba, 50 MPa, w/o AEAs",CLF 2025 Material Baselines,https://pcr-epd.s3.us-east-2.amazonaws.com/813.CRMCA_EPD_Manitoba.pdf,0.999972753,Baseline,367,1,m3,Industry,single,industry data,Manitoba ready-mixed concrete industry-average EPD  ,Concrete Manitoba. (2022). Concrete Manitoba Member industry-wide EPD for ready-mixed concrete. ASTM International.,FALSE,Canada Manitoba,2400,kg/m3,999,Placeholder,d_truck,Concrete,3,No,No,No,No,N/A,N/A,N/A,N/A,N/A,N/A,N/A,N/A,N/A,N/A,N/A,N/A,N/A,N/A,N/A,50,N/A,N/A,N/A,N/A,N/A,N/A,367,N/A,N/A,N/A,1.7399525898476900,0.5899839241437560,0.0000103997166290,36.4990054766900000,1845.6797089997500000,No,N/A,N/A,N/A,N/A,N/A,N/A,N/A,N/A,N/A,N/A,N/A,N/A,N/A,N/A,N/A,N/A,N/A
Cement and concrete,Ready-mix,"Ready-mixed concrete, Canada, Manitoba, 50 MPa, w/o AEAs",N/A,N/A,#VALUE!,High-80th%,N/A,N/A,N/A,N/A,N/A,N/A,N/A,N/A,N/A,N/A,N/A,N/A,999,Placeholder,d_truck,Concrete,3,No,No,No,No,N/A,N/A,N/A,N/A,N/A,N/A,N/A,N/A,N/A,N/A,N/A,N/A,N/A,N/A,N/A,50,N/A,N/A,N/A,N/A,N/A,N/A,N/A,N/A,N/A,N/A,N/A,N/A,N/A,N/A,N/A,No,N/A,N/A,N/A,N/A,N/A,N/A,N/A,N/A,N/A,N/A,N/A,N/A,N/A,N/A,N/A,N/A,N/A
Cement and concrete,Ready-mix,"Ready-mixed concrete, Canada, Manitoba, 50 MPa, w/o AEAs",N/A,N/A,#VALUE!,Low-20th%,N/A,N/A,N/A,N/A,N/A,N/A,N/A,N/A,N/A,N/A,N/A,N/A,999,Placeholder,d_truck,Concrete,3,No,No,No,No,N/A,N/A,N/A,N/A,N/A,N/A,N/A,N/A,N/A,N/A,N/A,N/A,N/A,N/A,N/A,50,N/A,N/A,N/A,N/A,N/A,N/A,N/A,N/A,N/A,N/A,N/A,N/A,N/A,N/A,N/A,No,N/A,N/A,N/A,N/A,N/A,N/A,N/A,N/A,N/A,N/A,N/A,N/A,N/A,N/A,N/A,N/A,N/A
Cement and concrete,Ready-mix,"Ready-mixed concrete, Canada, Ontario, 20 MPa, w/ AEAs",CLF 2025 Material Baselines,https://www.rmcao.org/wp-content/uploads/2023/04/CRMCA-EPD-Ontario-20220803.pdf,0.999295651,Baseline,227,1,m3,Industry,single,industry data,Ontario ready-mixed concrete industry-average EPD  ,Concrete Ontario. (2022). Concrete Ontario Member industry-wide EPD for ready-mixed concrete. ASTM International.,FALSE,Canada Ontario,2400,kg/m3,999,Placeholder,d_truck,Concrete,3,No,No,No,No,N/A,N/A,N/A,N/A,N/A,N/A,N/A,N/A,N/A,N/A,N/A,N/A,N/A,N/A,N/A,20,N/A,N/A,N/A,N/A,N/A,N/A,227,N/A,N/A,N/A,1.1092181722134200,0.1798732171156890,0.0000056460204261,19.2164553618595000,568.3194224335270000,No,N/A,N/A,N/A,N/A,N/A,N/A,N/A,N/A,N/A,N/A,N/A,N/A,N/A,N/A,N/A,N/A,N/A
Cement and concrete,Ready-mix,"Ready-mixed concrete, Canada, Ontario, 20 MPa, w/ AEAs",N/A,N/A,#VALUE!,High-80th%,N/A,N/A,N/A,N/A,N/A,N/A,N/A,N/A,N/A,N/A,N/A,N/A,999,Placeholder,d_truck,Concrete,3,No,No,No,No,N/A,N/A,N/A,N/A,N/A,N/A,N/A,N/A,N/A,N/A,N/A,N/A,N/A,N/A,N/A,20,N/A,N/A,N/A,N/A,N/A,N/A,N/A,N/A,N/A,N/A,N/A,N/A,N/A,N/A,N/A,No,N/A,N/A,N/A,N/A,N/A,N/A,N/A,N/A,N/A,N/A,N/A,N/A,N/A,N/A,N/A,N/A,N/A
Cement and concrete,Ready-mix,"Ready-mixed concrete, Canada, Ontario, 20 MPa, w/ AEAs",N/A,N/A,#VALUE!,Low-20th%,N/A,N/A,N/A,N/A,N/A,N/A,N/A,N/A,N/A,N/A,N/A,N/A,999,Placeholder,d_truck,Concrete,3,No,No,No,No,N/A,N/A,N/A,N/A,N/A,N/A,N/A,N/A,N/A,N/A,N/A,N/A,N/A,N/A,N/A,20,N/A,N/A,N/A,N/A,N/A,N/A,N/A,N/A,N/A,N/A,N/A,N/A,N/A,N/A,N/A,No,N/A,N/A,N/A,N/A,N/A,N/A,N/A,N/A,N/A,N/A,N/A,N/A,N/A,N/A,N/A,N/A,N/A
Cement and concrete,Ready-mix,"Ready-mixed concrete, Canada, Ontario, 20 MPa, w/o AEAs",CLF 2025 Material Baselines,https://www.rmcao.org/wp-content/uploads/2023/04/CRMCA-EPD-Ontario-20220803.pdf,0.998683553,Baseline,220,1,m3,Industry,single,industry data,Ontario ready-mixed concrete industry-average EPD  ,Concrete Ontario. (2022). Concrete Ontario Member industry-wide EPD for ready-mixed concrete. ASTM International.,FALSE,Canada Ontario,2400,kg/m3,999,Placeholder,d_truck,Concrete,3,No,No,No,No,N/A,N/A,N/A,N/A,N/A,N/A,N/A,N/A,N/A,N/A,N/A,N/A,N/A,N/A,N/A,20,N/A,N/A,N/A,N/A,N/A,N/A,220,N/A,N/A,N/A,1.0885650733124500,0.1697762040946030,0.0000054528122021,18.9650006809206000,573.2843070497980000,No,N/A,N/A,N/A,N/A,N/A,N/A,N/A,N/A,N/A,N/A,N/A,N/A,N/A,N/A,N/A,N/A,N/A
Cement and concrete,Ready-mix,"Ready-mixed concrete, Canada, Ontario, 20 MPa, w/o AEAs",N/A,N/A,#VALUE!,High-80th%,N/A,N/A,N/A,N/A,N/A,N/A,N/A,N/A,N/A,N/A,N/A,N/A,999,Placeholder,d_truck,Concrete,3,No,No,No,No,N/A,N/A,N/A,N/A,N/A,N/A,N/A,N/A,N/A,N/A,N/A,N/A,N/A,N/A,N/A,20,N/A,N/A,N/A,N/A,N/A,N/A,N/A,N/A,N/A,N/A,N/A,N/A,N/A,N/A,N/A,No,N/A,N/A,N/A,N/A,N/A,N/A,N/A,N/A,N/A,N/A,N/A,N/A,N/A,N/A,N/A,N/A,N/A
Cement and concrete,Ready-mix,"Ready-mixed concrete, Canada, Ontario, 20 MPa, w/o AEAs",N/A,N/A,#VALUE!,Low-20th%,N/A,N/A,N/A,N/A,N/A,N/A,N/A,N/A,N/A,N/A,N/A,N/A,999,Placeholder,d_truck,Concrete,3,No,No,No,No,N/A,N/A,N/A,N/A,N/A,N/A,N/A,N/A,N/A,N/A,N/A,N/A,N/A,N/A,N/A,20,N/A,N/A,N/A,N/A,N/A,N/A,N/A,N/A,N/A,N/A,N/A,N/A,N/A,N/A,N/A,No,N/A,N/A,N/A,N/A,N/A,N/A,N/A,N/A,N/A,N/A,N/A,N/A,N/A,N/A,N/A,N/A,N/A
Cement and concrete,Ready-mix,"Ready-mixed concrete, Canada, Ontario, 25 MPa, w/ AEAs",CLF 2025 Material Baselines,https://www.rmcao.org/wp-content/uploads/2023/04/CRMCA-EPD-Ontario-20220803.pdf,1.001381215,Baseline,261,1,m3,Industry,single,industry data,Ontario ready-mixed concrete industry-average EPD  ,Concrete Ontario. (2022). Concrete Ontario Member industry-wide EPD for ready-mixed concrete. ASTM International.,FALSE,Canada Ontario,2400,kg/m3,999,Placeholder,d_truck,Concrete,3,No,No,No,No,N/A,N/A,N/A,N/A,N/A,N/A,N/A,N/A,N/A,N/A,N/A,N/A,N/A,N/A,N/A,25,N/A,N/A,N/A,N/A,N/A,N/A,261,N/A,N/A,N/A,1.2417127071823200,0.2002762430939230,0.0000065290055249,21.2292817679558000,584.7165055248620000,No,N/A,N/A,N/A,N/A,N/A,N/A,N/A,N/A,N/A,N/A,N/A,N/A,N/A,N/A,N/A,N/A,N/A
Cement and concrete,Ready-mix,"Ready-mixed concrete, Canada, Ontario, 25 MPa, w/ AEAs",N/A,N/A,#VALUE!,High-80th%,N/A,N/A,N/A,N/A,N/A,N/A,N/A,N/A,N/A,N/A,N/A,N/A,999,Placeholder,d_truck,Concrete,3,No,No,No,No,N/A,N/A,N/A,N/A,N/A,N/A,N/A,N/A,N/A,N/A,N/A,N/A,N/A,N/A,N/A,25,N/A,N/A,N/A,N/A,N/A,N/A,N/A,N/A,N/A,N/A,N/A,N/A,N/A,N/A,N/A,No,N/A,N/A,N/A,N/A,N/A,N/A,N/A,N/A,N/A,N/A,N/A,N/A,N/A,N/A,N/A,N/A,N/A
Cement and concrete,Ready-mix,"Ready-mixed concrete, Canada, Ontario, 25 MPa, w/ AEAs",N/A,N/A,#VALUE!,Low-20th%,N/A,N/A,N/A,N/A,N/A,N/A,N/A,N/A,N/A,N/A,N/A,N/A,999,Placeholder,d_truck,Concrete,3,No,No,No,No,N/A,N/A,N/A,N/A,N/A,N/A,N/A,N/A,N/A,N/A,N/A,N/A,N/A,N/A,N/A,25,N/A,N/A,N/A,N/A,N/A,N/A,N/A,N/A,N/A,N/A,N/A,N/A,N/A,N/A,N/A,No,N/A,N/A,N/A,N/A,N/A,N/A,N/A,N/A,N/A,N/A,N/A,N/A,N/A,N/A,N/A,N/A,N/A
Cement and concrete,Ready-mix,"Ready-mixed concrete, Canada, Ontario, 25 MPa, w/o AEAs",CLF 2025 Material Baselines,https://www.rmcao.org/wp-content/uploads/2023/04/CRMCA-EPD-Ontario-20220803.pdf,0.999803188,Baseline,254,1,m3,Industry,single,industry data,Ontario ready-mixed concrete industry-average EPD  ,Concrete Ontario. (2022). Concrete Ontario Member industry-wide EPD for ready-mixed concrete. ASTM International.,FALSE,Canada Ontario,2400,kg/m3,999,Placeholder,d_truck,Concrete,3,No,No,No,No,N/A,N/A,N/A,N/A,N/A,N/A,N/A,N/A,N/A,N/A,N/A,N/A,N/A,N/A,N/A,25,N/A,N/A,N/A,N/A,N/A,N/A,254,N/A,N/A,N/A,1.2197598897854800,0.1999606376697500,0.0000063487502460,20.9558748277898000,587.5443416650270000,No,N/A,N/A,N/A,N/A,N/A,N/A,N/A,N/A,N/A,N/A,N/A,N/A,N/A,N/A,N/A,N/A,N/A
Cement and concrete,Ready-mix,"Ready-mixed concrete, Canada, Ontario, 25 MPa, w/o AEAs",N/A,N/A,#VALUE!,High-80th%,N/A,N/A,N/A,N/A,N/A,N/A,N/A,N/A,N/A,N/A,N/A,N/A,999,Placeholder,d_truck,Concrete,3,No,No,No,No,N/A,N/A,N/A,N/A,N/A,N/A,N/A,N/A,N/A,N/A,N/A,N/A,N/A,N/A,N/A,25,N/A,N/A,N/A,N/A,N/A,N/A,N/A,N/A,N/A,N/A,N/A,N/A,N/A,N/A,N/A,No,N/A,N/A,N/A,N/A,N/A,N/A,N/A,N/A,N/A,N/A,N/A,N/A,N/A,N/A,N/A,N/A,N/A
Cement and concrete,Ready-mix,"Ready-mixed concrete, Canada, Ontario, 25 MPa, w/o AEAs",N/A,N/A,#VALUE!,Low-20th%,N/A,N/A,N/A,N/A,N/A,N/A,N/A,N/A,N/A,N/A,N/A,N/A,999,Placeholder,d_truck,Concrete,3,No,No,No,No,N/A,N/A,N/A,N/A,N/A,N/A,N/A,N/A,N/A,N/A,N/A,N/A,N/A,N/A,N/A,25,N/A,N/A,N/A,N/A,N/A,N/A,N/A,N/A,N/A,N/A,N/A,N/A,N/A,N/A,N/A,No,N/A,N/A,N/A,N/A,N/A,N/A,N/A,N/A,N/A,N/A,N/A,N/A,N/A,N/A,N/A,N/A,N/A
Cement and concrete,Ready-mix,"Ready-mixed concrete, Canada, Ontario, 30 MPa, w/ AEAs",CLF 2025 Material Baselines,https://www.rmcao.org/wp-content/uploads/2023/04/CRMCA-EPD-Ontario-20220803.pdf,1.000956546,Baseline,293,1,m3,Industry,single,industry data,Ontario ready-mixed concrete industry-average EPD  ,Concrete Ontario. (2022). Concrete Ontario Member industry-wide EPD for ready-mixed concrete. ASTM International.,FALSE,Canada Ontario,2400,kg/m3,999,Placeholder,d_truck,Concrete,3,No,No,No,No,N/A,N/A,N/A,N/A,N/A,N/A,N/A,N/A,N/A,N/A,N/A,N/A,N/A,N/A,N/A,30,N/A,N/A,N/A,N/A,N/A,N/A,293,N/A,N/A,N/A,1.4013391637059300,0.2302200054659740,0.0000077474036622,23.6025553429899000,603.4066343263190000,No,N/A,N/A,N/A,N/A,N/A,N/A,N/A,N/A,N/A,N/A,N/A,N/A,N/A,N/A,N/A,N/A,N/A
Cement and concrete,Ready-mix,"Ready-mixed concrete, Canada, Ontario, 30 MPa, w/ AEAs",N/A,N/A,#VALUE!,High-80th%,N/A,N/A,N/A,N/A,N/A,N/A,N/A,N/A,N/A,N/A,N/A,N/A,999,Placeholder,d_truck,Concrete,3,No,No,No,No,N/A,N/A,N/A,N/A,N/A,N/A,N/A,N/A,N/A,N/A,N/A,N/A,N/A,N/A,N/A,30,N/A,N/A,N/A,N/A,N/A,N/A,N/A,N/A,N/A,N/A,N/A,N/A,N/A,N/A,N/A,No,N/A,N/A,N/A,N/A,N/A,N/A,N/A,N/A,N/A,N/A,N/A,N/A,N/A,N/A,N/A,N/A,N/A
Cement and concrete,Ready-mix,"Ready-mixed concrete, Canada, Ontario, 30 MPa, w/ AEAs",N/A,N/A,#VALUE!,Low-20th%,N/A,N/A,N/A,N/A,N/A,N/A,N/A,N/A,N/A,N/A,N/A,N/A,999,Placeholder,d_truck,Concrete,3,No,No,No,No,N/A,N/A,N/A,N/A,N/A,N/A,N/A,N/A,N/A,N/A,N/A,N/A,N/A,N/A,N/A,30,N/A,N/A,N/A,N/A,N/A,N/A,N/A,N/A,N/A,N/A,N/A,N/A,N/A,N/A,N/A,No,N/A,N/A,N/A,N/A,N/A,N/A,N/A,N/A,N/A,N/A,N/A,N/A,N/A,N/A,N/A,N/A,N/A
Cement and concrete,Ready-mix,"Ready-mixed concrete, Canada, Ontario, 30 MPa, w/o AEAs",CLF 2025 Material Baselines,https://www.rmcao.org/wp-content/uploads/2023/04/CRMCA-EPD-Ontario-20220803.pdf,0.998562675,Baseline,264,1,m3,Industry,single,industry data,Ontario ready-mixed concrete industry-average EPD  ,Concrete Ontario. (2022). Concrete Ontario Member industry-wide EPD for ready-mixed concrete. ASTM International.,FALSE,Canada Ontario,2400,kg/m3,999,Placeholder,d_truck,Concrete,3,No,No,No,No,N/A,N/A,N/A,N/A,N/A,N/A,N/A,N/A,N/A,N/A,N/A,N/A,N/A,N/A,N/A,30,N/A,N/A,N/A,N/A,N/A,N/A,264,N/A,N/A,N/A,1.2881458506694900,0.2096981617368940,0.0000069400105908,22.0882063696195000,596.0620319237460000,No,N/A,N/A,N/A,N/A,N/A,N/A,N/A,N/A,N/A,N/A,N/A,N/A,N/A,N/A,N/A,N/A,N/A
Cement and concrete,Ready-mix,"Ready-mixed concrete, Canada, Ontario, 30 MPa, w/o AEAs",N/A,N/A,#VALUE!,High-80th%,N/A,N/A,N/A,N/A,N/A,N/A,N/A,N/A,N/A,N/A,N/A,N/A,999,Placeholder,d_truck,Concrete,3,No,No,No,No,N/A,N/A,N/A,N/A,N/A,N/A,N/A,N/A,N/A,N/A,N/A,N/A,N/A,N/A,N/A,30,N/A,N/A,N/A,N/A,N/A,N/A,N/A,N/A,N/A,N/A,N/A,N/A,N/A,N/A,N/A,No,N/A,N/A,N/A,N/A,N/A,N/A,N/A,N/A,N/A,N/A,N/A,N/A,N/A,N/A,N/A,N/A,N/A
Cement and concrete,Ready-mix,"Ready-mixed concrete, Canada, Ontario, 30 MPa, w/o AEAs",N/A,N/A,#VALUE!,Low-20th%,N/A,N/A,N/A,N/A,N/A,N/A,N/A,N/A,N/A,N/A,N/A,N/A,999,Placeholder,d_truck,Concrete,3,No,No,No,No,N/A,N/A,N/A,N/A,N/A,N/A,N/A,N/A,N/A,N/A,N/A,N/A,N/A,N/A,N/A,30,N/A,N/A,N/A,N/A,N/A,N/A,N/A,N/A,N/A,N/A,N/A,N/A,N/A,N/A,N/A,No,N/A,N/A,N/A,N/A,N/A,N/A,N/A,N/A,N/A,N/A,N/A,N/A,N/A,N/A,N/A,N/A,N/A
Cement and concrete,Ready-mix,"Ready-mixed concrete, Canada, Ontario, 32 MPa, w/ AEAs",CLF 2025 Material Baselines,https://www.rmcao.org/wp-content/uploads/2023/04/CRMCA-EPD-Ontario-20220803.pdf,0.998590945,Baseline,326,1,m3,Industry,single,industry data,Ontario ready-mixed concrete industry-average EPD  ,Concrete Ontario. (2022). Concrete Ontario Member industry-wide EPD for ready-mixed concrete. ASTM International.,FALSE,Canada Ontario,2400,kg/m3,999,Placeholder,d_truck,Concrete,3,No,No,No,No,N/A,N/A,N/A,N/A,N/A,N/A,N/A,N/A,N/A,N/A,N/A,N/A,N/A,N/A,N/A,32,N/A,N/A,N/A,N/A,N/A,N/A,326,N/A,N/A,N/A,1.4978864179378800,0.2496477363229800,0.0000082283893892,24.8749004472217000,614.6626845555350000,No,N/A,N/A,N/A,N/A,N/A,N/A,N/A,N/A,N/A,N/A,N/A,N/A,N/A,N/A,N/A,N/A,N/A
Cement and concrete,Ready-mix,"Ready-mixed concrete, Canada, Ontario, 32 MPa, w/ AEAs",N/A,N/A,#VALUE!,High-80th%,N/A,N/A,N/A,N/A,N/A,N/A,N/A,N/A,N/A,N/A,N/A,N/A,999,Placeholder,d_truck,Concrete,3,No,No,No,No,N/A,N/A,N/A,N/A,N/A,N/A,N/A,N/A,N/A,N/A,N/A,N/A,N/A,N/A,N/A,32,N/A,N/A,N/A,N/A,N/A,N/A,N/A,N/A,N/A,N/A,N/A,N/A,N/A,N/A,N/A,No,N/A,N/A,N/A,N/A,N/A,N/A,N/A,N/A,N/A,N/A,N/A,N/A,N/A,N/A,N/A,N/A,N/A
Cement and concrete,Ready-mix,"Ready-mixed concrete, Canada, Ontario, 32 MPa, w/ AEAs",N/A,N/A,#VALUE!,Low-20th%,N/A,N/A,N/A,N/A,N/A,N/A,N/A,N/A,N/A,N/A,N/A,N/A,999,Placeholder,d_truck,Concrete,3,No,No,No,No,N/A,N/A,N/A,N/A,N/A,N/A,N/A,N/A,N/A,N/A,N/A,N/A,N/A,N/A,N/A,32,N/A,N/A,N/A,N/A,N/A,N/A,N/A,N/A,N/A,N/A,N/A,N/A,N/A,N/A,N/A,No,N/A,N/A,N/A,N/A,N/A,N/A,N/A,N/A,N/A,N/A,N/A,N/A,N/A,N/A,N/A,N/A,N/A
Cement and concrete,Ready-mix,"Ready-mixed concrete, Canada, Ontario, 32 MPa, w/o AEAs",CLF 2025 Material Baselines,https://www.rmcao.org/wp-content/uploads/2023/04/CRMCA-EPD-Ontario-20220803.pdf,#VALUE!,Baseline,264,1,m3,Industry,single,industry data,Ontario ready-mixed concrete industry-average EPD  ,Concrete Ontario. (2022). Concrete Ontario Member industry-wide EPD for ready-mixed concrete. ASTM International.,FALSE,Canada Ontario,2400,kg/m3,999,Placeholder,d_truck,Concrete,3,No,No,No,No,N/A,N/A,N/A,N/A,N/A,N/A,N/A,N/A,N/A,N/A,N/A,N/A,N/A,N/A,N/A,32,N/A,N/A,N/A,N/A,N/A,N/A,N/A,N/A,N/A,N/A,N/A,N/A,N/A,N/A,N/A,No,N/A,N/A,N/A,N/A,N/A,N/A,N/A,N/A,N/A,N/A,N/A,N/A,N/A,N/A,N/A,N/A,N/A
Cement and concrete,Ready-mix,"Ready-mixed concrete, Canada, Ontario, 32 MPa, w/o AEAs",N/A,N/A,#VALUE!,High-80th%,N/A,N/A,N/A,N/A,N/A,N/A,N/A,N/A,N/A,N/A,N/A,N/A,999,Placeholder,d_truck,Concrete,3,No,No,No,No,N/A,N/A,N/A,N/A,N/A,N/A,N/A,N/A,N/A,N/A,N/A,N/A,N/A,N/A,N/A,32,N/A,N/A,N/A,N/A,N/A,N/A,N/A,N/A,N/A,N/A,N/A,N/A,N/A,N/A,N/A,No,N/A,N/A,N/A,N/A,N/A,N/A,N/A,N/A,N/A,N/A,N/A,N/A,N/A,N/A,N/A,N/A,N/A
Cement and concrete,Ready-mix,"Ready-mixed concrete, Canada, Ontario, 32 MPa, w/o AEAs",N/A,N/A,#VALUE!,Low-20th%,N/A,N/A,N/A,N/A,N/A,N/A,N/A,N/A,N/A,N/A,N/A,N/A,999,Placeholder,d_truck,Concrete,3,No,No,No,No,N/A,N/A,N/A,N/A,N/A,N/A,N/A,N/A,N/A,N/A,N/A,N/A,N/A,N/A,N/A,32,N/A,N/A,N/A,N/A,N/A,N/A,N/A,N/A,N/A,N/A,N/A,N/A,N/A,N/A,N/A,No,N/A,N/A,N/A,N/A,N/A,N/A,N/A,N/A,N/A,N/A,N/A,N/A,N/A,N/A,N/A,N/A,N/A
Cement and concrete,Ready-mix,"Ready-mixed concrete, Canada, Ontario, 35 MPa, w/ AEAs",CLF 2025 Material Baselines,https://www.rmcao.org/wp-content/uploads/2023/04/CRMCA-EPD-Ontario-20220803.pdf,0.998535083,Baseline,334,1,m3,Industry,single,industry data,Ontario ready-mixed concrete industry-average EPD  ,Concrete Ontario. (2022). Concrete Ontario Member industry-wide EPD for ready-mixed concrete. ASTM International.,FALSE,Canada Ontario,2400,kg/m3,999,Placeholder,d_truck,Concrete,3,No,No,No,No,N/A,N/A,N/A,N/A,N/A,N/A,N/A,N/A,N/A,N/A,N/A,N/A,N/A,N/A,N/A,35,N/A,N/A,N/A,N/A,N/A,N/A,334,N/A,N/A,N/A,1.5677000807199000,0.2596191216478820,0.0000088769768902,26.0517803222817000,626.2512481688540000,No,N/A,N/A,N/A,N/A,N/A,N/A,N/A,N/A,N/A,N/A,N/A,N/A,N/A,N/A,N/A,N/A,N/A
Cement and concrete,Ready-mix,"Ready-mixed concrete, Canada, Ontario, 35 MPa, w/ AEAs",N/A,N/A,#VALUE!,High-80th%,N/A,N/A,N/A,N/A,N/A,N/A,N/A,N/A,N/A,N/A,N/A,N/A,999,Placeholder,d_truck,Concrete,3,No,No,No,No,N/A,N/A,N/A,N/A,N/A,N/A,N/A,N/A,N/A,N/A,N/A,N/A,N/A,N/A,N/A,35,N/A,N/A,N/A,N/A,N/A,N/A,N/A,N/A,N/A,N/A,N/A,N/A,N/A,N/A,N/A,No,N/A,N/A,N/A,N/A,N/A,N/A,N/A,N/A,N/A,N/A,N/A,N/A,N/A,N/A,N/A,N/A,N/A
Cement and concrete,Ready-mix,"Ready-mixed concrete, Canada, Ontario, 35 MPa, w/ AEAs",N/A,N/A,#VALUE!,Low-20th%,N/A,N/A,N/A,N/A,N/A,N/A,N/A,N/A,N/A,N/A,N/A,N/A,999,Placeholder,d_truck,Concrete,3,No,No,No,No,N/A,N/A,N/A,N/A,N/A,N/A,N/A,N/A,N/A,N/A,N/A,N/A,N/A,N/A,N/A,35,N/A,N/A,N/A,N/A,N/A,N/A,N/A,N/A,N/A,N/A,N/A,N/A,N/A,N/A,N/A,No,N/A,N/A,N/A,N/A,N/A,N/A,N/A,N/A,N/A,N/A,N/A,N/A,N/A,N/A,N/A,N/A,N/A
Cement and concrete,Ready-mix,"Ready-mixed concrete, Canada, Ontario, 35 MPa, w/o AEAs",CLF 2025 Material Baselines,https://www.rmcao.org/wp-content/uploads/2023/04/CRMCA-EPD-Ontario-20220803.pdf,0.998443106,Baseline,295,1,m3,Industry,single,industry data,Ontario ready-mixed concrete industry-average EPD  ,Concrete Ontario. (2022). Concrete Ontario Member industry-wide EPD for ready-mixed concrete. ASTM International.,FALSE,Canada Ontario,2400,kg/m3,999,Placeholder,d_truck,Concrete,3,No,No,No,No,N/A,N/A,N/A,N/A,N/A,N/A,N/A,N/A,N/A,N/A,N/A,N/A,N/A,N/A,N/A,35,N/A,N/A,N/A,N/A,N/A,N/A,295,N/A,N/A,N/A,1.4177892100453500,0.2296419143031210,0.0000077978406552,23.9426656738645000,615.5501590739860000,No,N/A,N/A,N/A,N/A,N/A,N/A,N/A,N/A,N/A,N/A,N/A,N/A,N/A,N/A,N/A,N/A,N/A
Cement and concrete,Ready-mix,"Ready-mixed concrete, Canada, Ontario, 35 MPa, w/o AEAs",N/A,N/A,#VALUE!,High-80th%,N/A,N/A,N/A,N/A,N/A,N/A,N/A,N/A,N/A,N/A,N/A,N/A,999,Placeholder,d_truck,Concrete,3,No,No,No,No,N/A,N/A,N/A,N/A,N/A,N/A,N/A,N/A,N/A,N/A,N/A,N/A,N/A,N/A,N/A,35,N/A,N/A,N/A,N/A,N/A,N/A,N/A,N/A,N/A,N/A,N/A,N/A,N/A,N/A,N/A,No,N/A,N/A,N/A,N/A,N/A,N/A,N/A,N/A,N/A,N/A,N/A,N/A,N/A,N/A,N/A,N/A,N/A
Cement and concrete,Ready-mix,"Ready-mixed concrete, Canada, Ontario, 35 MPa, w/o AEAs",N/A,N/A,#VALUE!,Low-20th%,N/A,N/A,N/A,N/A,N/A,N/A,N/A,N/A,N/A,N/A,N/A,N/A,999,Placeholder,d_truck,Concrete,3,No,No,No,No,N/A,N/A,N/A,N/A,N/A,N/A,N/A,N/A,N/A,N/A,N/A,N/A,N/A,N/A,N/A,35,N/A,N/A,N/A,N/A,N/A,N/A,N/A,N/A,N/A,N/A,N/A,N/A,N/A,N/A,N/A,No,N/A,N/A,N/A,N/A,N/A,N/A,N/A,N/A,N/A,N/A,N/A,N/A,N/A,N/A,N/A,N/A,N/A
Cement and concrete,Ready-mix,"Ready-mixed concrete, Canada, Ontario, 40 MPa, w/ AEAs",CLF 2025 Material Baselines,https://www.rmcao.org/wp-content/uploads/2023/04/CRMCA-EPD-Ontario-20220803.pdf,1.000967787,Baseline,362,1,m3,Industry,single,industry data,Ontario ready-mixed concrete industry-average EPD  ,Concrete Ontario. (2022). Concrete Ontario Member industry-wide EPD for ready-mixed concrete. ASTM International.,FALSE,Canada Ontario,2400,kg/m3,999,Placeholder,d_truck,Concrete,3,No,No,No,No,N/A,N/A,N/A,N/A,N/A,N/A,N/A,N/A,N/A,N/A,N/A,N/A,N/A,N/A,N/A,40,N/A,N/A,N/A,N/A,N/A,N/A,362,N/A,N/A,N/A,1.6716162035116800,0.2902806580948430,0.0000096293101065,27.6467302640675000,656.2545002073830000,No,N/A,N/A,N/A,N/A,N/A,N/A,N/A,N/A,N/A,N/A,N/A,N/A,N/A,N/A,N/A,N/A,N/A
Cement and concrete,Ready-mix,"Ready-mixed concrete, Canada, Ontario, 40 MPa, w/ AEAs",N/A,N/A,#VALUE!,High-80th%,N/A,N/A,N/A,N/A,N/A,N/A,N/A,N/A,N/A,N/A,N/A,N/A,999,Placeholder,d_truck,Concrete,3,No,No,No,No,N/A,N/A,N/A,N/A,N/A,N/A,N/A,N/A,N/A,N/A,N/A,N/A,N/A,N/A,N/A,40,N/A,N/A,N/A,N/A,N/A,N/A,N/A,N/A,N/A,N/A,N/A,N/A,N/A,N/A,N/A,No,N/A,N/A,N/A,N/A,N/A,N/A,N/A,N/A,N/A,N/A,N/A,N/A,N/A,N/A,N/A,N/A,N/A
Cement and concrete,Ready-mix,"Ready-mixed concrete, Canada, Ontario, 40 MPa, w/ AEAs",N/A,N/A,#VALUE!,Low-20th%,N/A,N/A,N/A,N/A,N/A,N/A,N/A,N/A,N/A,N/A,N/A,N/A,999,Placeholder,d_truck,Concrete,3,No,No,No,No,N/A,N/A,N/A,N/A,N/A,N/A,N/A,N/A,N/A,N/A,N/A,N/A,N/A,N/A,N/A,40,N/A,N/A,N/A,N/A,N/A,N/A,N/A,N/A,N/A,N/A,N/A,N/A,N/A,N/A,N/A,No,N/A,N/A,N/A,N/A,N/A,N/A,N/A,N/A,N/A,N/A,N/A,N/A,N/A,N/A,N/A,N/A,N/A
Cement and concrete,Ready-mix,"Ready-mixed concrete, Canada, Ontario, 40 MPa, w/o AEAs",CLF 2025 Material Baselines,https://www.rmcao.org/wp-content/uploads/2023/04/CRMCA-EPD-Ontario-20220803.pdf,0.999233716,Baseline,326,1,m3,Industry,single,industry data,Ontario ready-mixed concrete industry-average EPD  ,Concrete Ontario. (2022). Concrete Ontario Member industry-wide EPD for ready-mixed concrete. ASTM International.,FALSE,Canada Ontario,2400,kg/m3,999,Placeholder,d_truck,Concrete,3,No,No,No,No,N/A,N/A,N/A,N/A,N/A,N/A,N/A,N/A,N/A,N/A,N/A,N/A,N/A,N/A,N/A,40,N/A,N/A,N/A,N/A,N/A,N/A,326,N/A,N/A,N/A,1.5388199233716500,0.2598007662835250,0.0000086333793103,25.7202758620690000,644.0760766283530000,No,N/A,N/A,N/A,N/A,N/A,N/A,N/A,N/A,N/A,N/A,N/A,N/A,N/A,N/A,N/A,N/A,N/A
Cement and concrete,Ready-mix,"Ready-mixed concrete, Canada, Ontario, 40 MPa, w/o AEAs",N/A,N/A,#VALUE!,High-80th%,N/A,N/A,N/A,N/A,N/A,N/A,N/A,N/A,N/A,N/A,N/A,N/A,999,Placeholder,d_truck,Concrete,3,No,No,No,No,N/A,N/A,N/A,N/A,N/A,N/A,N/A,N/A,N/A,N/A,N/A,N/A,N/A,N/A,N/A,40,N/A,N/A,N/A,N/A,N/A,N/A,N/A,N/A,N/A,N/A,N/A,N/A,N/A,N/A,N/A,No,N/A,N/A,N/A,N/A,N/A,N/A,N/A,N/A,N/A,N/A,N/A,N/A,N/A,N/A,N/A,N/A,N/A
Cement and concrete,Ready-mix,"Ready-mixed concrete, Canada, Ontario, 40 MPa, w/o AEAs",N/A,N/A,#VALUE!,Low-20th%,N/A,N/A,N/A,N/A,N/A,N/A,N/A,N/A,N/A,N/A,N/A,N/A,999,Placeholder,d_truck,Concrete,3,No,No,No,No,N/A,N/A,N/A,N/A,N/A,N/A,N/A,N/A,N/A,N/A,N/A,N/A,N/A,N/A,N/A,40,N/A,N/A,N/A,N/A,N/A,N/A,N/A,N/A,N/A,N/A,N/A,N/A,N/A,N/A,N/A,No,N/A,N/A,N/A,N/A,N/A,N/A,N/A,N/A,N/A,N/A,N/A,N/A,N/A,N/A,N/A,N/A,N/A
Cement and concrete,Ready-mix,"Ready-mixed concrete, Canada, Ontario, 45 MPa, w/ AEAs",CLF 2025 Material Baselines,https://www.rmcao.org/wp-content/uploads/2023/04/CRMCA-EPD-Ontario-20220803.pdf,0.998814073,Baseline,379,1,m3,Industry,single,industry data,Ontario ready-mixed concrete industry-average EPD  ,Concrete Ontario. (2022). Concrete Ontario Member industry-wide EPD for ready-mixed concrete. ASTM International.,FALSE,Canada Ontario,2400,kg/m3,999,Placeholder,d_truck,Concrete,3,No,No,No,No,N/A,N/A,N/A,N/A,N/A,N/A,N/A,N/A,N/A,N/A,N/A,N/A,N/A,N/A,N/A,45,N/A,N/A,N/A,N/A,N/A,N/A,379,N/A,N/A,N/A,1.7479246277506900,0.2996442219001190,0.0000100880221373,28.7258927394914000,659.1174067729610000,No,N/A,N/A,N/A,N/A,N/A,N/A,N/A,N/A,N/A,N/A,N/A,N/A,N/A,N/A,N/A,N/A,N/A
Cement and concrete,Ready-mix,"Ready-mixed concrete, Canada, Ontario, 45 MPa, w/ AEAs",N/A,N/A,#VALUE!,High-80th%,N/A,N/A,N/A,N/A,N/A,N/A,N/A,N/A,N/A,N/A,N/A,N/A,999,Placeholder,d_truck,Concrete,3,No,No,No,No,N/A,N/A,N/A,N/A,N/A,N/A,N/A,N/A,N/A,N/A,N/A,N/A,N/A,N/A,N/A,45,N/A,N/A,N/A,N/A,N/A,N/A,N/A,N/A,N/A,N/A,N/A,N/A,N/A,N/A,N/A,No,N/A,N/A,N/A,N/A,N/A,N/A,N/A,N/A,N/A,N/A,N/A,N/A,N/A,N/A,N/A,N/A,N/A
Cement and concrete,Ready-mix,"Ready-mixed concrete, Canada, Ontario, 45 MPa, w/ AEAs",N/A,N/A,#VALUE!,Low-20th%,N/A,N/A,N/A,N/A,N/A,N/A,N/A,N/A,N/A,N/A,N/A,N/A,999,Placeholder,d_truck,Concrete,3,No,No,No,No,N/A,N/A,N/A,N/A,N/A,N/A,N/A,N/A,N/A,N/A,N/A,N/A,N/A,N/A,N/A,45,N/A,N/A,N/A,N/A,N/A,N/A,N/A,N/A,N/A,N/A,N/A,N/A,N/A,N/A,N/A,No,N/A,N/A,N/A,N/A,N/A,N/A,N/A,N/A,N/A,N/A,N/A,N/A,N/A,N/A,N/A,N/A,N/A
Cement and concrete,Ready-mix,"Ready-mixed concrete, Canada, Ontario, 45 MPa, w/o AEAs",CLF 2025 Material Baselines,https://www.rmcao.org/wp-content/uploads/2023/04/CRMCA-EPD-Ontario-20220803.pdf,1.000342975,Baseline,350,1,m3,Industry,single,industry data,Ontario ready-mixed concrete industry-average EPD  ,Concrete Ontario. (2022). Concrete Ontario Member industry-wide EPD for ready-mixed concrete. ASTM International.,FALSE,Canada Ontario,2400,kg/m3,999,Placeholder,d_truck,Concrete,3,No,No,No,No,N/A,N/A,N/A,N/A,N/A,N/A,N/A,N/A,N/A,N/A,N/A,N/A,N/A,N/A,N/A,45,N/A,N/A,N/A,N/A,N/A,N/A,350,N/A,N/A,N/A,1.6405624785640800,0.2800960329255750,0.0000093131930948,27.2593460615068000,640.1894935406430000,No,N/A,N/A,N/A,N/A,N/A,N/A,N/A,N/A,N/A,N/A,N/A,N/A,N/A,N/A,N/A,N/A,N/A
Cement and concrete,Ready-mix,"Ready-mixed concrete, Canada, Ontario, 45 MPa, w/o AEAs",N/A,N/A,#VALUE!,High-80th%,N/A,N/A,N/A,N/A,N/A,N/A,N/A,N/A,N/A,N/A,N/A,N/A,999,Placeholder,d_truck,Concrete,3,No,No,No,No,N/A,N/A,N/A,N/A,N/A,N/A,N/A,N/A,N/A,N/A,N/A,N/A,N/A,N/A,N/A,45,N/A,N/A,N/A,N/A,N/A,N/A,N/A,N/A,N/A,N/A,N/A,N/A,N/A,N/A,N/A,No,N/A,N/A,N/A,N/A,N/A,N/A,N/A,N/A,N/A,N/A,N/A,N/A,N/A,N/A,N/A,N/A,N/A
Cement and concrete,Ready-mix,"Ready-mixed concrete, Canada, Ontario, 45 MPa, w/o AEAs",N/A,N/A,#VALUE!,Low-20th%,N/A,N/A,N/A,N/A,N/A,N/A,N/A,N/A,N/A,N/A,N/A,N/A,999,Placeholder,d_truck,Concrete,3,No,No,No,No,N/A,N/A,N/A,N/A,N/A,N/A,N/A,N/A,N/A,N/A,N/A,N/A,N/A,N/A,N/A,45,N/A,N/A,N/A,N/A,N/A,N/A,N/A,N/A,N/A,N/A,N/A,N/A,N/A,N/A,N/A,No,N/A,N/A,N/A,N/A,N/A,N/A,N/A,N/A,N/A,N/A,N/A,N/A,N/A,N/A,N/A,N/A,N/A
Cement and concrete,Ready-mix,"Ready-mixed concrete, Canada, Ontario, 50 MPa, w/ AEAs",CLF 2025 Material Baselines,https://www.rmcao.org/wp-content/uploads/2023/04/CRMCA-EPD-Ontario-20220803.pdf,1.000153196,Baseline,457,1,m3,Industry,single,industry data,Ontario ready-mixed concrete industry-average EPD  ,Concrete Ontario. (2022). Concrete Ontario Member industry-wide EPD for ready-mixed concrete. ASTM International.,FALSE,Canada Ontario,2400,kg/m3,999,Placeholder,d_truck,Concrete,3,No,No,No,No,N/A,N/A,N/A,N/A,N/A,N/A,N/A,N/A,N/A,N/A,N/A,N/A,N/A,N/A,N/A,50,N/A,N/A,N/A,N/A,N/A,N/A,457,N/A,N/A,N/A,2.1903354999671700,0.3700566826428560,0.0000130019915523,36.7156238373493000,872.6736699275600000,No,N/A,N/A,N/A,N/A,N/A,N/A,N/A,N/A,N/A,N/A,N/A,N/A,N/A,N/A,N/A,N/A,N/A
Cement and concrete,Ready-mix,"Ready-mixed concrete, Canada, Ontario, 50 MPa, w/ AEAs",N/A,N/A,#VALUE!,High-80th%,N/A,N/A,N/A,N/A,N/A,N/A,N/A,N/A,N/A,N/A,N/A,N/A,999,Placeholder,d_truck,Concrete,3,No,No,No,No,N/A,N/A,N/A,N/A,N/A,N/A,N/A,N/A,N/A,N/A,N/A,N/A,N/A,N/A,N/A,50,N/A,N/A,N/A,N/A,N/A,N/A,N/A,N/A,N/A,N/A,N/A,N/A,N/A,N/A,N/A,No,N/A,N/A,N/A,N/A,N/A,N/A,N/A,N/A,N/A,N/A,N/A,N/A,N/A,N/A,N/A,N/A,N/A
Cement and concrete,Ready-mix,"Ready-mixed concrete, Canada, Ontario, 50 MPa, w/ AEAs",N/A,N/A,#VALUE!,Low-20th%,N/A,N/A,N/A,N/A,N/A,N/A,N/A,N/A,N/A,N/A,N/A,N/A,999,Placeholder,d_truck,Concrete,3,No,No,No,No,N/A,N/A,N/A,N/A,N/A,N/A,N/A,N/A,N/A,N/A,N/A,N/A,N/A,N/A,N/A,50,N/A,N/A,N/A,N/A,N/A,N/A,N/A,N/A,N/A,N/A,N/A,N/A,N/A,N/A,N/A,No,N/A,N/A,N/A,N/A,N/A,N/A,N/A,N/A,N/A,N/A,N/A,N/A,N/A,N/A,N/A,N/A,N/A
Cement and concrete,Ready-mix,"Ready-mixed concrete, Canada, Ontario, 50 MPa, w/o AEAs",CLF 2025 Material Baselines,https://www.rmcao.org/wp-content/uploads/2023/04/CRMCA-EPD-Ontario-20220803.pdf,1.000714796,Baseline,336,1,m3,Industry,single,industry data,Ontario ready-mixed concrete industry-average EPD  ,Concrete Ontario. (2022). Concrete Ontario Member industry-wide EPD for ready-mixed concrete. ASTM International.,FALSE,Canada Ontario,2400,kg/m3,999,Placeholder,d_truck,Concrete,3,No,No,No,No,N/A,N/A,N/A,N/A,N/A,N/A,N/A,N/A,N/A,N/A,N/A,N/A,N/A,N/A,N/A,50,N/A,N/A,N/A,N/A,N/A,N/A,336,N/A,N/A,N/A,1.6311651179413900,0.2701929949964260,0.0000095067905647,27.4395997140815000,671.6897784131520000,No,N/A,N/A,N/A,N/A,N/A,N/A,N/A,N/A,N/A,N/A,N/A,N/A,N/A,N/A,N/A,N/A,N/A
Cement and concrete,Ready-mix,"Ready-mixed concrete, Canada, Ontario, 50 MPa, w/o AEAs",N/A,N/A,#VALUE!,High-80th%,N/A,N/A,N/A,N/A,N/A,N/A,N/A,N/A,N/A,N/A,N/A,N/A,999,Placeholder,d_truck,Concrete,3,No,No,No,No,N/A,N/A,N/A,N/A,N/A,N/A,N/A,N/A,N/A,N/A,N/A,N/A,N/A,N/A,N/A,50,N/A,N/A,N/A,N/A,N/A,N/A,N/A,N/A,N/A,N/A,N/A,N/A,N/A,N/A,N/A,No,N/A,N/A,N/A,N/A,N/A,N/A,N/A,N/A,N/A,N/A,N/A,N/A,N/A,N/A,N/A,N/A,N/A
Cement and concrete,Ready-mix,"Ready-mixed concrete, Canada, Ontario, 50 MPa, w/o AEAs",N/A,N/A,#VALUE!,Low-20th%,N/A,N/A,N/A,N/A,N/A,N/A,N/A,N/A,N/A,N/A,N/A,N/A,999,Placeholder,d_truck,Concrete,3,No,No,No,No,N/A,N/A,N/A,N/A,N/A,N/A,N/A,N/A,N/A,N/A,N/A,N/A,N/A,N/A,N/A,50,N/A,N/A,N/A,N/A,N/A,N/A,N/A,N/A,N/A,N/A,N/A,N/A,N/A,N/A,N/A,No,N/A,N/A,N/A,N/A,N/A,N/A,N/A,N/A,N/A,N/A,N/A,N/A,N/A,N/A,N/A,N/A,N/A
Cement and concrete,Ready-mix,"Ready-mixed concrete, Canada, Ontario, 55 MPa, w/o AEAs",CLF 2025 Material Baselines,https://www.rmcao.org/wp-content/uploads/2023/04/CRMCA-EPD-Ontario-20220803.pdf,1.000930442,Baseline,355,1,m3,Industry,single,industry data,Ontario ready-mixed concrete industry-average EPD  ,Concrete Ontario. (2022). Concrete Ontario Member industry-wide EPD for ready-mixed concrete. ASTM International.,FALSE,Canada Ontario,2400,kg/m3,999,Placeholder,d_truck,Concrete,3,No,No,No,No,N/A,N/A,N/A,N/A,N/A,N/A,N/A,N/A,N/A,N/A,N/A,N/A,N/A,N/A,N/A,55,N/A,N/A,N/A,N/A,N/A,N/A,355,N/A,N/A,N/A,1.7115910564750300,0.2902698282910870,0.0000100093044238,28.5965827388840000,690.8722192460600000,No,N/A,N/A,N/A,N/A,N/A,N/A,N/A,N/A,N/A,N/A,N/A,N/A,N/A,N/A,N/A,N/A,N/A
Cement and concrete,Ready-mix,"Ready-mixed concrete, Canada, Ontario, 55 MPa, w/o AEAs",N/A,N/A,#VALUE!,High-80th%,N/A,N/A,N/A,N/A,N/A,N/A,N/A,N/A,N/A,N/A,N/A,N/A,999,Placeholder,d_truck,Concrete,3,No,No,No,No,N/A,N/A,N/A,N/A,N/A,N/A,N/A,N/A,N/A,N/A,N/A,N/A,N/A,N/A,N/A,55,N/A,N/A,N/A,N/A,N/A,N/A,N/A,N/A,N/A,N/A,N/A,N/A,N/A,N/A,N/A,No,N/A,N/A,N/A,N/A,N/A,N/A,N/A,N/A,N/A,N/A,N/A,N/A,N/A,N/A,N/A,N/A,N/A
Cement and concrete,Ready-mix,"Ready-mixed concrete, Canada, Ontario, 55 MPa, w/o AEAs",N/A,N/A,#VALUE!,Low-20th%,N/A,N/A,N/A,N/A,N/A,N/A,N/A,N/A,N/A,N/A,N/A,N/A,999,Placeholder,d_truck,Concrete,3,No,No,No,No,N/A,N/A,N/A,N/A,N/A,N/A,N/A,N/A,N/A,N/A,N/A,N/A,N/A,N/A,N/A,55,N/A,N/A,N/A,N/A,N/A,N/A,N/A,N/A,N/A,N/A,N/A,N/A,N/A,N/A,N/A,No,N/A,N/A,N/A,N/A,N/A,N/A,N/A,N/A,N/A,N/A,N/A,N/A,N/A,N/A,N/A,N/A,N/A
Cement and concrete,Ready-mix,"Ready-mixed concrete, Canada, Ontario, 60 MPa, w/o AEAs",CLF 2025 Material Baselines,https://www.rmcao.org/wp-content/uploads/2023/04/CRMCA-EPD-Ontario-20220803.pdf,0.999307958,Baseline,361,1,m3,Industry,single,industry data,Ontario ready-mixed concrete industry-average EPD  ,Concrete Ontario. (2022). Concrete Ontario Member industry-wide EPD for ready-mixed concrete. ASTM International.,FALSE,Canada Ontario,2400,kg/m3,999,Placeholder,d_truck,Concrete,3,No,No,No,No,N/A,N/A,N/A,N/A,N/A,N/A,N/A,N/A,N/A,N/A,N/A,N/A,N/A,N/A,N/A,60,N/A,N/A,N/A,N/A,N/A,N/A,361,N/A,N/A,N/A,1.7288027681660900,0.2897993079584770,0.0000101929411765,28.8899930795848000,692.5603875432530000,No,N/A,N/A,N/A,N/A,N/A,N/A,N/A,N/A,N/A,N/A,N/A,N/A,N/A,N/A,N/A,N/A,N/A
Cement and concrete,Ready-mix,"Ready-mixed concrete, Canada, Ontario, 60 MPa, w/o AEAs",N/A,N/A,#VALUE!,High-80th%,N/A,N/A,N/A,N/A,N/A,N/A,N/A,N/A,N/A,N/A,N/A,N/A,999,Placeholder,d_truck,Concrete,3,No,No,No,No,N/A,N/A,N/A,N/A,N/A,N/A,N/A,N/A,N/A,N/A,N/A,N/A,N/A,N/A,N/A,60,N/A,N/A,N/A,N/A,N/A,N/A,N/A,N/A,N/A,N/A,N/A,N/A,N/A,N/A,N/A,No,N/A,N/A,N/A,N/A,N/A,N/A,N/A,N/A,N/A,N/A,N/A,N/A,N/A,N/A,N/A,N/A,N/A
Cement and concrete,Ready-mix,"Ready-mixed concrete, Canada, Ontario, 60 MPa, w/o AEAs",N/A,N/A,#VALUE!,Low-20th%,N/A,N/A,N/A,N/A,N/A,N/A,N/A,N/A,N/A,N/A,N/A,N/A,999,Placeholder,d_truck,Concrete,3,No,No,No,No,N/A,N/A,N/A,N/A,N/A,N/A,N/A,N/A,N/A,N/A,N/A,N/A,N/A,N/A,N/A,60,N/A,N/A,N/A,N/A,N/A,N/A,N/A,N/A,N/A,N/A,N/A,N/A,N/A,N/A,N/A,No,N/A,N/A,N/A,N/A,N/A,N/A,N/A,N/A,N/A,N/A,N/A,N/A,N/A,N/A,N/A,N/A,N/A
Cement and concrete,Ready-mix,"Ready-mixed concrete, Canada, Ontario, 70 MPa, w/o AEAs",CLF 2025 Material Baselines,https://www.rmcao.org/wp-content/uploads/2023/04/CRMCA-EPD-Ontario-20220803.pdf,0.998814965,Baseline,354,1,m3,Industry,single,industry data,Ontario ready-mixed concrete industry-average EPD  ,Concrete Ontario. (2022). Concrete Ontario Member industry-wide EPD for ready-mixed concrete. ASTM International.,FALSE,Canada Ontario,2400,kg/m3,999,Placeholder,d_truck,Concrete,3,No,No,No,No,N/A,N/A,N/A,N/A,N/A,N/A,N/A,N/A,N/A,N/A,N/A,N/A,N/A,N/A,N/A,70,N/A,N/A,N/A,N/A,N/A,N/A,354,N/A,N/A,N/A,1.7479261892669700,0.2896563399356700,0.0000106873201287,29.5149822244794000,679.5537497883870000,No,N/A,N/A,N/A,N/A,N/A,N/A,N/A,N/A,N/A,N/A,N/A,N/A,N/A,N/A,N/A,N/A,N/A
Cement and concrete,Ready-mix,"Ready-mixed concrete, Canada, Ontario, 70 MPa, w/o AEAs",N/A,N/A,#VALUE!,High-80th%,N/A,N/A,N/A,N/A,N/A,N/A,N/A,N/A,N/A,N/A,N/A,N/A,999,Placeholder,d_truck,Concrete,3,No,No,No,No,N/A,N/A,N/A,N/A,N/A,N/A,N/A,N/A,N/A,N/A,N/A,N/A,N/A,N/A,N/A,70,N/A,N/A,N/A,N/A,N/A,N/A,N/A,N/A,N/A,N/A,N/A,N/A,N/A,N/A,N/A,No,N/A,N/A,N/A,N/A,N/A,N/A,N/A,N/A,N/A,N/A,N/A,N/A,N/A,N/A,N/A,N/A,N/A
Cement and concrete,Ready-mix,"Ready-mixed concrete, Canada, Ontario, 70 MPa, w/o AEAs",N/A,N/A,#VALUE!,Low-20th%,N/A,N/A,N/A,N/A,N/A,N/A,N/A,N/A,N/A,N/A,N/A,N/A,999,Placeholder,d_truck,Concrete,3,No,No,No,No,N/A,N/A,N/A,N/A,N/A,N/A,N/A,N/A,N/A,N/A,N/A,N/A,N/A,N/A,N/A,70,N/A,N/A,N/A,N/A,N/A,N/A,N/A,N/A,N/A,N/A,N/A,N/A,N/A,N/A,N/A,No,N/A,N/A,N/A,N/A,N/A,N/A,N/A,N/A,N/A,N/A,N/A,N/A,N/A,N/A,N/A,N/A,N/A
Cement and concrete,Ready-mix,"Ready-mixed concrete, Canada, Quebec, 20 MPa, w/ AEAs",CLF 2025 Material Baselines,https://pcr-epd.s3.us-east-2.amazonaws.com/811.CRMCA_EPD_ABQ.pdf,0.999640417,Baseline,278,1,m3,Industry,single,industry data,Quebec ready-mixed concrete industry-average EPD  ,Association Béton Québec. (2022). Association Béton Quebec (ABQ) Member industry-wide EPD for ready-mixed concrete. ASTM International.,FALSE,Canada Quebec,2400,kg/m3,999,Placeholder,d_truck,Concrete,3,No,No,No,No,N/A,N/A,N/A,N/A,N/A,N/A,N/A,N/A,N/A,N/A,N/A,N/A,N/A,N/A,N/A,20,N/A,N/A,N/A,N/A,N/A,N/A,278,N/A,N/A,N/A,1.5694354548723500,0.1799352750809060,0.0000069475008990,29.0595469255663000,680.5851851851850000,No,N/A,N/A,N/A,N/A,N/A,N/A,N/A,N/A,N/A,N/A,N/A,N/A,N/A,N/A,N/A,N/A,N/A
Cement and concrete,Ready-mix,"Ready-mixed concrete, Canada, Quebec, 20 MPa, w/ AEAs",N/A,N/A,#VALUE!,High-80th%,N/A,N/A,N/A,N/A,N/A,N/A,N/A,N/A,N/A,N/A,N/A,N/A,999,Placeholder,d_truck,Concrete,3,No,No,No,No,N/A,N/A,N/A,N/A,N/A,N/A,N/A,N/A,N/A,N/A,N/A,N/A,N/A,N/A,N/A,20,N/A,N/A,N/A,N/A,N/A,N/A,N/A,N/A,N/A,N/A,N/A,N/A,N/A,N/A,N/A,No,N/A,N/A,N/A,N/A,N/A,N/A,N/A,N/A,N/A,N/A,N/A,N/A,N/A,N/A,N/A,N/A,N/A
Cement and concrete,Ready-mix,"Ready-mixed concrete, Canada, Quebec, 20 MPa, w/ AEAs",N/A,N/A,#VALUE!,Low-20th%,N/A,N/A,N/A,N/A,N/A,N/A,N/A,N/A,N/A,N/A,N/A,N/A,999,Placeholder,d_truck,Concrete,3,No,No,No,No,N/A,N/A,N/A,N/A,N/A,N/A,N/A,N/A,N/A,N/A,N/A,N/A,N/A,N/A,N/A,20,N/A,N/A,N/A,N/A,N/A,N/A,N/A,N/A,N/A,N/A,N/A,N/A,N/A,N/A,N/A,No,N/A,N/A,N/A,N/A,N/A,N/A,N/A,N/A,N/A,N/A,N/A,N/A,N/A,N/A,N/A,N/A,N/A
Cement and concrete,Ready-mix,"Ready-mixed concrete, Canada, Quebec, 20 MPa, w/o AEAs",CLF 2025 Material Baselines,https://pcr-epd.s3.us-east-2.amazonaws.com/811.CRMCA_EPD_ABQ.pdf,1.00075815,Baseline,264,1,m3,Industry,single,industry data,Quebec ready-mixed concrete industry-average EPD  ,Association Béton Québec. (2022). Association Béton Quebec (ABQ) Member industry-wide EPD for ready-mixed concrete. ASTM International.,FALSE,Canada Quebec,2400,kg/m3,999,Placeholder,d_truck,Concrete,3,No,No,No,No,N/A,N/A,N/A,N/A,N/A,N/A,N/A,N/A,N/A,N/A,N/A,N/A,N/A,N/A,N/A,20,N/A,N/A,N/A,N/A,N/A,N/A,264,N/A,N/A,N/A,1.5011372251705800,0.1701288855193330,0.0000065749810462,27.9111448066717000,667.8859742228960000,No,N/A,N/A,N/A,N/A,N/A,N/A,N/A,N/A,N/A,N/A,N/A,N/A,N/A,N/A,N/A,N/A,N/A
Cement and concrete,Ready-mix,"Ready-mixed concrete, Canada, Quebec, 20 MPa, w/o AEAs",N/A,N/A,#VALUE!,High-80th%,N/A,N/A,N/A,N/A,N/A,N/A,N/A,N/A,N/A,N/A,N/A,N/A,999,Placeholder,d_truck,Concrete,3,No,No,No,No,N/A,N/A,N/A,N/A,N/A,N/A,N/A,N/A,N/A,N/A,N/A,N/A,N/A,N/A,N/A,20,N/A,N/A,N/A,N/A,N/A,N/A,N/A,N/A,N/A,N/A,N/A,N/A,N/A,N/A,N/A,No,N/A,N/A,N/A,N/A,N/A,N/A,N/A,N/A,N/A,N/A,N/A,N/A,N/A,N/A,N/A,N/A,N/A
Cement and concrete,Ready-mix,"Ready-mixed concrete, Canada, Quebec, 20 MPa, w/o AEAs",N/A,N/A,#VALUE!,Low-20th%,N/A,N/A,N/A,N/A,N/A,N/A,N/A,N/A,N/A,N/A,N/A,N/A,999,Placeholder,d_truck,Concrete,3,No,No,No,No,N/A,N/A,N/A,N/A,N/A,N/A,N/A,N/A,N/A,N/A,N/A,N/A,N/A,N/A,N/A,20,N/A,N/A,N/A,N/A,N/A,N/A,N/A,N/A,N/A,N/A,N/A,N/A,N/A,N/A,N/A,No,N/A,N/A,N/A,N/A,N/A,N/A,N/A,N/A,N/A,N/A,N/A,N/A,N/A,N/A,N/A,N/A,N/A
Cement and concrete,Ready-mix,"Ready-mixed concrete, Canada, Quebec, 25 MPa, w/ AEAs",CLF 2025 Material Baselines,https://pcr-epd.s3.us-east-2.amazonaws.com/811.CRMCA_EPD_ABQ.pdf,1.000434972,Baseline,299,1,m3,Industry,single,industry data,Quebec ready-mixed concrete industry-average EPD  ,Association Béton Québec. (2022). Association Béton Quebec (ABQ) Member industry-wide EPD for ready-mixed concrete. ASTM International.,FALSE,Canada Quebec,2400,kg/m3,999,Placeholder,d_truck,Concrete,3,No,No,No,No,N/A,N/A,N/A,N/A,N/A,N/A,N/A,N/A,N/A,N/A,N/A,N/A,N/A,N/A,N/A,25,N/A,N/A,N/A,N/A,N/A,N/A,299,N/A,N/A,N/A,1.6707264027838200,0.2000869943453680,0.0000074832535885,30.7633753806003000,701.1348412353200000,No,N/A,N/A,N/A,N/A,N/A,N/A,N/A,N/A,N/A,N/A,N/A,N/A,N/A,N/A,N/A,N/A,N/A
Cement and concrete,Ready-mix,"Ready-mixed concrete, Canada, Quebec, 25 MPa, w/ AEAs",N/A,N/A,#VALUE!,High-80th%,N/A,N/A,N/A,N/A,N/A,N/A,N/A,N/A,N/A,N/A,N/A,N/A,999,Placeholder,d_truck,Concrete,3,No,No,No,No,N/A,N/A,N/A,N/A,N/A,N/A,N/A,N/A,N/A,N/A,N/A,N/A,N/A,N/A,N/A,25,N/A,N/A,N/A,N/A,N/A,N/A,N/A,N/A,N/A,N/A,N/A,N/A,N/A,N/A,N/A,No,N/A,N/A,N/A,N/A,N/A,N/A,N/A,N/A,N/A,N/A,N/A,N/A,N/A,N/A,N/A,N/A,N/A
Cement and concrete,Ready-mix,"Ready-mixed concrete, Canada, Quebec, 25 MPa, w/ AEAs",N/A,N/A,#VALUE!,Low-20th%,N/A,N/A,N/A,N/A,N/A,N/A,N/A,N/A,N/A,N/A,N/A,N/A,999,Placeholder,d_truck,Concrete,3,No,No,No,No,N/A,N/A,N/A,N/A,N/A,N/A,N/A,N/A,N/A,N/A,N/A,N/A,N/A,N/A,N/A,25,N/A,N/A,N/A,N/A,N/A,N/A,N/A,N/A,N/A,N/A,N/A,N/A,N/A,N/A,N/A,No,N/A,N/A,N/A,N/A,N/A,N/A,N/A,N/A,N/A,N/A,N/A,N/A,N/A,N/A,N/A,N/A,N/A
Cement and concrete,Ready-mix,"Ready-mixed concrete, Canada, Quebec, 25 MPa, w/o AEAs",CLF 2025 Material Baselines,https://pcr-epd.s3.us-east-2.amazonaws.com/811.CRMCA_EPD_ABQ.pdf,0.998538724,Baseline,287,1,m3,Industry,single,industry data,Quebec ready-mixed concrete industry-average EPD  ,Association Béton Québec. (2022). Association Béton Quebec (ABQ) Member industry-wide EPD for ready-mixed concrete. ASTM International.,FALSE,Canada Quebec,2400,kg/m3,999,Placeholder,d_truck,Concrete,3,No,No,No,No,N/A,N/A,N/A,N/A,N/A,N/A,N/A,N/A,N/A,N/A,N/A,N/A,N/A,N/A,N/A,25,N/A,N/A,N/A,N/A,N/A,N/A,287,N/A,N/A,N/A,1.6176327325864600,0.1897223575255720,0.0000071495372625,29.9062347783731000,702.9313200194840000,No,N/A,N/A,N/A,N/A,N/A,N/A,N/A,N/A,N/A,N/A,N/A,N/A,N/A,N/A,N/A,N/A,N/A
Cement and concrete,Ready-mix,"Ready-mixed concrete, Canada, Quebec, 25 MPa, w/o AEAs",N/A,N/A,#VALUE!,High-80th%,N/A,N/A,N/A,N/A,N/A,N/A,N/A,N/A,N/A,N/A,N/A,N/A,999,Placeholder,d_truck,Concrete,3,No,No,No,No,N/A,N/A,N/A,N/A,N/A,N/A,N/A,N/A,N/A,N/A,N/A,N/A,N/A,N/A,N/A,25,N/A,N/A,N/A,N/A,N/A,N/A,N/A,N/A,N/A,N/A,N/A,N/A,N/A,N/A,N/A,No,N/A,N/A,N/A,N/A,N/A,N/A,N/A,N/A,N/A,N/A,N/A,N/A,N/A,N/A,N/A,N/A,N/A
Cement and concrete,Ready-mix,"Ready-mixed concrete, Canada, Quebec, 25 MPa, w/o AEAs",N/A,N/A,#VALUE!,Low-20th%,N/A,N/A,N/A,N/A,N/A,N/A,N/A,N/A,N/A,N/A,N/A,N/A,999,Placeholder,d_truck,Concrete,3,No,No,No,No,N/A,N/A,N/A,N/A,N/A,N/A,N/A,N/A,N/A,N/A,N/A,N/A,N/A,N/A,N/A,25,N/A,N/A,N/A,N/A,N/A,N/A,N/A,N/A,N/A,N/A,N/A,N/A,N/A,N/A,N/A,No,N/A,N/A,N/A,N/A,N/A,N/A,N/A,N/A,N/A,N/A,N/A,N/A,N/A,N/A,N/A,N/A,N/A
Cement and concrete,Ready-mix,"Ready-mixed concrete, Canada, Quebec, 30 MPa, w/ AEAs",CLF 2025 Material Baselines,https://pcr-epd.s3.us-east-2.amazonaws.com/811.CRMCA_EPD_ABQ.pdf,1.001401378,Baseline,343,1,m3,Industry,single,industry data,Quebec ready-mixed concrete industry-average EPD  ,Association Béton Québec. (2022). Association Béton Quebec (ABQ) Member industry-wide EPD for ready-mixed concrete. ASTM International.,FALSE,Canada Quebec,2400,kg/m3,999,Placeholder,d_truck,Concrete,3,No,No,No,No,N/A,N/A,N/A,N/A,N/A,N/A,N/A,N/A,N/A,N/A,N/A,N/A,N/A,N/A,N/A,30,N/A,N/A,N/A,N/A,N/A,N/A,343,N/A,N/A,N/A,1.8926486044610500,0.2203083031647790,0.0000086320798785,34.3680952937055000,739.9054361789090000,No,N/A,N/A,N/A,N/A,N/A,N/A,N/A,N/A,N/A,N/A,N/A,N/A,N/A,N/A,N/A,N/A,N/A
Cement and concrete,Ready-mix,"Ready-mixed concrete, Canada, Quebec, 30 MPa, w/ AEAs",N/A,N/A,#VALUE!,High-80th%,N/A,N/A,N/A,N/A,N/A,N/A,N/A,N/A,N/A,N/A,N/A,N/A,999,Placeholder,d_truck,Concrete,3,No,No,No,No,N/A,N/A,N/A,N/A,N/A,N/A,N/A,N/A,N/A,N/A,N/A,N/A,N/A,N/A,N/A,30,N/A,N/A,N/A,N/A,N/A,N/A,N/A,N/A,N/A,N/A,N/A,N/A,N/A,N/A,N/A,No,N/A,N/A,N/A,N/A,N/A,N/A,N/A,N/A,N/A,N/A,N/A,N/A,N/A,N/A,N/A,N/A,N/A
Cement and concrete,Ready-mix,"Ready-mixed concrete, Canada, Quebec, 30 MPa, w/ AEAs",N/A,N/A,#VALUE!,Low-20th%,N/A,N/A,N/A,N/A,N/A,N/A,N/A,N/A,N/A,N/A,N/A,N/A,999,Placeholder,d_truck,Concrete,3,No,No,No,No,N/A,N/A,N/A,N/A,N/A,N/A,N/A,N/A,N/A,N/A,N/A,N/A,N/A,N/A,N/A,30,N/A,N/A,N/A,N/A,N/A,N/A,N/A,N/A,N/A,N/A,N/A,N/A,N/A,N/A,N/A,No,N/A,N/A,N/A,N/A,N/A,N/A,N/A,N/A,N/A,N/A,N/A,N/A,N/A,N/A,N/A,N/A,N/A
Cement and concrete,Ready-mix,"Ready-mixed concrete, Canada, Quebec, 30 MPa, w/o AEAs",CLF 2025 Material Baselines,https://pcr-epd.s3.us-east-2.amazonaws.com/811.CRMCA_EPD_ABQ.pdf,0.985806949,Baseline,307,1,m3,Industry,single,industry data,Quebec ready-mixed concrete industry-average EPD  ,Association Béton Québec. (2022). Association Béton Quebec (ABQ) Member industry-wide EPD for ready-mixed concrete. ASTM International.,FALSE,Canada Quebec,2400,kg/m3,999,Placeholder,d_truck,Concrete,3,No,No,No,No,N/A,N/A,N/A,N/A,N/A,N/A,N/A,N/A,N/A,N/A,N/A,N/A,N/A,N/A,N/A,30,N/A,N/A,N/A,N/A,N/A,N/A,307,N/A,N/A,N/A,1.7153040909382800,0.2070194592511720,0.0000076695780618,31.4669578061782000,721.6402607411210000,No,N/A,N/A,N/A,N/A,N/A,N/A,N/A,N/A,N/A,N/A,N/A,N/A,N/A,N/A,N/A,N/A,N/A
Cement and concrete,Ready-mix,"Ready-mixed concrete, Canada, Quebec, 30 MPa, w/o AEAs",N/A,N/A,#VALUE!,High-80th%,N/A,N/A,N/A,N/A,N/A,N/A,N/A,N/A,N/A,N/A,N/A,N/A,999,Placeholder,d_truck,Concrete,3,No,No,No,No,N/A,N/A,N/A,N/A,N/A,N/A,N/A,N/A,N/A,N/A,N/A,N/A,N/A,N/A,N/A,30,N/A,N/A,N/A,N/A,N/A,N/A,N/A,N/A,N/A,N/A,N/A,N/A,N/A,N/A,N/A,No,N/A,N/A,N/A,N/A,N/A,N/A,N/A,N/A,N/A,N/A,N/A,N/A,N/A,N/A,N/A,N/A,N/A
Cement and concrete,Ready-mix,"Ready-mixed concrete, Canada, Quebec, 30 MPa, w/o AEAs",N/A,N/A,#VALUE!,Low-20th%,N/A,N/A,N/A,N/A,N/A,N/A,N/A,N/A,N/A,N/A,N/A,N/A,999,Placeholder,d_truck,Concrete,3,No,No,No,No,N/A,N/A,N/A,N/A,N/A,N/A,N/A,N/A,N/A,N/A,N/A,N/A,N/A,N/A,N/A,30,N/A,N/A,N/A,N/A,N/A,N/A,N/A,N/A,N/A,N/A,N/A,N/A,N/A,N/A,N/A,No,N/A,N/A,N/A,N/A,N/A,N/A,N/A,N/A,N/A,N/A,N/A,N/A,N/A,N/A,N/A,N/A,N/A
Cement and concrete,Ready-mix,"Ready-mixed concrete, Canada, Quebec, 32 MPa, w/ AEAs",CLF 2025 Material Baselines,https://pcr-epd.s3.us-east-2.amazonaws.com/811.CRMCA_EPD_ABQ.pdf,1.000551268,Baseline,363,1,m3,Industry,single,industry data,Quebec ready-mixed concrete industry-average EPD  ,Association Béton Québec. (2022). Association Béton Quebec (ABQ) Member industry-wide EPD for ready-mixed concrete. ASTM International.,FALSE,Canada Quebec,2400,kg/m3,999,Placeholder,d_truck,Concrete,3,No,No,No,No,N/A,N/A,N/A,N/A,N/A,N/A,N/A,N/A,N/A,N/A,N/A,N/A,N/A,N/A,N/A,32,N/A,N/A,N/A,N/A,N/A,N/A,363,N/A,N/A,N/A,1.9910970231532500,0.2401323042998900,0.0000091550441014,36.0098401323043000,761.2093991179710000,No,N/A,N/A,N/A,N/A,N/A,N/A,N/A,N/A,N/A,N/A,N/A,N/A,N/A,N/A,N/A,N/A,N/A
Cement and concrete,Ready-mix,"Ready-mixed concrete, Canada, Quebec, 32 MPa, w/ AEAs",N/A,N/A,#VALUE!,High-80th%,N/A,N/A,N/A,N/A,N/A,N/A,N/A,N/A,N/A,N/A,N/A,N/A,999,Placeholder,d_truck,Concrete,3,No,No,No,No,N/A,N/A,N/A,N/A,N/A,N/A,N/A,N/A,N/A,N/A,N/A,N/A,N/A,N/A,N/A,32,N/A,N/A,N/A,N/A,N/A,N/A,N/A,N/A,N/A,N/A,N/A,N/A,N/A,N/A,N/A,No,N/A,N/A,N/A,N/A,N/A,N/A,N/A,N/A,N/A,N/A,N/A,N/A,N/A,N/A,N/A,N/A,N/A
Cement and concrete,Ready-mix,"Ready-mixed concrete, Canada, Quebec, 32 MPa, w/ AEAs",N/A,N/A,#VALUE!,Low-20th%,N/A,N/A,N/A,N/A,N/A,N/A,N/A,N/A,N/A,N/A,N/A,N/A,999,Placeholder,d_truck,Concrete,3,No,No,No,No,N/A,N/A,N/A,N/A,N/A,N/A,N/A,N/A,N/A,N/A,N/A,N/A,N/A,N/A,N/A,32,N/A,N/A,N/A,N/A,N/A,N/A,N/A,N/A,N/A,N/A,N/A,N/A,N/A,N/A,N/A,No,N/A,N/A,N/A,N/A,N/A,N/A,N/A,N/A,N/A,N/A,N/A,N/A,N/A,N/A,N/A,N/A,N/A
Cement and concrete,Ready-mix,"Ready-mixed concrete, Canada, Quebec, 35 MPa, w/ AEAs",CLF 2025 Material Baselines,https://pcr-epd.s3.us-east-2.amazonaws.com/811.CRMCA_EPD_ABQ.pdf,0.999389686,Baseline,393,1,m3,Industry,single,industry data,Quebec ready-mixed concrete industry-average EPD  ,Association Béton Québec. (2022). Association Béton Quebec (ABQ) Member industry-wide EPD for ready-mixed concrete. ASTM International.,FALSE,Canada Quebec,2400,kg/m3,999,Placeholder,d_truck,Concrete,3,No,No,No,No,N/A,N/A,N/A,N/A,N/A,N/A,N/A,N/A,N/A,N/A,N/A,N/A,N/A,N/A,N/A,35,N/A,N/A,N/A,N/A,N/A,N/A,393,N/A,N/A,N/A,2.1386939273726000,0.2598413182789140,0.0000099039517852,38.4465212084223000,795.9339334757400000,No,N/A,N/A,N/A,N/A,N/A,N/A,N/A,N/A,N/A,N/A,N/A,N/A,N/A,N/A,N/A,N/A,N/A
Cement and concrete,Ready-mix,"Ready-mixed concrete, Canada, Quebec, 35 MPa, w/ AEAs",N/A,N/A,#VALUE!,High-80th%,N/A,N/A,N/A,N/A,N/A,N/A,N/A,N/A,N/A,N/A,N/A,N/A,999,Placeholder,d_truck,Concrete,3,No,No,No,No,N/A,N/A,N/A,N/A,N/A,N/A,N/A,N/A,N/A,N/A,N/A,N/A,N/A,N/A,N/A,35,N/A,N/A,N/A,N/A,N/A,N/A,N/A,N/A,N/A,N/A,N/A,N/A,N/A,N/A,N/A,No,N/A,N/A,N/A,N/A,N/A,N/A,N/A,N/A,N/A,N/A,N/A,N/A,N/A,N/A,N/A,N/A,N/A
Cement and concrete,Ready-mix,"Ready-mixed concrete, Canada, Quebec, 35 MPa, w/ AEAs",N/A,N/A,#VALUE!,Low-20th%,N/A,N/A,N/A,N/A,N/A,N/A,N/A,N/A,N/A,N/A,N/A,N/A,999,Placeholder,d_truck,Concrete,3,No,No,No,No,N/A,N/A,N/A,N/A,N/A,N/A,N/A,N/A,N/A,N/A,N/A,N/A,N/A,N/A,N/A,35,N/A,N/A,N/A,N/A,N/A,N/A,N/A,N/A,N/A,N/A,N/A,N/A,N/A,N/A,N/A,No,N/A,N/A,N/A,N/A,N/A,N/A,N/A,N/A,N/A,N/A,N/A,N/A,N/A,N/A,N/A,N/A,N/A
Cement and concrete,Ready-mix,"Ready-mixed concrete, Canada, Quebec, 35 MPa, w/o AEAs",CLF 2025 Material Baselines,https://pcr-epd.s3.us-east-2.amazonaws.com/811.CRMCA_EPD_ABQ.pdf,0.998841922,Baseline,345,1,m3,Industry,single,industry data,Quebec ready-mixed concrete industry-average EPD  ,Association Béton Québec. (2022). Association Béton Quebec (ABQ) Member industry-wide EPD for ready-mixed concrete. ASTM International.,FALSE,Canada Quebec,2400,kg/m3,999,Placeholder,d_truck,Concrete,3,No,No,No,No,N/A,N/A,N/A,N/A,N/A,N/A,N/A,N/A,N/A,N/A,N/A,N/A,N/A,N/A,N/A,35,N/A,N/A,N/A,N/A,N/A,N/A,345,N/A,N/A,N/A,1.9077880718008100,0.2297336421540240,0.0000086799363057,34.7197452229299000,762.3261436016210000,No,N/A,N/A,N/A,N/A,N/A,N/A,N/A,N/A,N/A,N/A,N/A,N/A,N/A,N/A,N/A,N/A,N/A
Cement and concrete,Ready-mix,"Ready-mixed concrete, Canada, Quebec, 35 MPa, w/o AEAs",N/A,N/A,#VALUE!,High-80th%,N/A,N/A,N/A,N/A,N/A,N/A,N/A,N/A,N/A,N/A,N/A,N/A,999,Placeholder,d_truck,Concrete,3,No,No,No,No,N/A,N/A,N/A,N/A,N/A,N/A,N/A,N/A,N/A,N/A,N/A,N/A,N/A,N/A,N/A,35,N/A,N/A,N/A,N/A,N/A,N/A,N/A,N/A,N/A,N/A,N/A,N/A,N/A,N/A,N/A,No,N/A,N/A,N/A,N/A,N/A,N/A,N/A,N/A,N/A,N/A,N/A,N/A,N/A,N/A,N/A,N/A,N/A
Cement and concrete,Ready-mix,"Ready-mixed concrete, Canada, Quebec, 35 MPa, w/o AEAs",N/A,N/A,#VALUE!,Low-20th%,N/A,N/A,N/A,N/A,N/A,N/A,N/A,N/A,N/A,N/A,N/A,N/A,999,Placeholder,d_truck,Concrete,3,No,No,No,No,N/A,N/A,N/A,N/A,N/A,N/A,N/A,N/A,N/A,N/A,N/A,N/A,N/A,N/A,N/A,35,N/A,N/A,N/A,N/A,N/A,N/A,N/A,N/A,N/A,N/A,N/A,N/A,N/A,N/A,N/A,No,N/A,N/A,N/A,N/A,N/A,N/A,N/A,N/A,N/A,N/A,N/A,N/A,N/A,N/A,N/A,N/A,N/A
Cement and concrete,Ready-mix,"Ready-mixed concrete, Canada, Quebec, 40 MPa, w/ AEAs",CLF 2025 Material Baselines,https://pcr-epd.s3.us-east-2.amazonaws.com/811.CRMCA_EPD_ABQ.pdf,1.000958096,Baseline,397,1,m3,Industry,single,industry data,Quebec ready-mixed concrete industry-average EPD  ,Association Béton Québec. (2022). Association Béton Quebec (ABQ) Member industry-wide EPD for ready-mixed concrete. ASTM International.,FALSE,Canada Quebec,2400,kg/m3,999,Placeholder,d_truck,Concrete,3,No,No,No,No,N/A,N/A,N/A,N/A,N/A,N/A,N/A,N/A,N/A,N/A,N/A,N/A,N/A,N/A,N/A,40,N/A,N/A,N/A,N/A,N/A,N/A,397,N/A,N/A,N/A,2.1520599062074500,0.2602491049367150,0.0000103098683879,38.7170591498159000,791.9380263224240000,No,N/A,N/A,N/A,N/A,N/A,N/A,N/A,N/A,N/A,N/A,N/A,N/A,N/A,N/A,N/A,N/A,N/A
Cement and concrete,Ready-mix,"Ready-mixed concrete, Canada, Quebec, 40 MPa, w/ AEAs",N/A,N/A,#VALUE!,High-80th%,N/A,N/A,N/A,N/A,N/A,N/A,N/A,N/A,N/A,N/A,N/A,N/A,999,Placeholder,d_truck,Concrete,3,No,No,No,No,N/A,N/A,N/A,N/A,N/A,N/A,N/A,N/A,N/A,N/A,N/A,N/A,N/A,N/A,N/A,40,N/A,N/A,N/A,N/A,N/A,N/A,N/A,N/A,N/A,N/A,N/A,N/A,N/A,N/A,N/A,No,N/A,N/A,N/A,N/A,N/A,N/A,N/A,N/A,N/A,N/A,N/A,N/A,N/A,N/A,N/A,N/A,N/A
Cement and concrete,Ready-mix,"Ready-mixed concrete, Canada, Quebec, 40 MPa, w/ AEAs",N/A,N/A,#VALUE!,Low-20th%,N/A,N/A,N/A,N/A,N/A,N/A,N/A,N/A,N/A,N/A,N/A,N/A,999,Placeholder,d_truck,Concrete,3,No,No,No,No,N/A,N/A,N/A,N/A,N/A,N/A,N/A,N/A,N/A,N/A,N/A,N/A,N/A,N/A,N/A,40,N/A,N/A,N/A,N/A,N/A,N/A,N/A,N/A,N/A,N/A,N/A,N/A,N/A,N/A,N/A,No,N/A,N/A,N/A,N/A,N/A,N/A,N/A,N/A,N/A,N/A,N/A,N/A,N/A,N/A,N/A,N/A,N/A
Cement and concrete,Ready-mix,"Ready-mixed concrete, Canada, Quebec, 40 MPa, w/o AEAs",CLF 2025 Material Baselines,https://pcr-epd.s3.us-east-2.amazonaws.com/811.CRMCA_EPD_ABQ.pdf,0.999341094,Baseline,364,1,m3,Industry,single,industry data,Quebec ready-mixed concrete industry-average EPD  ,Association Béton Québec. (2022). Association Béton Quebec (ABQ) Member industry-wide EPD for ready-mixed concrete. ASTM International.,FALSE,Canada Quebec,2400,kg/m3,999,Placeholder,d_truck,Concrete,3,No,No,No,No,N/A,N/A,N/A,N/A,N/A,N/A,N/A,N/A,N/A,N/A,N/A,N/A,N/A,N/A,N/A,40,N/A,N/A,N/A,N/A,N/A,N/A,364,N/A,N/A,N/A,1.9986821875686400,0.2398418625082360,0.0000092738853503,36.3660224028113000,783.4634307050300000,No,N/A,N/A,N/A,N/A,N/A,N/A,N/A,N/A,N/A,N/A,N/A,N/A,N/A,N/A,N/A,N/A,N/A
Cement and concrete,Ready-mix,"Ready-mixed concrete, Canada, Quebec, 40 MPa, w/o AEAs",N/A,N/A,#VALUE!,High-80th%,N/A,N/A,N/A,N/A,N/A,N/A,N/A,N/A,N/A,N/A,N/A,N/A,999,Placeholder,d_truck,Concrete,3,No,No,No,No,N/A,N/A,N/A,N/A,N/A,N/A,N/A,N/A,N/A,N/A,N/A,N/A,N/A,N/A,N/A,40,N/A,N/A,N/A,N/A,N/A,N/A,N/A,N/A,N/A,N/A,N/A,N/A,N/A,N/A,N/A,No,N/A,N/A,N/A,N/A,N/A,N/A,N/A,N/A,N/A,N/A,N/A,N/A,N/A,N/A,N/A,N/A,N/A
Cement and concrete,Ready-mix,"Ready-mixed concrete, Canada, Quebec, 40 MPa, w/o AEAs",N/A,N/A,#VALUE!,Low-20th%,N/A,N/A,N/A,N/A,N/A,N/A,N/A,N/A,N/A,N/A,N/A,N/A,999,Placeholder,d_truck,Concrete,3,No,No,No,No,N/A,N/A,N/A,N/A,N/A,N/A,N/A,N/A,N/A,N/A,N/A,N/A,N/A,N/A,N/A,40,N/A,N/A,N/A,N/A,N/A,N/A,N/A,N/A,N/A,N/A,N/A,N/A,N/A,N/A,N/A,No,N/A,N/A,N/A,N/A,N/A,N/A,N/A,N/A,N/A,N/A,N/A,N/A,N/A,N/A,N/A,N/A,N/A
Cement and concrete,Ready-mix,"Ready-mixed concrete, Canada, Quebec, 45 MPa, w/ AEAs",CLF 2025 Material Baselines,https://pcr-epd.s3.us-east-2.amazonaws.com/811.CRMCA_EPD_ABQ.pdf,1.000676786,Baseline,414,1,m3,Industry,single,industry data,Quebec ready-mixed concrete industry-average EPD  ,Association Béton Québec. (2022). Association Béton Quebec (ABQ) Member industry-wide EPD for ready-mixed concrete. ASTM International.,FALSE,Canada Quebec,2400,kg/m3,999,Placeholder,d_truck,Concrete,3,No,No,No,No,N/A,N/A,N/A,N/A,N/A,N/A,N/A,N/A,N/A,N/A,N/A,N/A,N/A,N/A,N/A,45,N/A,N/A,N/A,N/A,N/A,N/A,414,N/A,N/A,N/A,2.2615295368848500,0.2801895001450260,0.0000107072416127,40.8276128782752000,844.3510586870350000,No,N/A,N/A,N/A,N/A,N/A,N/A,N/A,N/A,N/A,N/A,N/A,N/A,N/A,N/A,N/A,N/A,N/A
Cement and concrete,Ready-mix,"Ready-mixed concrete, Canada, Quebec, 45 MPa, w/ AEAs",N/A,N/A,#VALUE!,High-80th%,N/A,N/A,N/A,N/A,N/A,N/A,N/A,N/A,N/A,N/A,N/A,N/A,999,Placeholder,d_truck,Concrete,3,No,No,No,No,N/A,N/A,N/A,N/A,N/A,N/A,N/A,N/A,N/A,N/A,N/A,N/A,N/A,N/A,N/A,45,N/A,N/A,N/A,N/A,N/A,N/A,N/A,N/A,N/A,N/A,N/A,N/A,N/A,N/A,N/A,No,N/A,N/A,N/A,N/A,N/A,N/A,N/A,N/A,N/A,N/A,N/A,N/A,N/A,N/A,N/A,N/A,N/A
Cement and concrete,Ready-mix,"Ready-mixed concrete, Canada, Quebec, 45 MPa, w/ AEAs",N/A,N/A,#VALUE!,Low-20th%,N/A,N/A,N/A,N/A,N/A,N/A,N/A,N/A,N/A,N/A,N/A,N/A,999,Placeholder,d_truck,Concrete,3,No,No,No,No,N/A,N/A,N/A,N/A,N/A,N/A,N/A,N/A,N/A,N/A,N/A,N/A,N/A,N/A,N/A,45,N/A,N/A,N/A,N/A,N/A,N/A,N/A,N/A,N/A,N/A,N/A,N/A,N/A,N/A,N/A,No,N/A,N/A,N/A,N/A,N/A,N/A,N/A,N/A,N/A,N/A,N/A,N/A,N/A,N/A,N/A,N/A,N/A
Cement and concrete,Ready-mix,"Ready-mixed concrete, Canada, Quebec, 45 MPa, w/o AEAs",CLF 2025 Material Baselines,https://pcr-epd.s3.us-east-2.amazonaws.com/811.CRMCA_EPD_ABQ.pdf,0.999580229,Baseline,381,1,m3,Industry,single,industry data,Quebec ready-mixed concrete industry-average EPD  ,Association Béton Québec. (2022). Association Béton Quebec (ABQ) Member industry-wide EPD for ready-mixed concrete. ASTM International.,FALSE,Canada Quebec,2400,kg/m3,999,Placeholder,d_truck,Concrete,3,No,No,No,No,N/A,N/A,N/A,N/A,N/A,N/A,N/A,N/A,N/A,N/A,N/A,N/A,N/A,N/A,N/A,45,N/A,N/A,N/A,N/A,N/A,N/A,381,N/A,N/A,N/A,2.0891226781404100,0.2498950571938290,0.0000097858904397,37.8041242522825000,800.7537254696190000,No,N/A,N/A,N/A,N/A,N/A,N/A,N/A,N/A,N/A,N/A,N/A,N/A,N/A,N/A,N/A,N/A,N/A
Cement and concrete,Ready-mix,"Ready-mixed concrete, Canada, Quebec, 45 MPa, w/o AEAs",N/A,N/A,#VALUE!,High-80th%,N/A,N/A,N/A,N/A,N/A,N/A,N/A,N/A,N/A,N/A,N/A,N/A,999,Placeholder,d_truck,Concrete,3,No,No,No,No,N/A,N/A,N/A,N/A,N/A,N/A,N/A,N/A,N/A,N/A,N/A,N/A,N/A,N/A,N/A,45,N/A,N/A,N/A,N/A,N/A,N/A,N/A,N/A,N/A,N/A,N/A,N/A,N/A,N/A,N/A,No,N/A,N/A,N/A,N/A,N/A,N/A,N/A,N/A,N/A,N/A,N/A,N/A,N/A,N/A,N/A,N/A,N/A
Cement and concrete,Ready-mix,"Ready-mixed concrete, Canada, Quebec, 45 MPa, w/o AEAs",N/A,N/A,#VALUE!,Low-20th%,N/A,N/A,N/A,N/A,N/A,N/A,N/A,N/A,N/A,N/A,N/A,N/A,999,Placeholder,d_truck,Concrete,3,No,No,No,No,N/A,N/A,N/A,N/A,N/A,N/A,N/A,N/A,N/A,N/A,N/A,N/A,N/A,N/A,N/A,45,N/A,N/A,N/A,N/A,N/A,N/A,N/A,N/A,N/A,N/A,N/A,N/A,N/A,N/A,N/A,No,N/A,N/A,N/A,N/A,N/A,N/A,N/A,N/A,N/A,N/A,N/A,N/A,N/A,N/A,N/A,N/A,N/A
Cement and concrete,Ready-mix,"Ready-mixed concrete, Canada, Quebec, 50 MPa, w/ AEAs",CLF 2025 Material Baselines,https://pcr-epd.s3.us-east-2.amazonaws.com/811.CRMCA_EPD_ABQ.pdf,0.999270605,Baseline,411,1,m3,Industry,single,industry data,Quebec ready-mixed concrete industry-average EPD  ,Association Béton Québec. (2022). Association Béton Quebec (ABQ) Member industry-wide EPD for ready-mixed concrete. ASTM International.,FALSE,Canada Quebec,2400,kg/m3,999,Placeholder,d_truck,Concrete,3,No,No,No,No,N/A,N/A,N/A,N/A,N/A,N/A,N/A,N/A,N/A,N/A,N/A,N/A,N/A,N/A,N/A,50,N/A,N/A,N/A,N/A,N/A,N/A,411,N/A,N/A,N/A,2.2583515681983900,0.2797957695113060,0.0000109919766594,41.0000729394602000,848.4407002188180000,No,N/A,N/A,N/A,N/A,N/A,N/A,N/A,N/A,N/A,N/A,N/A,N/A,N/A,N/A,N/A,N/A,N/A
Cement and concrete,Ready-mix,"Ready-mixed concrete, Canada, Quebec, 50 MPa, w/ AEAs",N/A,N/A,#VALUE!,High-80th%,N/A,N/A,N/A,N/A,N/A,N/A,N/A,N/A,N/A,N/A,N/A,N/A,999,Placeholder,d_truck,Concrete,3,No,No,No,No,N/A,N/A,N/A,N/A,N/A,N/A,N/A,N/A,N/A,N/A,N/A,N/A,N/A,N/A,N/A,50,N/A,N/A,N/A,N/A,N/A,N/A,N/A,N/A,N/A,N/A,N/A,N/A,N/A,N/A,N/A,No,N/A,N/A,N/A,N/A,N/A,N/A,N/A,N/A,N/A,N/A,N/A,N/A,N/A,N/A,N/A,N/A,N/A
Cement and concrete,Ready-mix,"Ready-mixed concrete, Canada, Quebec, 50 MPa, w/ AEAs",N/A,N/A,#VALUE!,Low-20th%,N/A,N/A,N/A,N/A,N/A,N/A,N/A,N/A,N/A,N/A,N/A,N/A,999,Placeholder,d_truck,Concrete,3,No,No,No,No,N/A,N/A,N/A,N/A,N/A,N/A,N/A,N/A,N/A,N/A,N/A,N/A,N/A,N/A,N/A,50,N/A,N/A,N/A,N/A,N/A,N/A,N/A,N/A,N/A,N/A,N/A,N/A,N/A,N/A,N/A,No,N/A,N/A,N/A,N/A,N/A,N/A,N/A,N/A,N/A,N/A,N/A,N/A,N/A,N/A,N/A,N/A,N/A
Cement and concrete,Ready-mix,"Ready-mixed concrete, Canada, Quebec, 50 MPa, w/o AEAs",CLF 2025 Material Baselines,https://pcr-epd.s3.us-east-2.amazonaws.com/811.CRMCA_EPD_ABQ.pdf,0.99906029,Baseline,404,1,m3,Industry,single,industry data,Quebec ready-mixed concrete industry-average EPD  ,Association Béton Québec. (2022). Association Béton Quebec (ABQ) Member industry-wide EPD for ready-mixed concrete. ASTM International.,FALSE,Canada Quebec,2400,kg/m3,999,Placeholder,d_truck,Concrete,3,No,No,No,No,N/A,N/A,N/A,N/A,N/A,N/A,N/A,N/A,N/A,N/A,N/A,N/A,N/A,N/A,N/A,50,N/A,N/A,N/A,N/A,N/A,N/A,404,N/A,N/A,N/A,2.1979326376180800,0.2697462782531280,0.0000103902270142,39.7725901379890000,814.9834314258870000,No,N/A,N/A,N/A,N/A,N/A,N/A,N/A,N/A,N/A,N/A,N/A,N/A,N/A,N/A,N/A,N/A,N/A
Cement and concrete,Ready-mix,"Ready-mixed concrete, Canada, Quebec, 50 MPa, w/o AEAs",N/A,N/A,#VALUE!,High-80th%,N/A,N/A,N/A,N/A,N/A,N/A,N/A,N/A,N/A,N/A,N/A,N/A,999,Placeholder,d_truck,Concrete,3,No,No,No,No,N/A,N/A,N/A,N/A,N/A,N/A,N/A,N/A,N/A,N/A,N/A,N/A,N/A,N/A,N/A,50,N/A,N/A,N/A,N/A,N/A,N/A,N/A,N/A,N/A,N/A,N/A,N/A,N/A,N/A,N/A,No,N/A,N/A,N/A,N/A,N/A,N/A,N/A,N/A,N/A,N/A,N/A,N/A,N/A,N/A,N/A,N/A,N/A
Cement and concrete,Ready-mix,"Ready-mixed concrete, Canada, Quebec, 50 MPa, w/o AEAs",N/A,N/A,#VALUE!,Low-20th%,N/A,N/A,N/A,N/A,N/A,N/A,N/A,N/A,N/A,N/A,N/A,N/A,999,Placeholder,d_truck,Concrete,3,No,No,No,No,N/A,N/A,N/A,N/A,N/A,N/A,N/A,N/A,N/A,N/A,N/A,N/A,N/A,N/A,N/A,50,N/A,N/A,N/A,N/A,N/A,N/A,N/A,N/A,N/A,N/A,N/A,N/A,N/A,N/A,N/A,No,N/A,N/A,N/A,N/A,N/A,N/A,N/A,N/A,N/A,N/A,N/A,N/A,N/A,N/A,N/A,N/A,N/A
Cement and concrete,Ready-mix,"Ready-mixed concrete, Canada, Quebec, 60 MPa, w/ AEAs",CLF 2025 Material Baselines,https://pcr-epd.s3.us-east-2.amazonaws.com/811.CRMCA_EPD_ABQ.pdf,1.00065211,Baseline,445,1,m3,Industry,single,industry data,Quebec ready-mixed concrete industry-average EPD  ,Association Béton Québec. (2022). Association Béton Quebec (ABQ) Member industry-wide EPD for ready-mixed concrete. ASTM International.,FALSE,Canada Quebec,2400,kg/m3,999,Placeholder,d_truck,Concrete,3,No,No,No,No,N/A,N/A,N/A,N/A,N/A,N/A,N/A,N/A,N/A,N/A,N/A,N/A,N/A,N/A,N/A,60,N/A,N/A,N/A,N/A,N/A,N/A,445,N/A,N/A,N/A,2.4315846281846600,0.3001956331092170,0.0000120078253244,43.6384385329766000,888.0987609903080000,No,N/A,N/A,N/A,N/A,N/A,N/A,N/A,N/A,N/A,N/A,N/A,N/A,N/A,N/A,N/A,N/A,N/A
Cement and concrete,Ready-mix,"Ready-mixed concrete, Canada, Quebec, 60 MPa, w/ AEAs",N/A,N/A,#VALUE!,High-80th%,N/A,N/A,N/A,N/A,N/A,N/A,N/A,N/A,N/A,N/A,N/A,N/A,999,Placeholder,d_truck,Concrete,3,No,No,No,No,N/A,N/A,N/A,N/A,N/A,N/A,N/A,N/A,N/A,N/A,N/A,N/A,N/A,N/A,N/A,60,N/A,N/A,N/A,N/A,N/A,N/A,N/A,N/A,N/A,N/A,N/A,N/A,N/A,N/A,N/A,No,N/A,N/A,N/A,N/A,N/A,N/A,N/A,N/A,N/A,N/A,N/A,N/A,N/A,N/A,N/A,N/A,N/A
Cement and concrete,Ready-mix,"Ready-mixed concrete, Canada, Quebec, 60 MPa, w/ AEAs",N/A,N/A,#VALUE!,Low-20th%,N/A,N/A,N/A,N/A,N/A,N/A,N/A,N/A,N/A,N/A,N/A,N/A,999,Placeholder,d_truck,Concrete,3,No,No,No,No,N/A,N/A,N/A,N/A,N/A,N/A,N/A,N/A,N/A,N/A,N/A,N/A,N/A,N/A,N/A,60,N/A,N/A,N/A,N/A,N/A,N/A,N/A,N/A,N/A,N/A,N/A,N/A,N/A,N/A,N/A,No,N/A,N/A,N/A,N/A,N/A,N/A,N/A,N/A,N/A,N/A,N/A,N/A,N/A,N/A,N/A,N/A,N/A
Cement and concrete,Ready-mix,"Ready-mixed concrete, Canada, Quebec, 60 MPa, w/o AEAs",CLF 2025 Material Baselines,https://pcr-epd.s3.us-east-2.amazonaws.com/811.CRMCA_EPD_ABQ.pdf,1.000612139,Baseline,425,1,m3,Industry,single,industry data,Quebec ready-mixed concrete industry-average EPD  ,Association Béton Québec. (2022). Association Béton Quebec (ABQ) Member industry-wide EPD for ready-mixed concrete. ASTM International.,FALSE,Canada Quebec,2400,kg/m3,999,Placeholder,d_truck,Concrete,3,No,No,No,No,N/A,N/A,N/A,N/A,N/A,N/A,N/A,N/A,N/A,N/A,N/A,N/A,N/A,N/A,N/A,60,N/A,N/A,N/A,N/A,N/A,N/A,425,N/A,N/A,N/A,2.3114140415312900,0.2801713989734900,0.0000110067335311,41.5454160192118000,835.1509158544050000,No,N/A,N/A,N/A,N/A,N/A,N/A,N/A,N/A,N/A,N/A,N/A,N/A,N/A,N/A,N/A,N/A,N/A
Cement and concrete,Ready-mix,"Ready-mixed concrete, Canada, Quebec, 60 MPa, w/o AEAs",N/A,N/A,#VALUE!,High-80th%,N/A,N/A,N/A,N/A,N/A,N/A,N/A,N/A,N/A,N/A,N/A,N/A,999,Placeholder,d_truck,Concrete,3,No,No,No,No,N/A,N/A,N/A,N/A,N/A,N/A,N/A,N/A,N/A,N/A,N/A,N/A,N/A,N/A,N/A,60,N/A,N/A,N/A,N/A,N/A,N/A,N/A,N/A,N/A,N/A,N/A,N/A,N/A,N/A,N/A,No,N/A,N/A,N/A,N/A,N/A,N/A,N/A,N/A,N/A,N/A,N/A,N/A,N/A,N/A,N/A,N/A,N/A
Cement and concrete,Ready-mix,"Ready-mixed concrete, Canada, Quebec, 60 MPa, w/o AEAs",N/A,N/A,#VALUE!,Low-20th%,N/A,N/A,N/A,N/A,N/A,N/A,N/A,N/A,N/A,N/A,N/A,N/A,999,Placeholder,d_truck,Concrete,3,No,No,No,No,N/A,N/A,N/A,N/A,N/A,N/A,N/A,N/A,N/A,N/A,N/A,N/A,N/A,N/A,N/A,60,N/A,N/A,N/A,N/A,N/A,N/A,N/A,N/A,N/A,N/A,N/A,N/A,N/A,N/A,N/A,No,N/A,N/A,N/A,N/A,N/A,N/A,N/A,N/A,N/A,N/A,N/A,N/A,N/A,N/A,N/A,N/A,N/A
Cement and concrete,Ready-mix,"Ready-mixed concrete, Canada, Quebec, 80 MPa, w/o AEAs",CLF 2025 Material Baselines,https://pcr-epd.s3.us-east-2.amazonaws.com/811.CRMCA_EPD_ABQ.pdf,1.000576464,Baseline,486,1,m3,Industry,single,industry data,Quebec ready-mixed concrete industry-average EPD  ,Association Béton Québec. (2022). Association Béton Quebec (ABQ) Member industry-wide EPD for ready-mixed concrete. ASTM International.,FALSE,Canada Quebec,2400,kg/m3,999,Placeholder,d_truck,Concrete,3,No,No,No,No,N/A,N/A,N/A,N/A,N/A,N/A,N/A,N/A,N/A,N/A,N/A,N/A,N/A,N/A,N/A,80,N/A,N/A,N/A,N/A,N/A,N/A,486,N/A,N/A,N/A,2.6215103351725300,0.3201844684180190,0.0000127073210903,46.9170303878778000,922.6215515111590000,No,N/A,N/A,N/A,N/A,N/A,N/A,N/A,N/A,N/A,N/A,N/A,N/A,N/A,N/A,N/A,N/A,N/A
Cement and concrete,Ready-mix,"Ready-mixed concrete, Canada, Quebec, 80 MPa, w/o AEAs",N/A,N/A,#VALUE!,High-80th%,N/A,N/A,N/A,N/A,N/A,N/A,N/A,N/A,N/A,N/A,N/A,N/A,999,Placeholder,d_truck,Concrete,3,No,No,No,No,N/A,N/A,N/A,N/A,N/A,N/A,N/A,N/A,N/A,N/A,N/A,N/A,N/A,N/A,N/A,80,N/A,N/A,N/A,N/A,N/A,N/A,N/A,N/A,N/A,N/A,N/A,N/A,N/A,N/A,N/A,No,N/A,N/A,N/A,N/A,N/A,N/A,N/A,N/A,N/A,N/A,N/A,N/A,N/A,N/A,N/A,N/A,N/A
Cement and concrete,Ready-mix,"Ready-mixed concrete, Canada, Quebec, 80 MPa, w/o AEAs",N/A,N/A,#VALUE!,Low-20th%,N/A,N/A,N/A,N/A,N/A,N/A,N/A,N/A,N/A,N/A,N/A,N/A,999,Placeholder,d_truck,Concrete,3,No,No,No,No,N/A,N/A,N/A,N/A,N/A,N/A,N/A,N/A,N/A,N/A,N/A,N/A,N/A,N/A,N/A,80,N/A,N/A,N/A,N/A,N/A,N/A,N/A,N/A,N/A,N/A,N/A,N/A,N/A,N/A,N/A,No,N/A,N/A,N/A,N/A,N/A,N/A,N/A,N/A,N/A,N/A,N/A,N/A,N/A,N/A,N/A,N/A,N/A
Cement and concrete,Ready-mix,"Ready-mixed concrete, Canada, Atlantic, 20 MPa, w/ AEAs",CLF 2025 Material Baselines,https://atlanticconcrete.ca/images/CRMCA_EPD_Atlantic_20220729.pdf,1.000116293,Baseline,344,1,m3,Industry,single,industry data,Atlantic region (Canada) ready-mixed concrete industry-average EPD  ,Atlantic Concrete Association. (2022). Atlantic Concrete Member industry-wide EPD for ready-mixed concrete. ASTM International.,FALSE,Canada Atlantic,2400,kg/m3,999,Placeholder,d_truck,Concrete,3,No,No,No,No,N/A,N/A,N/A,N/A,N/A,N/A,N/A,N/A,N/A,N/A,N/A,N/A,N/A,N/A,N/A,20,N/A,N/A,N/A,N/A,N/A,N/A,344,N/A,N/A,N/A,1.7402023491103600,0.3200372136294920,0.0000065407605536,42.1348994069078000,1193.7788114897100000,No,N/A,N/A,N/A,N/A,N/A,N/A,N/A,N/A,N/A,N/A,N/A,N/A,N/A,N/A,N/A,N/A,N/A
Cement and concrete,Ready-mix,"Ready-mixed concrete, Canada, Atlantic, 20 MPa, w/ AEAs",N/A,N/A,#VALUE!,High-80th%,N/A,N/A,N/A,N/A,N/A,N/A,N/A,N/A,N/A,N/A,N/A,N/A,999,Placeholder,d_truck,Concrete,3,No,No,No,No,N/A,N/A,N/A,N/A,N/A,N/A,N/A,N/A,N/A,N/A,N/A,N/A,N/A,N/A,N/A,20,N/A,N/A,N/A,N/A,N/A,N/A,N/A,N/A,N/A,N/A,N/A,N/A,N/A,N/A,N/A,No,N/A,N/A,N/A,N/A,N/A,N/A,N/A,N/A,N/A,N/A,N/A,N/A,N/A,N/A,N/A,N/A,N/A
Cement and concrete,Ready-mix,"Ready-mixed concrete, Canada, Atlantic, 20 MPa, w/ AEAs",N/A,N/A,#VALUE!,Low-20th%,N/A,N/A,N/A,N/A,N/A,N/A,N/A,N/A,N/A,N/A,N/A,N/A,999,Placeholder,d_truck,Concrete,3,No,No,No,No,N/A,N/A,N/A,N/A,N/A,N/A,N/A,N/A,N/A,N/A,N/A,N/A,N/A,N/A,N/A,20,N/A,N/A,N/A,N/A,N/A,N/A,N/A,N/A,N/A,N/A,N/A,N/A,N/A,N/A,N/A,No,N/A,N/A,N/A,N/A,N/A,N/A,N/A,N/A,N/A,N/A,N/A,N/A,N/A,N/A,N/A,N/A,N/A
Cement and concrete,Ready-mix,"Ready-mixed concrete, Canada, Atlantic, 20 MPa, w/o AEAs",CLF 2025 Material Baselines,https://atlanticconcrete.ca/images/CRMCA_EPD_Atlantic_20220729.pdf,1.00109913,Baseline,337,1,m3,Industry,single,industry data,Atlantic region (Canada) ready-mixed concrete industry-average EPD  ,Atlantic Concrete Association. (2022). Atlantic Concrete Member industry-wide EPD for ready-mixed concrete. ASTM International.,FALSE,Canada Atlantic,2400,kg/m3,999,Placeholder,d_truck,Concrete,3,No,No,No,No,N/A,N/A,N/A,N/A,N/A,N/A,N/A,N/A,N/A,N/A,N/A,N/A,N/A,N/A,N/A,20,N/A,N/A,N/A,N/A,N/A,N/A,337,N/A,N/A,N/A,1.7619344681103900,0.3103407301785340,N/A,42.7669548168612000,1203.5814395627200000,No,N/A,N/A,N/A,N/A,N/A,N/A,N/A,N/A,N/A,N/A,N/A,N/A,N/A,N/A,N/A,N/A,N/A
Cement and concrete,Ready-mix,"Ready-mixed concrete, Canada, Atlantic, 20 MPa, w/o AEAs",N/A,N/A,#VALUE!,High-80th%,N/A,N/A,N/A,N/A,N/A,N/A,N/A,N/A,N/A,N/A,N/A,N/A,999,Placeholder,d_truck,Concrete,3,No,No,No,No,N/A,N/A,N/A,N/A,N/A,N/A,N/A,N/A,N/A,N/A,N/A,N/A,N/A,N/A,N/A,20,N/A,N/A,N/A,N/A,N/A,N/A,N/A,N/A,N/A,N/A,N/A,N/A,N/A,N/A,N/A,No,N/A,N/A,N/A,N/A,N/A,N/A,N/A,N/A,N/A,N/A,N/A,N/A,N/A,N/A,N/A,N/A,N/A
Cement and concrete,Ready-mix,"Ready-mixed concrete, Canada, Atlantic, 20 MPa, w/o AEAs",N/A,N/A,#VALUE!,Low-20th%,N/A,N/A,N/A,N/A,N/A,N/A,N/A,N/A,N/A,N/A,N/A,N/A,999,Placeholder,d_truck,Concrete,3,No,No,No,No,N/A,N/A,N/A,N/A,N/A,N/A,N/A,N/A,N/A,N/A,N/A,N/A,N/A,N/A,N/A,20,N/A,N/A,N/A,N/A,N/A,N/A,N/A,N/A,N/A,N/A,N/A,N/A,N/A,N/A,N/A,No,N/A,N/A,N/A,N/A,N/A,N/A,N/A,N/A,N/A,N/A,N/A,N/A,N/A,N/A,N/A,N/A,N/A
Cement and concrete,Ready-mix,"Ready-mixed concrete, Canada, Atlantic, 25 MPa, w/ AEAs",CLF 2025 Material Baselines,https://atlanticconcrete.ca/images/CRMCA_EPD_Atlantic_20220729.pdf,1.000027702,Baseline,361,1,m3,Industry,single,industry data,Atlantic region (Canada) ready-mixed concrete industry-average EPD  ,Atlantic Concrete Association. (2022). Atlantic Concrete Member industry-wide EPD for ready-mixed concrete. ASTM International.,FALSE,Canada Atlantic,2400,kg/m3,999,Placeholder,d_truck,Concrete,3,No,No,No,No,N/A,N/A,N/A,N/A,N/A,N/A,N/A,N/A,N/A,N/A,N/A,N/A,N/A,N/A,N/A,25,N/A,N/A,N/A,N/A,N/A,N/A,361,N/A,N/A,N/A,1.7700490318291400,0.3300091415274660,0.0000069101914180,42.3011717776116000,1205.1733843042700000,No,N/A,N/A,N/A,N/A,N/A,N/A,N/A,N/A,N/A,N/A,N/A,N/A,N/A,N/A,N/A,N/A,N/A
Cement and concrete,Ready-mix,"Ready-mixed concrete, Canada, Atlantic, 25 MPa, w/ AEAs",N/A,N/A,#VALUE!,High-80th%,N/A,N/A,N/A,N/A,N/A,N/A,N/A,N/A,N/A,N/A,N/A,N/A,999,Placeholder,d_truck,Concrete,3,No,No,No,No,N/A,N/A,N/A,N/A,N/A,N/A,N/A,N/A,N/A,N/A,N/A,N/A,N/A,N/A,N/A,25,N/A,N/A,N/A,N/A,N/A,N/A,N/A,N/A,N/A,N/A,N/A,N/A,N/A,N/A,N/A,No,N/A,N/A,N/A,N/A,N/A,N/A,N/A,N/A,N/A,N/A,N/A,N/A,N/A,N/A,N/A,N/A,N/A
Cement and concrete,Ready-mix,"Ready-mixed concrete, Canada, Atlantic, 25 MPa, w/ AEAs",N/A,N/A,#VALUE!,Low-20th%,N/A,N/A,N/A,N/A,N/A,N/A,N/A,N/A,N/A,N/A,N/A,N/A,999,Placeholder,d_truck,Concrete,3,No,No,No,No,N/A,N/A,N/A,N/A,N/A,N/A,N/A,N/A,N/A,N/A,N/A,N/A,N/A,N/A,N/A,25,N/A,N/A,N/A,N/A,N/A,N/A,N/A,N/A,N/A,N/A,N/A,N/A,N/A,N/A,N/A,No,N/A,N/A,N/A,N/A,N/A,N/A,N/A,N/A,N/A,N/A,N/A,N/A,N/A,N/A,N/A,N/A,N/A
Cement and concrete,Ready-mix,"Ready-mixed concrete, Canada, Atlantic, 25 MPa, w/o AEAs",CLF 2025 Material Baselines,https://atlanticconcrete.ca/images/CRMCA_EPD_Atlantic_20220729.pdf,0.999943506,Baseline,354,1,m3,Industry,single,industry data,Atlantic region (Canada) ready-mixed concrete industry-average EPD  ,Atlantic Concrete Association. (2022). Atlantic Concrete Member industry-wide EPD for ready-mixed concrete. ASTM International.,FALSE,Canada Atlantic,2400,kg/m3,999,Placeholder,d_truck,Concrete,3,No,No,No,No,N/A,N/A,N/A,N/A,N/A,N/A,N/A,N/A,N/A,N/A,N/A,N/A,N/A,N/A,N/A,25,N/A,N/A,N/A,N/A,N/A,N/A,354,N/A,N/A,N/A,1.7898988757697300,0.3299813569854810,0.0000067396192306,43.1175639794362000,1217.8011976724500000,No,N/A,N/A,N/A,N/A,N/A,N/A,N/A,N/A,N/A,N/A,N/A,N/A,N/A,N/A,N/A,N/A,N/A
Cement and concrete,Ready-mix,"Ready-mixed concrete, Canada, Atlantic, 25 MPa, w/o AEAs",N/A,N/A,#VALUE!,High-80th%,N/A,N/A,N/A,N/A,N/A,N/A,N/A,N/A,N/A,N/A,N/A,N/A,999,Placeholder,d_truck,Concrete,3,No,No,No,No,N/A,N/A,N/A,N/A,N/A,N/A,N/A,N/A,N/A,N/A,N/A,N/A,N/A,N/A,N/A,25,N/A,N/A,N/A,N/A,N/A,N/A,N/A,N/A,N/A,N/A,N/A,N/A,N/A,N/A,N/A,No,N/A,N/A,N/A,N/A,N/A,N/A,N/A,N/A,N/A,N/A,N/A,N/A,N/A,N/A,N/A,N/A,N/A
Cement and concrete,Ready-mix,"Ready-mixed concrete, Canada, Atlantic, 25 MPa, w/o AEAs",N/A,N/A,#VALUE!,Low-20th%,N/A,N/A,N/A,N/A,N/A,N/A,N/A,N/A,N/A,N/A,N/A,N/A,999,Placeholder,d_truck,Concrete,3,No,No,No,No,N/A,N/A,N/A,N/A,N/A,N/A,N/A,N/A,N/A,N/A,N/A,N/A,N/A,N/A,N/A,25,N/A,N/A,N/A,N/A,N/A,N/A,N/A,N/A,N/A,N/A,N/A,N/A,N/A,N/A,N/A,No,N/A,N/A,N/A,N/A,N/A,N/A,N/A,N/A,N/A,N/A,N/A,N/A,N/A,N/A,N/A,N/A,N/A
Cement and concrete,Ready-mix,"Ready-mixed concrete, Canada, Atlantic, 30 MPa, w/ AEAs",CLF 2025 Material Baselines,https://atlanticconcrete.ca/images/CRMCA_EPD_Atlantic_20220729.pdf,0.999036462,Baseline,394,1,m3,Industry,single,industry data,Atlantic region (Canada) ready-mixed concrete industry-average EPD  ,Atlantic Concrete Association. (2022). Atlantic Concrete Member industry-wide EPD for ready-mixed concrete. ASTM International.,FALSE,Canada Atlantic,2400,kg/m3,999,Placeholder,d_truck,Concrete,3,No,No,No,No,N/A,N/A,N/A,N/A,N/A,N/A,N/A,N/A,N/A,N/A,N/A,N/A,N/A,N/A,N/A,30,N/A,N/A,N/A,N/A,N/A,N/A,394,N/A,N/A,N/A,1.7982656321314500,0.3596531264262890,0.0000076226482073,42.3391652720726000,1217.0362087326900000,No,N/A,N/A,N/A,N/A,N/A,N/A,N/A,N/A,N/A,N/A,N/A,N/A,N/A,N/A,N/A,N/A,N/A
Cement and concrete,Ready-mix,"Ready-mixed concrete, Canada, Atlantic, 30 MPa, w/ AEAs",N/A,N/A,#VALUE!,High-80th%,N/A,N/A,N/A,N/A,N/A,N/A,N/A,N/A,N/A,N/A,N/A,N/A,999,Placeholder,d_truck,Concrete,3,No,No,No,No,N/A,N/A,N/A,N/A,N/A,N/A,N/A,N/A,N/A,N/A,N/A,N/A,N/A,N/A,N/A,30,N/A,N/A,N/A,N/A,N/A,N/A,N/A,N/A,N/A,N/A,N/A,N/A,N/A,N/A,N/A,No,N/A,N/A,N/A,N/A,N/A,N/A,N/A,N/A,N/A,N/A,N/A,N/A,N/A,N/A,N/A,N/A,N/A
Cement and concrete,Ready-mix,"Ready-mixed concrete, Canada, Atlantic, 30 MPa, w/ AEAs",N/A,N/A,#VALUE!,Low-20th%,N/A,N/A,N/A,N/A,N/A,N/A,N/A,N/A,N/A,N/A,N/A,N/A,999,Placeholder,d_truck,Concrete,3,No,No,No,No,N/A,N/A,N/A,N/A,N/A,N/A,N/A,N/A,N/A,N/A,N/A,N/A,N/A,N/A,N/A,30,N/A,N/A,N/A,N/A,N/A,N/A,N/A,N/A,N/A,N/A,N/A,N/A,N/A,N/A,N/A,No,N/A,N/A,N/A,N/A,N/A,N/A,N/A,N/A,N/A,N/A,N/A,N/A,N/A,N/A,N/A,N/A,N/A
Cement and concrete,Ready-mix,"Ready-mixed concrete, Canada, Atlantic, 30 MPa, w/o AEAs",CLF 2025 Material Baselines,https://atlanticconcrete.ca/images/CRMCA_EPD_Atlantic_20220729.pdf,0.999683478,Baseline,379,1,m3,Industry,single,industry data,Atlantic region (Canada) ready-mixed concrete industry-average EPD  ,Atlantic Concrete Association. (2022). Atlantic Concrete Member industry-wide EPD for ready-mixed concrete. ASTM International.,FALSE,Canada Atlantic,2400,kg/m3,999,Placeholder,d_truck,Concrete,3,No,No,No,No,N/A,N/A,N/A,N/A,N/A,N/A,N/A,N/A,N/A,N/A,N/A,N/A,N/A,N/A,N/A,30,N/A,N/A,N/A,N/A,N/A,N/A,379,N/A,N/A,N/A,1.8094270943237000,0.3498892171344170,0.0000072776957164,43.1963230639375000,1227.8812249419700000,No,N/A,N/A,N/A,N/A,N/A,N/A,N/A,N/A,N/A,N/A,N/A,N/A,N/A,N/A,N/A,N/A,N/A
Cement and concrete,Ready-mix,"Ready-mixed concrete, Canada, Atlantic, 30 MPa, w/o AEAs",N/A,N/A,#VALUE!,High-80th%,N/A,N/A,N/A,N/A,N/A,N/A,N/A,N/A,N/A,N/A,N/A,N/A,999,Placeholder,d_truck,Concrete,3,No,No,No,No,N/A,N/A,N/A,N/A,N/A,N/A,N/A,N/A,N/A,N/A,N/A,N/A,N/A,N/A,N/A,30,N/A,N/A,N/A,N/A,N/A,N/A,N/A,N/A,N/A,N/A,N/A,N/A,N/A,N/A,N/A,No,N/A,N/A,N/A,N/A,N/A,N/A,N/A,N/A,N/A,N/A,N/A,N/A,N/A,N/A,N/A,N/A,N/A
Cement and concrete,Ready-mix,"Ready-mixed concrete, Canada, Atlantic, 30 MPa, w/o AEAs",N/A,N/A,#VALUE!,Low-20th%,N/A,N/A,N/A,N/A,N/A,N/A,N/A,N/A,N/A,N/A,N/A,N/A,999,Placeholder,d_truck,Concrete,3,No,No,No,No,N/A,N/A,N/A,N/A,N/A,N/A,N/A,N/A,N/A,N/A,N/A,N/A,N/A,N/A,N/A,30,N/A,N/A,N/A,N/A,N/A,N/A,N/A,N/A,N/A,N/A,N/A,N/A,N/A,N/A,N/A,No,N/A,N/A,N/A,N/A,N/A,N/A,N/A,N/A,N/A,N/A,N/A,N/A,N/A,N/A,N/A,N/A,N/A
Cement and concrete,Ready-mix,"Ready-mixed concrete, Canada, Atlantic, 32 MPa, w/ AEAs",CLF 2025 Material Baselines,https://atlanticconcrete.ca/images/CRMCA_EPD_Atlantic_20220729.pdf,1.00050139,Baseline,439,1,m3,Industry,single,industry data,Atlantic region (Canada) ready-mixed concrete industry-average EPD  ,Atlantic Concrete Association. (2022). Atlantic Concrete Member industry-wide EPD for ready-mixed concrete. ASTM International.,FALSE,Canada Atlantic,2400,kg/m3,999,Placeholder,d_truck,Concrete,3,No,No,No,No,N/A,N/A,N/A,N/A,N/A,N/A,N/A,N/A,N/A,N/A,N/A,N/A,N/A,N/A,N/A,32,N/A,N/A,N/A,N/A,N/A,N/A,439,N/A,N/A,N/A,1.9009526414148300,0.4002005560873330,0.0000085642919003,44.0720862391175000,1266.6547700442100000,No,N/A,N/A,N/A,N/A,N/A,N/A,N/A,N/A,N/A,N/A,N/A,N/A,N/A,N/A,N/A,N/A,N/A
Cement and concrete,Ready-mix,"Ready-mixed concrete, Canada, Atlantic, 32 MPa, w/ AEAs",N/A,N/A,#VALUE!,High-80th%,N/A,N/A,N/A,N/A,N/A,N/A,N/A,N/A,N/A,N/A,N/A,N/A,999,Placeholder,d_truck,Concrete,3,No,No,No,No,N/A,N/A,N/A,N/A,N/A,N/A,N/A,N/A,N/A,N/A,N/A,N/A,N/A,N/A,N/A,32,N/A,N/A,N/A,N/A,N/A,N/A,N/A,N/A,N/A,N/A,N/A,N/A,N/A,N/A,N/A,No,N/A,N/A,N/A,N/A,N/A,N/A,N/A,N/A,N/A,N/A,N/A,N/A,N/A,N/A,N/A,N/A,N/A
Cement and concrete,Ready-mix,"Ready-mixed concrete, Canada, Atlantic, 32 MPa, w/ AEAs",N/A,N/A,#VALUE!,Low-20th%,N/A,N/A,N/A,N/A,N/A,N/A,N/A,N/A,N/A,N/A,N/A,N/A,999,Placeholder,d_truck,Concrete,3,No,No,No,No,N/A,N/A,N/A,N/A,N/A,N/A,N/A,N/A,N/A,N/A,N/A,N/A,N/A,N/A,N/A,32,N/A,N/A,N/A,N/A,N/A,N/A,N/A,N/A,N/A,N/A,N/A,N/A,N/A,N/A,N/A,No,N/A,N/A,N/A,N/A,N/A,N/A,N/A,N/A,N/A,N/A,N/A,N/A,N/A,N/A,N/A,N/A,N/A
Cement and concrete,Ready-mix,"Ready-mixed concrete, Canada, Atlantic, 35 MPa, w/ AEAs",CLF 2025 Material Baselines,https://atlanticconcrete.ca/images/CRMCA_EPD_Atlantic_20220729.pdf,0.999441029,Baseline,447,1,m3,Industry,single,industry data,Atlantic region (Canada) ready-mixed concrete industry-average EPD  ,Atlantic Concrete Association. (2022). Atlantic Concrete Member industry-wide EPD for ready-mixed concrete. ASTM International.,FALSE,Canada Atlantic,2400,kg/m3,999,Placeholder,d_truck,Concrete,3,No,No,No,No,N/A,N/A,N/A,N/A,N/A,N/A,N/A,N/A,N/A,N/A,N/A,N/A,N/A,N/A,N/A,35,N/A,N/A,N/A,N/A,N/A,N/A,447,N/A,N/A,N/A,1.8989379541643400,0.4097708216880940,0.0000087351145892,43.7755170486305000,1271.6887646730000000,No,N/A,N/A,N/A,N/A,N/A,N/A,N/A,N/A,N/A,N/A,N/A,N/A,N/A,N/A,N/A,N/A,N/A
Cement and concrete,Ready-mix,"Ready-mixed concrete, Canada, Atlantic, 35 MPa, w/ AEAs",N/A,N/A,#VALUE!,High-80th%,N/A,N/A,N/A,N/A,N/A,N/A,N/A,N/A,N/A,N/A,N/A,N/A,999,Placeholder,d_truck,Concrete,3,No,No,No,No,N/A,N/A,N/A,N/A,N/A,N/A,N/A,N/A,N/A,N/A,N/A,N/A,N/A,N/A,N/A,35,N/A,N/A,N/A,N/A,N/A,N/A,N/A,N/A,N/A,N/A,N/A,N/A,N/A,N/A,N/A,No,N/A,N/A,N/A,N/A,N/A,N/A,N/A,N/A,N/A,N/A,N/A,N/A,N/A,N/A,N/A,N/A,N/A
Cement and concrete,Ready-mix,"Ready-mixed concrete, Canada, Atlantic, 35 MPa, w/ AEAs",N/A,N/A,#VALUE!,Low-20th%,N/A,N/A,N/A,N/A,N/A,N/A,N/A,N/A,N/A,N/A,N/A,N/A,999,Placeholder,d_truck,Concrete,3,No,No,No,No,N/A,N/A,N/A,N/A,N/A,N/A,N/A,N/A,N/A,N/A,N/A,N/A,N/A,N/A,N/A,35,N/A,N/A,N/A,N/A,N/A,N/A,N/A,N/A,N/A,N/A,N/A,N/A,N/A,N/A,N/A,No,N/A,N/A,N/A,N/A,N/A,N/A,N/A,N/A,N/A,N/A,N/A,N/A,N/A,N/A,N/A,N/A,N/A
Cement and concrete,Ready-mix,"Ready-mixed concrete, Canada, Atlantic, 35 MPa, w/o AEAs",CLF 2025 Material Baselines,https://atlanticconcrete.ca/images/CRMCA_EPD_Atlantic_20220729.pdf,0.999407934,Baseline,422,1,m3,Industry,single,industry data,Atlantic region (Canada) ready-mixed concrete industry-average EPD  ,Atlantic Concrete Association. (2022). Atlantic Concrete Member industry-wide EPD for ready-mixed concrete. ASTM International.,FALSE,Canada Atlantic,2400,kg/m3,999,Placeholder,d_truck,Concrete,3,No,No,No,No,N/A,N/A,N/A,N/A,N/A,N/A,N/A,N/A,N/A,N/A,N/A,N/A,N/A,N/A,N/A,35,N/A,N/A,N/A,N/A,N/A,N/A,422,N/A,N/A,N/A,1.8788869153345200,0.3797750148016580,0.0000081951450562,44.0139253996448000,1261.7824985198300000,No,N/A,N/A,N/A,N/A,N/A,N/A,N/A,N/A,N/A,N/A,N/A,N/A,N/A,N/A,N/A,N/A,N/A
Cement and concrete,Ready-mix,"Ready-mixed concrete, Canada, Atlantic, 35 MPa, w/o AEAs",N/A,N/A,#VALUE!,High-80th%,N/A,N/A,N/A,N/A,N/A,N/A,N/A,N/A,N/A,N/A,N/A,N/A,999,Placeholder,d_truck,Concrete,3,No,No,No,No,N/A,N/A,N/A,N/A,N/A,N/A,N/A,N/A,N/A,N/A,N/A,N/A,N/A,N/A,N/A,35,N/A,N/A,N/A,N/A,N/A,N/A,N/A,N/A,N/A,N/A,N/A,N/A,N/A,N/A,N/A,No,N/A,N/A,N/A,N/A,N/A,N/A,N/A,N/A,N/A,N/A,N/A,N/A,N/A,N/A,N/A,N/A,N/A
Cement and concrete,Ready-mix,"Ready-mixed concrete, Canada, Atlantic, 35 MPa, w/o AEAs",N/A,N/A,#VALUE!,Low-20th%,N/A,N/A,N/A,N/A,N/A,N/A,N/A,N/A,N/A,N/A,N/A,N/A,999,Placeholder,d_truck,Concrete,3,No,No,No,No,N/A,N/A,N/A,N/A,N/A,N/A,N/A,N/A,N/A,N/A,N/A,N/A,N/A,N/A,N/A,35,N/A,N/A,N/A,N/A,N/A,N/A,N/A,N/A,N/A,N/A,N/A,N/A,N/A,N/A,N/A,No,N/A,N/A,N/A,N/A,N/A,N/A,N/A,N/A,N/A,N/A,N/A,N/A,N/A,N/A,N/A,N/A,N/A
Cement and concrete,Ready-mix,"Ready-mixed concrete, Canada, Atlantic, 40 MPa, w/ AEAs",CLF 2025 Material Baselines,https://atlanticconcrete.ca/images/CRMCA_EPD_Atlantic_20220729.pdf,0.999599317,Baseline,474,1,m3,Industry,single,industry data,Atlantic region (Canada) ready-mixed concrete industry-average EPD  ,Atlantic Concrete Association. (2022). Atlantic Concrete Member industry-wide EPD for ready-mixed concrete. ASTM International.,FALSE,Canada Atlantic,2400,kg/m3,999,Placeholder,d_truck,Concrete,3,No,No,No,No,N/A,N/A,N/A,N/A,N/A,N/A,N/A,N/A,N/A,N/A,N/A,N/A,N/A,N/A,N/A,40,N/A,N/A,N/A,N/A,N/A,N/A,474,N/A,N/A,N/A,1.9592146607899800,0.4298277061937200,0.0000092962736456,44.9319892869947000,1303.2476011725300000,No,N/A,N/A,N/A,N/A,N/A,N/A,N/A,N/A,N/A,N/A,N/A,N/A,N/A,N/A,N/A,N/A,N/A
Cement and concrete,Ready-mix,"Ready-mixed concrete, Canada, Atlantic, 40 MPa, w/ AEAs",N/A,N/A,#VALUE!,High-80th%,N/A,N/A,N/A,N/A,N/A,N/A,N/A,N/A,N/A,N/A,N/A,N/A,999,Placeholder,d_truck,Concrete,3,No,No,No,No,N/A,N/A,N/A,N/A,N/A,N/A,N/A,N/A,N/A,N/A,N/A,N/A,N/A,N/A,N/A,40,N/A,N/A,N/A,N/A,N/A,N/A,N/A,N/A,N/A,N/A,N/A,N/A,N/A,N/A,N/A,No,N/A,N/A,N/A,N/A,N/A,N/A,N/A,N/A,N/A,N/A,N/A,N/A,N/A,N/A,N/A,N/A,N/A
Cement and concrete,Ready-mix,"Ready-mixed concrete, Canada, Atlantic, 40 MPa, w/ AEAs",N/A,N/A,#VALUE!,Low-20th%,N/A,N/A,N/A,N/A,N/A,N/A,N/A,N/A,N/A,N/A,N/A,N/A,999,Placeholder,d_truck,Concrete,3,No,No,No,No,N/A,N/A,N/A,N/A,N/A,N/A,N/A,N/A,N/A,N/A,N/A,N/A,N/A,N/A,N/A,40,N/A,N/A,N/A,N/A,N/A,N/A,N/A,N/A,N/A,N/A,N/A,N/A,N/A,N/A,N/A,No,N/A,N/A,N/A,N/A,N/A,N/A,N/A,N/A,N/A,N/A,N/A,N/A,N/A,N/A,N/A,N/A,N/A
Cement and concrete,Ready-mix,"Ready-mixed concrete, Canada, Atlantic, 40 MPa, w/o AEAs",CLF 2025 Material Baselines,https://atlanticconcrete.ca/images/CRMCA_EPD_Atlantic_20220729.pdf,0.999643779,Baseline,449,1,m3,Industry,single,industry data,Atlantic region (Canada) ready-mixed concrete industry-average EPD  ,Atlantic Concrete Association. (2022). Atlantic Concrete Member industry-wide EPD for ready-mixed concrete. ASTM International.,FALSE,Canada Atlantic,2400,kg/m3,999,Placeholder,d_truck,Concrete,3,No,No,No,No,N/A,N/A,N/A,N/A,N/A,N/A,N/A,N/A,N/A,N/A,N/A,N/A,N/A,N/A,N/A,40,N/A,N/A,N/A,N/A,N/A,N/A,449,N/A,N/A,N/A,1.9393089322290500,0.4098539495947990,0.0000087568795084,44.8440199483480000,1294.6086695164300000,No,N/A,N/A,N/A,N/A,N/A,N/A,N/A,N/A,N/A,N/A,N/A,N/A,N/A,N/A,N/A,N/A,N/A
Cement and concrete,Ready-mix,"Ready-mixed concrete, Canada, Atlantic, 40 MPa, w/o AEAs",N/A,N/A,#VALUE!,High-80th%,N/A,N/A,N/A,N/A,N/A,N/A,N/A,N/A,N/A,N/A,N/A,N/A,999,Placeholder,d_truck,Concrete,3,No,No,No,No,N/A,N/A,N/A,N/A,N/A,N/A,N/A,N/A,N/A,N/A,N/A,N/A,N/A,N/A,N/A,40,N/A,N/A,N/A,N/A,N/A,N/A,N/A,N/A,N/A,N/A,N/A,N/A,N/A,N/A,N/A,No,N/A,N/A,N/A,N/A,N/A,N/A,N/A,N/A,N/A,N/A,N/A,N/A,N/A,N/A,N/A,N/A,N/A
Cement and concrete,Ready-mix,"Ready-mixed concrete, Canada, Atlantic, 40 MPa, w/o AEAs",N/A,N/A,#VALUE!,Low-20th%,N/A,N/A,N/A,N/A,N/A,N/A,N/A,N/A,N/A,N/A,N/A,N/A,999,Placeholder,d_truck,Concrete,3,No,No,No,No,N/A,N/A,N/A,N/A,N/A,N/A,N/A,N/A,N/A,N/A,N/A,N/A,N/A,N/A,N/A,40,N/A,N/A,N/A,N/A,N/A,N/A,N/A,N/A,N/A,N/A,N/A,N/A,N/A,N/A,N/A,No,N/A,N/A,N/A,N/A,N/A,N/A,N/A,N/A,N/A,N/A,N/A,N/A,N/A,N/A,N/A,N/A,N/A
Cement and concrete,Ready-mix,"Ready-mixed concrete, Canada, Atlantic, 45 MPa, w/ AEAs",CLF 2025 Material Baselines,https://atlanticconcrete.ca/images/CRMCA_EPD_Atlantic_20220729.pdf,1.000851386,Baseline,529,1,m3,Industry,single,industry data,Atlantic region (Canada) ready-mixed concrete industry-average EPD  ,Atlantic Concrete Association. (2022). Atlantic Concrete Member industry-wide EPD for ready-mixed concrete. ASTM International.,FALSE,Canada Atlantic,2400,kg/m3,999,Placeholder,d_truck,Concrete,3,No,No,No,No,N/A,N/A,N/A,N/A,N/A,N/A,N/A,N/A,N/A,N/A,N/A,N/A,N/A,N/A,N/A,45,N/A,N/A,N/A,N/A,N/A,N/A,529,N/A,N/A,N/A,2.0217197994513300,0.4704001513574870,0.0000105089395516,45.2284741273295000,1321.4541103017700000,No,N/A,N/A,N/A,N/A,N/A,N/A,N/A,N/A,N/A,N/A,N/A,N/A,N/A,N/A,N/A,N/A,N/A
Cement and concrete,Ready-mix,"Ready-mixed concrete, Canada, Atlantic, 45 MPa, w/ AEAs",N/A,N/A,#VALUE!,High-80th%,N/A,N/A,N/A,N/A,N/A,N/A,N/A,N/A,N/A,N/A,N/A,N/A,999,Placeholder,d_truck,Concrete,3,No,No,No,No,N/A,N/A,N/A,N/A,N/A,N/A,N/A,N/A,N/A,N/A,N/A,N/A,N/A,N/A,N/A,45,N/A,N/A,N/A,N/A,N/A,N/A,N/A,N/A,N/A,N/A,N/A,N/A,N/A,N/A,N/A,No,N/A,N/A,N/A,N/A,N/A,N/A,N/A,N/A,N/A,N/A,N/A,N/A,N/A,N/A,N/A,N/A,N/A
Cement and concrete,Ready-mix,"Ready-mixed concrete, Canada, Atlantic, 45 MPa, w/ AEAs",N/A,N/A,#VALUE!,Low-20th%,N/A,N/A,N/A,N/A,N/A,N/A,N/A,N/A,N/A,N/A,N/A,N/A,999,Placeholder,d_truck,Concrete,3,No,No,No,No,N/A,N/A,N/A,N/A,N/A,N/A,N/A,N/A,N/A,N/A,N/A,N/A,N/A,N/A,N/A,45,N/A,N/A,N/A,N/A,N/A,N/A,N/A,N/A,N/A,N/A,N/A,N/A,N/A,N/A,N/A,No,N/A,N/A,N/A,N/A,N/A,N/A,N/A,N/A,N/A,N/A,N/A,N/A,N/A,N/A,N/A,N/A,N/A
Cement and concrete,Ready-mix,"Ready-mixed concrete, Canada, Atlantic, 45 MPa, w/o AEAs",CLF 2025 Material Baselines,https://atlanticconcrete.ca/images/CRMCA_EPD_Atlantic_20220729.pdf,1.000278962,Baseline,502,1,m3,Industry,single,industry data,Atlantic region (Canada) ready-mixed concrete industry-average EPD  ,Atlantic Concrete Association. (2022). Atlantic Concrete Member industry-wide EPD for ready-mixed concrete. ASTM International.,FALSE,Canada Atlantic,2400,kg/m3,999,Placeholder,d_truck,Concrete,3,No,No,No,No,N/A,N/A,N/A,N/A,N/A,N/A,N/A,N/A,N/A,N/A,N/A,N/A,N/A,N/A,N/A,45,N/A,N/A,N/A,N/A,N/A,N/A,502,N/A,N/A,N/A,2.0405690830112000,0.4501255330171760,0.0000098727533575,46.4129438488822000,1342.6244370940100000,No,N/A,N/A,N/A,N/A,N/A,N/A,N/A,N/A,N/A,N/A,N/A,N/A,N/A,N/A,N/A,N/A,N/A
Cement and concrete,Ready-mix,"Ready-mixed concrete, Canada, Atlantic, 45 MPa, w/o AEAs",N/A,N/A,#VALUE!,High-80th%,N/A,N/A,N/A,N/A,N/A,N/A,N/A,N/A,N/A,N/A,N/A,N/A,999,Placeholder,d_truck,Concrete,3,No,No,No,No,N/A,N/A,N/A,N/A,N/A,N/A,N/A,N/A,N/A,N/A,N/A,N/A,N/A,N/A,N/A,45,N/A,N/A,N/A,N/A,N/A,N/A,N/A,N/A,N/A,N/A,N/A,N/A,N/A,N/A,N/A,No,N/A,N/A,N/A,N/A,N/A,N/A,N/A,N/A,N/A,N/A,N/A,N/A,N/A,N/A,N/A,N/A,N/A
Cement and concrete,Ready-mix,"Ready-mixed concrete, Canada, Atlantic, 45 MPa, w/o AEAs",N/A,N/A,#VALUE!,Low-20th%,N/A,N/A,N/A,N/A,N/A,N/A,N/A,N/A,N/A,N/A,N/A,N/A,999,Placeholder,d_truck,Concrete,3,No,No,No,No,N/A,N/A,N/A,N/A,N/A,N/A,N/A,N/A,N/A,N/A,N/A,N/A,N/A,N/A,N/A,45,N/A,N/A,N/A,N/A,N/A,N/A,N/A,N/A,N/A,N/A,N/A,N/A,N/A,N/A,N/A,No,N/A,N/A,N/A,N/A,N/A,N/A,N/A,N/A,N/A,N/A,N/A,N/A,N/A,N/A,N/A,N/A,N/A
Cement and concrete,Ready-mix,"Ready-mixed concrete, Canada, Atlantic, 50 MPa, w/ AEAs",CLF 2025 Material Baselines,https://atlanticconcrete.ca/images/CRMCA_EPD_Atlantic_20220729.pdf,0.999981852,Baseline,551,1,m3,Industry,single,industry data,Atlantic region (Canada) ready-mixed concrete industry-average EPD  ,Atlantic Concrete Association. (2022). Atlantic Concrete Member industry-wide EPD for ready-mixed concrete. ASTM International.,FALSE,Canada Atlantic,2400,kg/m3,999,Placeholder,d_truck,Concrete,3,No,No,No,No,N/A,N/A,N/A,N/A,N/A,N/A,N/A,N/A,N/A,N/A,N/A,N/A,N/A,N/A,N/A,50,N/A,N/A,N/A,N/A,N/A,N/A,551,N/A,N/A,N/A,2.0699624326237300,0.4899911072394330,0.0000108998021814,45.9591658953558000,1348.4255276673700000,No,N/A,N/A,N/A,N/A,N/A,N/A,N/A,N/A,N/A,N/A,N/A,N/A,N/A,N/A,N/A,N/A,N/A
Cement and concrete,Ready-mix,"Ready-mixed concrete, Canada, Atlantic, 50 MPa, w/ AEAs",N/A,N/A,#VALUE!,High-80th%,N/A,N/A,N/A,N/A,N/A,N/A,N/A,N/A,N/A,N/A,N/A,N/A,999,Placeholder,d_truck,Concrete,3,No,No,No,No,N/A,N/A,N/A,N/A,N/A,N/A,N/A,N/A,N/A,N/A,N/A,N/A,N/A,N/A,N/A,50,N/A,N/A,N/A,N/A,N/A,N/A,N/A,N/A,N/A,N/A,N/A,N/A,N/A,N/A,N/A,No,N/A,N/A,N/A,N/A,N/A,N/A,N/A,N/A,N/A,N/A,N/A,N/A,N/A,N/A,N/A,N/A,N/A
Cement and concrete,Ready-mix,"Ready-mixed concrete, Canada, Atlantic, 50 MPa, w/ AEAs",N/A,N/A,#VALUE!,Low-20th%,N/A,N/A,N/A,N/A,N/A,N/A,N/A,N/A,N/A,N/A,N/A,N/A,999,Placeholder,d_truck,Concrete,3,No,No,No,No,N/A,N/A,N/A,N/A,N/A,N/A,N/A,N/A,N/A,N/A,N/A,N/A,N/A,N/A,N/A,50,N/A,N/A,N/A,N/A,N/A,N/A,N/A,N/A,N/A,N/A,N/A,N/A,N/A,N/A,N/A,No,N/A,N/A,N/A,N/A,N/A,N/A,N/A,N/A,N/A,N/A,N/A,N/A,N/A,N/A,N/A,N/A,N/A
Cement and concrete,Ready-mix,"Ready-mixed concrete, Canada, Atlantic, 50 MPa, w/o AEAs",CLF 2025 Material Baselines,https://atlanticconcrete.ca/images/CRMCA_EPD_Atlantic_20220729.pdf,0.999981344,Baseline,536,1,m3,Industry,single,industry data,Atlantic region (Canada) ready-mixed concrete industry-average EPD  ,Atlantic Concrete Association. (2022). Atlantic Concrete Member industry-wide EPD for ready-mixed concrete. ASTM International.,FALSE,Canada Atlantic,2400,kg/m3,999,Placeholder,d_truck,Concrete,3,No,No,No,No,N/A,N/A,N/A,N/A,N/A,N/A,N/A,N/A,N/A,N/A,N/A,N/A,N/A,N/A,N/A,50,N/A,N/A,N/A,N/A,N/A,N/A,536,N/A,N/A,N/A,2.0799611947538300,0.4799910449431910,0.0000105998022425,46.7791272550885000,1364.4345441316400000,No,N/A,N/A,N/A,N/A,N/A,N/A,N/A,N/A,N/A,N/A,N/A,N/A,N/A,N/A,N/A,N/A,N/A
Cement and concrete,Ready-mix,"Ready-mixed concrete, Canada, Atlantic, 50 MPa, w/o AEAs",N/A,N/A,#VALUE!,High-80th%,N/A,N/A,N/A,N/A,N/A,N/A,N/A,N/A,N/A,N/A,N/A,N/A,999,Placeholder,d_truck,Concrete,3,No,No,No,No,N/A,N/A,N/A,N/A,N/A,N/A,N/A,N/A,N/A,N/A,N/A,N/A,N/A,N/A,N/A,50,N/A,N/A,N/A,N/A,N/A,N/A,N/A,N/A,N/A,N/A,N/A,N/A,N/A,N/A,N/A,No,N/A,N/A,N/A,N/A,N/A,N/A,N/A,N/A,N/A,N/A,N/A,N/A,N/A,N/A,N/A,N/A,N/A
Cement and concrete,Ready-mix,"Ready-mixed concrete, Canada, Atlantic, 50 MPa, w/o AEAs",N/A,N/A,#VALUE!,Low-20th%,N/A,N/A,N/A,N/A,N/A,N/A,N/A,N/A,N/A,N/A,N/A,N/A,999,Placeholder,d_truck,Concrete,3,No,No,No,No,N/A,N/A,N/A,N/A,N/A,N/A,N/A,N/A,N/A,N/A,N/A,N/A,N/A,N/A,N/A,50,N/A,N/A,N/A,N/A,N/A,N/A,N/A,N/A,N/A,N/A,N/A,N/A,N/A,N/A,N/A,No,N/A,N/A,N/A,N/A,N/A,N/A,N/A,N/A,N/A,N/A,N/A,N/A,N/A,N/A,N/A,N/A,N/A
Cement and concrete,Ready-mix,"Ready-mixed concrete, Canada, Atlantic, 60 MPa, w/o AEAs",CLF 2025 Material Baselines,https://atlanticconcrete.ca/images/CRMCA_EPD_Atlantic_20220729.pdf,0.999638062,Baseline,580,1,m3,Industry,single,industry data,Atlantic region (Canada) ready-mixed concrete industry-average EPD  ,Atlantic Concrete Association. (2022). Atlantic Concrete Member industry-wide EPD for ready-mixed concrete. ASTM International.,FALSE,Canada Atlantic,2400,kg/m3,999,Placeholder,d_truck,Concrete,3,No,No,No,No,N/A,N/A,N/A,N/A,N/A,N/A,N/A,N/A,N/A,N/A,N/A,N/A,N/A,N/A,N/A,60,N/A,N/A,N/A,N/A,N/A,N/A,580,N/A,N/A,N/A,2.1692145947157100,0.5198117922821050,0.0000114958377139,48.0825907860947000,1411.7988314575800000,No,N/A,N/A,N/A,N/A,N/A,N/A,N/A,N/A,N/A,N/A,N/A,N/A,N/A,N/A,N/A,N/A,N/A
Cement and concrete,Ready-mix,"Ready-mixed concrete, Canada, Atlantic, 60 MPa, w/o AEAs",N/A,N/A,#VALUE!,High-80th%,N/A,N/A,N/A,N/A,N/A,N/A,N/A,N/A,N/A,N/A,N/A,N/A,999,Placeholder,d_truck,Concrete,3,No,No,No,No,N/A,N/A,N/A,N/A,N/A,N/A,N/A,N/A,N/A,N/A,N/A,N/A,N/A,N/A,N/A,60,N/A,N/A,N/A,N/A,N/A,N/A,N/A,N/A,N/A,N/A,N/A,N/A,N/A,N/A,N/A,No,N/A,N/A,N/A,N/A,N/A,N/A,N/A,N/A,N/A,N/A,N/A,N/A,N/A,N/A,N/A,N/A,N/A
Cement and concrete,Ready-mix,"Ready-mixed concrete, Canada, Atlantic, 60 MPa, w/o AEAs",N/A,N/A,#VALUE!,Low-20th%,N/A,N/A,N/A,N/A,N/A,N/A,N/A,N/A,N/A,N/A,N/A,N/A,999,Placeholder,d_truck,Concrete,3,No,No,No,No,N/A,N/A,N/A,N/A,N/A,N/A,N/A,N/A,N/A,N/A,N/A,N/A,N/A,N/A,N/A,60,N/A,N/A,N/A,N/A,N/A,N/A,N/A,N/A,N/A,N/A,N/A,N/A,N/A,N/A,N/A,No,N/A,N/A,N/A,N/A,N/A,N/A,N/A,N/A,N/A,N/A,N/A,N/A,N/A,N/A,N/A,N/A,N/A
Cement and concrete,Shotcrete,"Shotcrete, U.S. Pacific Southwest, 4000 psi",CLF 2025 Material Baselines,Collection of shotcrete product EPDs — unweighted average. (https://buildingtransparency.org/ec3/epds/ec3g285m),1.019021739,Baseline,375,1,m3,Product,unweighted,qualitative,Collection of shotcrete product EPDs — unweighted average. ,758620,FALSE,US Pacific Southwest,2400,kg/m3,999,Placeholder,d_sprayed,Concrete,3,No,No,No,No,N/A,N/A,N/A,N/A,N/A,N/A,N/A,N/A,N/A,N/A,N/A,N/A,N/A,N/A,N/A,N/A,4000,N/A,N/A,N/A,N/A,N/A,375,N/A,N/A,N/A,1.3247282608695700,0.4381793478260870,0.0000101902173913,28.2269021739130000,704.1440217391300000,No,N/A,N/A,N/A,N/A,N/A,N/A,N/A,N/A,N/A,N/A,N/A,N/A,N/A,N/A,N/A,N/A,N/A
Cement and concrete,Shotcrete,"Shotcrete, U.S. Pacific Southwest, 4000 psi",CLF 2025 Material Baselines,https://buildingtransparency.org/ec3/epds/ec3e0jhj,1.004739336,High-80th%,424,1,m3,N/A,N/A,N/A,Mix S75455,National Ready Mix,FALSE,US Pacific Southwest,2400,kg/m3,999,Placeholder,d_sprayed,Concrete,3,No,No,No,No,N/A,N/A,N/A,N/A,N/A,N/A,N/A,N/A,N/A,N/A,N/A,N/A,N/A,N/A,N/A,N/A,4000,N/A,N/A,N/A,N/A,N/A,424,N/A,N/A,N/A,1.0248341232227500,0.1607582938388630,0.0000023008530806,24.6161137440758000,2481.7061611374400000,No,N/A,N/A,N/A,N/A,N/A,N/A,N/A,N/A,N/A,N/A,N/A,N/A,N/A,N/A,N/A,N/A,N/A
Cement and concrete,Shotcrete,"Shotcrete, U.S. Pacific Southwest, 4000 psi",CLF 2025 Material Baselines,https://buildingtransparency.org/ec3/epds/ec307c81,0.997032641,Low-20th%,336,1,m3,N/A,N/A,N/A,Mix S78027,National Ready Mix,FALSE,US Pacific Southwest,2400,kg/m3,999,Placeholder,d_sprayed,Concrete,3,No,No,No,No,N/A,N/A,N/A,N/A,N/A,N/A,N/A,N/A,N/A,N/A,N/A,N/A,N/A,N/A,N/A,N/A,4000,N/A,N/A,N/A,N/A,N/A,336,N/A,N/A,N/A,0.9072997032640950,0.1395845697329380,0.0000019242729970,22.9317507418398000,2033.9465875370900000,No,N/A,N/A,N/A,N/A,N/A,N/A,N/A,N/A,N/A,N/A,N/A,N/A,N/A,N/A,N/A,N/A,N/A
Cement and concrete,Shotcrete,"Shotcrete, U.S. Pacific Southwest, 5000 psi",CLF 2025 Material Baselines,Collection of shotcrete product EPDs — unweighted average. (https://buildingtransparency.org/ec3/epds/ec35ws7z),0.986516854,Baseline,439,1,m3,Product,unweighted,qualitative,Collection of shotcrete product EPDs — unweighted average. ,Mix S85037,FALSE,US Pacific Southwest,2400,kg/m3,999,Placeholder,d_sprayed,Concrete,3,No,No,No,No,N/A,N/A,N/A,N/A,N/A,N/A,N/A,N/A,N/A,N/A,N/A,N/A,N/A,N/A,N/A,N/A,5000,N/A,N/A,N/A,N/A,N/A,439,N/A,N/A,N/A,1.2035505617977500,0.1775730337078650,0.0000023380449438,29.8914606741573000,2762.2471910112400000,No,N/A,N/A,N/A,N/A,N/A,N/A,N/A,N/A,N/A,N/A,N/A,N/A,N/A,N/A,N/A,N/A,N/A
Cement and concrete,Shotcrete,"Shotcrete, U.S. Pacific Southwest, 5000 psi",CLF 2025 Material Baselines,https://buildingtransparency.org/ec3/epds/ec3smjjf,0.986055777,High-80th%,495,1,m3,N/A,N/A,N/A,Mix S86507,National Ready Mix,FALSE,US Pacific Southwest,2400,kg/m3,999,Placeholder,d_sprayed,Concrete,3,No,No,No,No,N/A,N/A,N/A,N/A,N/A,N/A,N/A,N/A,N/A,N/A,N/A,N/A,N/A,N/A,N/A,N/A,5000,N/A,N/A,N/A,N/A,N/A,495,N/A,N/A,N/A,1.3015936254980100,0.1972111553784860,0.0000026623505976,32.3426294820717000,2968.0278884462200000,No,N/A,N/A,N/A,N/A,N/A,N/A,N/A,N/A,N/A,N/A,N/A,N/A,N/A,N/A,N/A,N/A,N/A
Cement and concrete,Shotcrete,"Shotcrete, U.S. Pacific Southwest, 5000 psi",CLF 2025 Material Baselines,https://buildingtransparency.org/ec3/epds/ec3217kp,0.984126984,Low-20th%,372,1,m3,N/A,N/A,N/A,Mix S75169,National Ready Mix,FALSE,US Pacific Southwest,2400,kg/m3,999,Placeholder,d_sprayed,Concrete,3,No,No,No,No,N/A,N/A,N/A,N/A,N/A,N/A,N/A,N/A,N/A,N/A,N/A,N/A,N/A,N/A,N/A,N/A,5000,N/A,N/A,N/A,N/A,N/A,372,N/A,N/A,N/A,0.9546031746031750,0.1869841269841270,0.0000023619047619,23.3238095238095000,2253.6507936507900000,No,N/A,N/A,N/A,N/A,N/A,N/A,N/A,N/A,N/A,N/A,N/A,N/A,N/A,N/A,N/A,N/A,N/A
Cement and concrete,Shotcrete,"Shotcrete, U.S. Pacific Southwest, 6000 psi",CLF 2025 Material Baselines,Collection of shotcrete product EPDs — unweighted average. (https://buildingtransparency.org/ec3/epds/ec3tbstj),0.971428571,Baseline,442,1,m3,Product,unweighted,qualitative,Collection of shotcrete product EPDs — unweighted average. ,Mix 08S958,FALSE,US Pacific Southwest,2400,kg/m3,999,Placeholder,d_sprayed,Concrete,3,No,No,No,No,N/A,N/A,N/A,N/A,N/A,N/A,N/A,N/A,N/A,N/A,N/A,N/A,N/A,N/A,N/A,N/A,6000,N/A,N/A,N/A,N/A,N/A,442,N/A,N/A,N/A,3.7982857142857100,0.5342857142857140,0.0000112685714286,95.2971428571428000,2088.5714285714300000,No,N/A,N/A,N/A,N/A,N/A,N/A,N/A,N/A,N/A,N/A,N/A,N/A,N/A,N/A,N/A,N/A,N/A
Cement and concrete,Shotcrete,"Shotcrete, U.S. Pacific Southwest, 6000 psi",CLF 2025 Material Baselines,https://buildingtransparency.org/ec3/material-search,0.977911647,High-80th%,487,1,m3,N/A,N/A,N/A,RRM21116,"Robertson's Ready Mix, Ltd.",FALSE,US Pacific Southwest,2400,kg/m3,999,Placeholder,d_sprayed,Concrete,3,No,No,No,No,N/A,N/A,N/A,N/A,N/A,N/A,N/A,N/A,N/A,N/A,N/A,N/A,N/A,N/A,N/A,N/A,6000,N/A,N/A,N/A,N/A,N/A,487,N/A,N/A,N/A,1.3788554216867500,0.1271285140562250,0.0000037356224900,37.1606425702811000,3276.0040160642600000,No,N/A,N/A,N/A,N/A,N/A,N/A,N/A,N/A,N/A,N/A,N/A,N/A,N/A,N/A,N/A,N/A,N/A
Cement and concrete,Shotcrete,"Shotcrete, U.S. Pacific Southwest, 6000 psi",CLF 2025 Material Baselines,https://buildingtransparency.org/ec3/epds/ec3yjg5w,1.005221932,Low-20th%,385,1,m3,N/A,N/A,N/A,R60P18P1,Central Concrete,FALSE,US Pacific Southwest,2400,kg/m3,999,Placeholder,d_sprayed,Concrete,3,No,No,No,No,N/A,N/A,N/A,N/A,N/A,N/A,N/A,N/A,N/A,N/A,N/A,N/A,N/A,N/A,N/A,N/A,6000,N/A,N/A,N/A,N/A,N/A,385,N/A,N/A,N/A,1.7892950391644900,0.4624020887728460,0.0000110574412533,38.0979112271541000,816.2402088772850000,No,N/A,N/A,N/A,N/A,N/A,N/A,N/A,N/A,N/A,N/A,N/A,N/A,N/A,N/A,N/A,N/A,N/A
Cement and concrete,Shotcrete,"Shotcrete, U.S. Pacific Northwest, 4000 psi",CLF 2025 Material Baselines,Collection of shotcrete product EPDs — unweighted average. (https://buildingtransparency.org/ec3/epds/ec3g5w4r),0.978378378,Baseline,362,1,m3,Product,unweighted,qualitative,Collection of shotcrete product EPDs — unweighted average. ,1599871,FALSE,US Pacific Northwest,2400,kg/m3,999,Placeholder,d_sprayed,Concrete,3,No,No,No,No,N/A,N/A,N/A,N/A,N/A,N/A,N/A,N/A,N/A,N/A,N/A,N/A,N/A,N/A,N/A,N/A,4000,N/A,N/A,N/A,N/A,N/A,362,N/A,N/A,N/A,1.0860000000000000,0.4304864864864860,0.0000083162162162,24.2637837837838000,774.8756756756760000,No,N/A,N/A,N/A,N/A,N/A,N/A,N/A,N/A,N/A,N/A,N/A,N/A,N/A,N/A,N/A,N/A,N/A
Cement and concrete,Shotcrete,"Shotcrete, U.S. Pacific Northwest, 4000 psi",CLF 2025 Material Baselines,https://buildingtransparency.org/ec3/epds/ec3t35y3,0.969767442,High-80th%,417,1,m3,N/A,N/A,N/A,Mix 1599919,Cadman Inc,FALSE,US Pacific Northwest,2400,kg/m3,999,Placeholder,d_sprayed,Concrete,3,No,No,No,No,N/A,N/A,N/A,N/A,N/A,N/A,N/A,N/A,N/A,N/A,N/A,N/A,N/A,N/A,N/A,N/A,4000,N/A,N/A,N/A,N/A,N/A,417,N/A,N/A,N/A,2.7250465116279100,0.5042790697674420,0.0000098916279070,69.2413953488372000,1677.6976744186000000,No,N/A,N/A,N/A,N/A,N/A,N/A,N/A,N/A,N/A,N/A,N/A,N/A,N/A,N/A,N/A,N/A,N/A
Cement and concrete,Shotcrete,"Shotcrete, U.S. Pacific Northwest, 4000 psi",CLF 2025 Material Baselines,https://buildingtransparency.org/ec3/epds/ec3c5kee,1.003355705,Low-20th%,299,1,m3,N/A,N/A,N/A,Mix 1599919,Heidelberg Materials,FALSE,US Pacific Northwest,2400,kg/m3,999,Placeholder,d_sprayed,Concrete,3,No,No,No,No,N/A,N/A,N/A,N/A,N/A,N/A,N/A,N/A,N/A,N/A,N/A,N/A,N/A,N/A,N/A,N/A,4000,N/A,N/A,N/A,N/A,N/A,299,N/A,N/A,N/A,1.5853020134228200,0.3311073825503360,0.0000100335570470,41.8399328859060000,1745.8389261745000000,No,N/A,N/A,N/A,N/A,N/A,N/A,N/A,N/A,N/A,N/A,N/A,N/A,N/A,N/A,N/A,N/A,N/A
Cement and concrete,Shotcrete,"Shotcrete, U.S. Pacific Northwest, 5000 psi",CLF 2025 Material Baselines,Collection of shotcrete product EPDs — unweighted average. (https://buildingtransparency.org/ec3/material-search),0.953596288,Baseline,411,1,m3,Product,unweighted,qualitative,Collection of shotcrete product EPDs — unweighted average. ,2201905,FALSE,US Pacific Northwest,2400,kg/m3,999,Placeholder,d_sprayed,Concrete,3,No,No,No,No,N/A,N/A,N/A,N/A,N/A,N/A,N/A,N/A,N/A,N/A,N/A,N/A,N/A,N/A,N/A,N/A,5000,N/A,N/A,N/A,N/A,N/A,411,N/A,N/A,N/A,2.6891415313225100,0.4958700696055680,0.0000098220417633,68.4682134570766000,1659.2575406032500000,No,N/A,N/A,N/A,N/A,N/A,N/A,N/A,N/A,N/A,N/A,N/A,N/A,N/A,N/A,N/A,N/A,N/A
Cement and concrete,Shotcrete,"Shotcrete, U.S. Pacific Northwest, 5000 psi",CLF 2025 Material Baselines,https://buildingtransparency.org/ec3/epds/ec3y4g9x,1.02244898,High-80th%,501,1,m3,N/A,N/A,N/A,Mix 1581033,Heidelberg Materials,FALSE,US Pacific Northwest,2400,kg/m3,999,Placeholder,d_sprayed,Concrete,3,No,No,No,No,N/A,N/A,N/A,N/A,N/A,N/A,N/A,N/A,N/A,N/A,N/A,N/A,N/A,N/A,N/A,N/A,5000,N/A,N/A,N/A,N/A,N/A,501,N/A,N/A,N/A,3.1491428571428600,0.5930204081632650,0.0000105312244898,83.3295918367347000,1983.5510204081600000,No,N/A,N/A,N/A,N/A,N/A,N/A,N/A,N/A,N/A,N/A,N/A,N/A,N/A,N/A,N/A,N/A,N/A
Cement and concrete,Shotcrete,"Shotcrete, U.S. Pacific Northwest, 5000 psi",CLF 2025 Material Baselines,https://buildingtransparency.org/ec3/epds/ec3pdj2y,0.973760933,Low-20th%,334,1,m3,N/A,N/A,N/A,Mix 1599918,Heidelberg Materials,FALSE,US Pacific Northwest,2400,kg/m3,999,Placeholder,d_sprayed,Concrete,3,No,No,No,No,N/A,N/A,N/A,N/A,N/A,N/A,N/A,N/A,N/A,N/A,N/A,N/A,N/A,N/A,N/A,N/A,5000,N/A,N/A,N/A,N/A,N/A,334,N/A,N/A,N/A,1.7332944606414000,0.3602915451895040,0.0000110034985423,45.9615160349854000,1937.7842565597700000,No,N/A,N/A,N/A,N/A,N/A,N/A,N/A,N/A,N/A,N/A,N/A,N/A,N/A,N/A,N/A,N/A,N/A
Cement and concrete,Shotcrete,"Shotcrete, U.S. Pacific Northwest, 6000 psi",CLF 2025 Material Baselines,Collection of shotcrete product EPDs — unweighted average. (https://buildingtransparency.org/ec3/epds/ec31p6na),0.897321429,Baseline,402,1,m3,Product,unweighted,qualitative,Collection of shotcrete product EPDs — unweighted average. ,Mix 15SHOT6,FALSE,US Pacific Northwest,2400,kg/m3,999,Placeholder,d_sprayed,Concrete,3,No,No,No,No,N/A,N/A,N/A,N/A,N/A,N/A,N/A,N/A,N/A,N/A,N/A,N/A,N/A,N/A,N/A,N/A,6000,N/A,N/A,N/A,N/A,N/A,402,N/A,N/A,N/A,0.9242410714285710,0.4755803571428570,0.0000105883928571,17.8566964285714000,462.1205357142860000,No,N/A,N/A,N/A,N/A,N/A,N/A,N/A,N/A,N/A,N/A,N/A,N/A,N/A,N/A,N/A,N/A,N/A
Cement and concrete,Shotcrete,"Shotcrete, U.S. Pacific Northwest, 6000 psi",CLF 2025 Material Baselines,https://buildingtransparency.org/ec3/epds/ec3qadz0,1,High-80th%,490,1,m3,N/A,N/A,N/A,2208480,Cadman Inc,FALSE,US Pacific Northwest,2400,kg/m3,999,Placeholder,d_sprayed,Concrete,3,No,No,No,No,N/A,N/A,N/A,N/A,N/A,N/A,N/A,N/A,N/A,N/A,N/A,N/A,N/A,N/A,N/A,N/A,6000,N/A,N/A,N/A,N/A,N/A,490,N/A,N/A,N/A,3.1700000000000000,0.5900000000000000,0.0000116000000000,80.6000000000000000,1920.0000000000000000,No,N/A,N/A,N/A,N/A,N/A,N/A,N/A,N/A,N/A,N/A,N/A,N/A,N/A,N/A,N/A,N/A,N/A
Cement and concrete,Shotcrete,"Shotcrete, U.S. Pacific Northwest, 6000 psi",CLF 2025 Material Baselines,https://buildingtransparency.org/ec3/epds/ec3c2d7s,0.933333333,Low-20th%,350,1,m3,N/A,N/A,N/A,Mix 1594139,Heidelberg Materials,FALSE,US Pacific Northwest,2400,kg/m3,999,Placeholder,d_sprayed,Concrete,3,No,No,No,No,N/A,N/A,N/A,N/A,N/A,N/A,N/A,N/A,N/A,N/A,N/A,N/A,N/A,N/A,N/A,N/A,6000,N/A,N/A,N/A,N/A,N/A,350,N/A,N/A,N/A,1.7826666666666700,0.3733333333333330,0.0000116666666667,47.2266666666667000,1969.3333333333300000,No,N/A,N/A,N/A,N/A,N/A,N/A,N/A,N/A,N/A,N/A,N/A,N/A,N/A,N/A,N/A,N/A,N/A
Cement and concrete,Shotcrete,"Shotcrete, British Columbia, 35 MPa",CLF 2025 Material Baselines,Collection of shotcrete product EPDs — unweighted average. (https://buildingtransparency.org/ec3/epds/ec31u4g6),1.031282228,Baseline,300,1,m3,Product,unweighted,qualitative,Collection of shotcrete product EPDs — unweighted average. ,Mix N351L,FALSE,Canada BC,2400,kg/m3,999,Placeholder,d_sprayed,Concrete,3,No,No,No,No,N/A,N/A,N/A,N/A,N/A,N/A,N/A,N/A,N/A,N/A,N/A,N/A,N/A,N/A,N/A,35,N/A,N/A,N/A,N/A,N/A,N/A,300,N/A,N/A,N/A,1.2478514953592300,0.1763492609144040,0.0000152629769680,24.0185630800963000,300.1031282227570000,No,N/A,N/A,N/A,N/A,N/A,N/A,N/A,N/A,N/A,N/A,N/A,N/A,N/A,N/A,N/A,N/A,N/A
Cement and concrete,Shotcrete,"Shotcrete, British Columbia, 35 MPa",CLF 2025 Material Baselines,https://buildingtransparency.org/ec3/epds/ec3nk43c,1.003184713,High-80th%,315,1,m3,N/A,N/A,N/A,Mix N355L,BUTLER CONCRETE & AGGREGATE LTD,FALSE,Canada BC,2400,kg/m3,999,Placeholder,d_sprayed,Concrete,3,No,No,No,No,N/A,N/A,N/A,N/A,N/A,N/A,N/A,N/A,N/A,N/A,N/A,N/A,N/A,N/A,N/A,35,N/A,N/A,N/A,N/A,N/A,N/A,315,N/A,N/A,N/A,1.2238853503184700,0.1705414012738850,0.0000156496815287,24.0764331210191000,305.9713375796180000,No,N/A,N/A,N/A,N/A,N/A,N/A,N/A,N/A,N/A,N/A,N/A,N/A,N/A,N/A,N/A,N/A,N/A
Cement and concrete,Shotcrete,"Shotcrete, British Columbia, 35 MPa",CLF 2025 Material Baselines,https://buildingtransparency.org/ec3/epds/ec3bfk77,0.944250871,Low-20th%,271,1,m3,N/A,N/A,N/A,Mix SHOT351,BUTLER CONCRETE & AGGREGATE LTD,FALSE,Canada BC,2400,kg/m3,999,Placeholder,d_sprayed,Concrete,3,No,No,No,No,N/A,N/A,N/A,N/A,N/A,N/A,N/A,N/A,N/A,N/A,N/A,N/A,N/A,N/A,N/A,35,N/A,N/A,N/A,N/A,N/A,N/A,271,N/A,N/A,N/A,1.0858885017421600,0.1510801393728220,0.0000135972125436,20.9623693379791000,302.1602787456450000,No,N/A,N/A,N/A,N/A,N/A,N/A,N/A,N/A,N/A,N/A,N/A,N/A,N/A,N/A,N/A,N/A,N/A
Cement and concrete,Shotcrete,"Shotcrete, British Columbia, 40 MPa",CLF 2025 Material Baselines,Collection of shotcrete product EPDs — unweighted average. (https://buildingtransparency.org/ec3/epds/ec341ckm),0.996815287,Baseline,313,1,m3,Product,unweighted,qualitative,Collection of shotcrete product EPDs — unweighted average. ,Mix C14502L,FALSE,Canada BC,2400,kg/m3,999,Placeholder,d_sprayed,Concrete,3,No,No,No,No,N/A,N/A,N/A,N/A,N/A,N/A,N/A,N/A,N/A,N/A,N/A,N/A,N/A,N/A,N/A,40,N/A,N/A,N/A,N/A,N/A,N/A,313,N/A,N/A,N/A,1.2260828025477700,0.1694585987261150,0.0000155503184713,24.0232484076433000,305.0254777070060000,No,N/A,N/A,N/A,N/A,N/A,N/A,N/A,N/A,N/A,N/A,N/A,N/A,N/A,N/A,N/A,N/A,N/A
Cement and concrete,Shotcrete,"Shotcrete, British Columbia, 40 MPa",CLF 2025 Material Baselines,https://buildingtransparency.org/ec3/epds/ec30sz8x,1,High-80th%,332,1,m3,N/A,N/A,N/A,Mix C14012L,BUTLER CONCRETE & AGGREGATE LTD,FALSE,Canada BC,2400,kg/m3,999,Placeholder,d_sprayed,Concrete,3,No,No,No,No,N/A,N/A,N/A,N/A,N/A,N/A,N/A,N/A,N/A,N/A,N/A,N/A,N/A,N/A,N/A,40,N/A,N/A,N/A,N/A,N/A,N/A,332,N/A,N/A,N/A,1.3800000000000000,0.1900000000000000,0.0000169000000000,26.4000000000000000,330.0000000000000000,No,N/A,N/A,N/A,N/A,N/A,N/A,N/A,N/A,N/A,N/A,N/A,N/A,N/A,N/A,N/A,N/A,N/A
Cement and concrete,Shotcrete,"Shotcrete, British Columbia, 40 MPa",CLF 2025 Material Baselines,https://buildingtransparency.org/ec3/epds/ec37wqqy,0.976190476,Low-20th%,287,1,m3,N/A,N/A,N/A,Mix 4010SH,Trio Ready Mix,FALSE,Canada BC,2400,kg/m3,999,Placeholder,d_sprayed,Concrete,3,No,No,No,No,N/A,N/A,N/A,N/A,N/A,N/A,N/A,N/A,N/A,N/A,N/A,N/A,N/A,N/A,N/A,40,N/A,N/A,N/A,N/A,N/A,N/A,287,N/A,N/A,N/A,1.2007142857142900,0.2830952380952380,0.0000089614285714,33.8738095238095000,1493.5714285714300000,No,N/A,N/A,N/A,N/A,N/A,N/A,N/A,N/A,N/A,N/A,N/A,N/A,N/A,N/A,N/A,N/A,N/A
Cement and concrete,Shotcrete,"Shotcrete, British Columbia, 45 MPa",CLF 2025 Material Baselines,Collection of shotcrete product EPDs — unweighted average. (https://buildingtransparency.org/ec3/epds/ec3jyr7z),0.982507289,Baseline,337,1,m3,Product,unweighted,qualitative,Collection of shotcrete product EPDs — unweighted average. ,Mix C14512L,FALSE,Canada BC,2400,kg/m3,999,Placeholder,d_sprayed,Concrete,3,No,No,No,No,N/A,N/A,N/A,N/A,N/A,N/A,N/A,N/A,N/A,N/A,N/A,N/A,N/A,N/A,N/A,45,N/A,N/A,N/A,N/A,N/A,N/A,337,N/A,N/A,N/A,1.4049854227405200,0.1965014577259480,0.0000171938775510,26.7241982507289000,311.4548104956270000,No,N/A,N/A,N/A,N/A,N/A,N/A,N/A,N/A,N/A,N/A,N/A,N/A,N/A,N/A,N/A,N/A,N/A
Cement and concrete,Shotcrete,"Shotcrete, British Columbia, 45 MPa",CLF 2025 Material Baselines,https://buildingtransparency.org/ec3/epds/ec37cuq5,1.002785515,High-80th%,360,1,m3,N/A,N/A,N/A,Mix C14552L,BUTLER CONCRETE & AGGREGATE LTD,FALSE,Canada BC,2400,kg/m3,999,Placeholder,d_sprayed,Concrete,3,No,No,No,No,N/A,N/A,N/A,N/A,N/A,N/A,N/A,N/A,N/A,N/A,N/A,N/A,N/A,N/A,N/A,45,N/A,N/A,N/A,N/A,N/A,N/A,360,N/A,N/A,N/A,1.4038997214484700,0.2005571030640670,0.0000178495821727,27.3760445682451000,326.9080779944290000,No,N/A,N/A,N/A,N/A,N/A,N/A,N/A,N/A,N/A,N/A,N/A,N/A,N/A,N/A,N/A,N/A,N/A
Cement and concrete,Shotcrete,"Shotcrete, British Columbia, 45 MPa",CLF 2025 Material Baselines,https://buildingtransparency.org/ec3/epds/ec3gp4ac,0.936305732,Low-20th%,294,1,m3,N/A,N/A,N/A,Mix SHOT451,BUTLER CONCRETE & AGGREGATE LTD,FALSE,Canada BC,2400,kg/m3,999,Placeholder,d_sprayed,Concrete,3,No,No,No,No,N/A,N/A,N/A,N/A,N/A,N/A,N/A,N/A,N/A,N/A,N/A,N/A,N/A,N/A,N/A,45,N/A,N/A,N/A,N/A,N/A,N/A,294,N/A,N/A,N/A,1.2078343949044600,0.1685350318471340,0.0000148872611465,22.9394904458599000,308.9808917197450000,No,N/A,N/A,N/A,N/A,N/A,N/A,N/A,N/A,N/A,N/A,N/A,N/A,N/A,N/A,N/A,N/A,N/A
Insulation,Board insulation ,Expanded polystyrene (EPS) Type I,CLF 2025 Material Baselines,https://www.atlasmoldedproducts.com/uploads/resources/Environmental/EPS-IA-Insulation-EPD.pdf,1,Baseline,2.53,1,m2@RSI-1,Industry,single,industry data,"EPS industry-average EPD (EPS-IA, 2023). See EPD to scale results for other EPS types. ",EPS Industry Association (EPS-IA). (2023). Environmental Product Declaration: Expanded Polystyrene Insulation.,TRUE,North America,15,kg/m3,999,Placeholder,e_sheet_other,PLACEHOLDER,4,Yes,No,No,No,Medium Smooth,0.03,0.9,0.7,0.7,N/A,N/A,N/A,N/A,N/A,N/A,N/A,N/A,N/A,N/A,N/A,N/A,N/A,Cavity Wall,75,0.0401,0.633416459,2.53,N/A,N/A,N/A,0.0083500000000000,0.0039700000000000,0.0000002110000000,0.1250000000000000,N/A,No,N/A,N/A,N/A,N/A,N/A,N/A,N/A,N/A,N/A,N/A,N/A,N/A,N/A,N/A,N/A,N/A,N/A
Insulation,Board insulation ,Expanded polystyrene (EPS) Type I,N/A,N/A,#VALUE!,High-80th%,N/A,N/A,N/A,N/A,N/A,N/A,N/A,N/A,N/A,N/A,N/A,N/A,999,Placeholder,e_sheet_other,PLACEHOLDER,4,Yes,No,No,No,Medium Smooth,0.03,0.9,0.7,0.7,N/A,N/A,N/A,N/A,N/A,N/A,N/A,N/A,N/A,N/A,N/A,N/A,N/A,N/A,N/A,N/A,N/A,N/A,N/A,N/A,N/A,N/A,N/A,N/A,N/A,N/A,No,N/A,N/A,N/A,N/A,N/A,N/A,N/A,N/A,N/A,N/A,N/A,N/A,N/A,N/A,N/A,N/A,N/A
Insulation,Board insulation ,Expanded polystyrene (EPS) Type I,N/A,N/A,#VALUE!,Low-20th%,N/A,N/A,N/A,N/A,N/A,N/A,N/A,N/A,N/A,N/A,N/A,N/A,999,Placeholder,e_sheet_other,PLACEHOLDER,4,Yes,No,No,No,Medium Smooth,0.03,0.9,0.7,0.7,N/A,N/A,N/A,N/A,N/A,N/A,N/A,N/A,N/A,N/A,N/A,N/A,N/A,N/A,N/A,N/A,N/A,N/A,N/A,N/A,N/A,N/A,N/A,N/A,N/A,N/A,No,N/A,N/A,N/A,N/A,N/A,N/A,N/A,N/A,N/A,N/A,N/A,N/A,N/A,N/A,N/A,N/A,N/A
Insulation,Board insulation ,Fiberglass board,CLF 2025 Material Baselines,https://insulationinstitute.org/wp-content/uploads/2025/08/071423_EPD_Fiberglass-Board.pdf,1,Baseline,5.02,1,m2@RSI-1,Industry,single,industry data,"Fiberglass board industry-average EPD (NAIMA, 2023c) ",NAIMA. (2023). Environmental Product Declaration: Fiberglass Board. Smart EPD.,TRUE,North America,57.62,kg/m3,999,Placeholder,e_sheet_other,PLACEHOLDER,4,No,No,No,No,N/A,N/A,N/A,N/A,N/A,N/A,N/A,N/A,N/A,N/A,N/A,N/A,N/A,N/A,N/A,N/A,N/A,N/A,"Exterior Wall, Others",75,0.045,0.564444444,5.02,N/A,N/A,N/A,0.0129000000000000,0.0019200000000000,0.0000000007820000,0.1850000000000000,88.6000000000000000,No,N/A,N/A,N/A,N/A,N/A,N/A,N/A,N/A,N/A,N/A,N/A,N/A,N/A,N/A,N/A,N/A,N/A
Insulation,Board insulation ,Fiberglass board,CLF 2025 Material Baselines,https://buildingtransparency.org/ec3/epds/ec3cm005,0.818035427,High-80th%,5.08,1,m2@RSI-1,N/A,N/A,N/A,700 Series Fiberglass Insulation,Owens Corning. (2024). ,TRUE,North America,68.3,kg/m3,999,Placeholder,e_sheet_other,PLACEHOLDER,4,No,No,No,No,N/A,N/A,N/A,N/A,N/A,N/A,N/A,N/A,N/A,N/A,N/A,N/A,N/A,N/A,N/A,N/A,N/A,N/A,"Exterior Wall, Others",75,0.033,0.76969697,5.08,N/A,N/A,N/A,0.0173423510466989,0.0023150402576490,0.0000001153429952,0.2233236714975850,89.9838969404187000,No,N/A,N/A,N/A,N/A,N/A,N/A,N/A,N/A,N/A,N/A,N/A,N/A,N/A,N/A,N/A,N/A,N/A
Insulation,Board insulation ,Fiberglass board,CLF 2025 Material Baselines,https://buildingtransparency.org/ec3/epds/ec3y5jee,1.541666667,Low-20th%,3.33,1,m2@RSI-1,N/A,N/A,N/A,Black Theater,Isover Saint-Gobain ,TRUE,North America,48,kg/m3,999,Placeholder,e_sheet_other,PLACEHOLDER,4,No,No,No,No,N/A,N/A,N/A,N/A,N/A,N/A,N/A,N/A,N/A,N/A,N/A,N/A,N/A,N/A,N/A,N/A,N/A,N/A,"Exterior Wall, Others",50,0.0326,0.779141104,3.33,N/A,N/A,N/A,0.0171125000000000,0.0033916666666667,0.0000003684583333,0.0014645833333333,59.3541666666667000,No,N/A,N/A,N/A,N/A,N/A,N/A,N/A,N/A,N/A,N/A,N/A,N/A,N/A,N/A,N/A,N/A,N/A
Insulation,Board insulation ,Heavy density mineral wool board,CLF 2025 Material Baselines,https://smartepd.com/epd-library/6516fb953571e1a858f7ff65,1,Baseline,6.82,1,m2@RSI-1,Industry,single,industry data,"Heavy density mineral wool board industry-average EPD (NAIMA, 2023e) ",NAIMA. (2023). NAIMA Mineral Wool Insulation Industry Average EPD: Heavy Density Board Product.pdf. Smart EPD,TRUE,North America,99.9,kg/m3,999,Placeholder,e_sheet_other,PLACEHOLDER,4,No,No,No,No,N/A,N/A,N/A,N/A,N/A,N/A,N/A,N/A,N/A,N/A,N/A,N/A,N/A,N/A,N/A,N/A,N/A,N/A,"Roof, Others",75,0.0329,0.772036474,6.82,N/A,N/A,N/A,0.0208000000000000,0.0195000000000000,0.0000030000000000,0.2820000000000000,6.4800000000000000,No,N/A,N/A,N/A,N/A,N/A,N/A,N/A,N/A,N/A,N/A,N/A,N/A,N/A,N/A,N/A,N/A,N/A
Insulation,Board insulation ,Heavy density mineral wool board,CLF 2025 Material Baselines,https://buildingtransparency.org/ec3/epds/ec371y6d,1.052410901,High-80th%,5.02,1,m2@RSI-1,N/A,N/A,N/A,Thermafiber Mineral Wool Insulation - heavy density board - unfaced,Owens Corning,TRUE,North America,96,kg/m3,999,Placeholder,e_sheet_other,PLACEHOLDER,4,No,No,No,No,N/A,N/A,N/A,N/A,N/A,N/A,N/A,N/A,N/A,N/A,N/A,N/A,N/A,N/A,N/A,N/A,N/A,N/A,"Roof, Others",75,0.0338,0.75147929,5.02,N/A,N/A,N/A,0.0314670859538784,0.0135761006289308,0.0000004504318658,0.3073039832285110,N/A,No,N/A,N/A,N/A,N/A,N/A,N/A,N/A,N/A,N/A,N/A,N/A,N/A,N/A,N/A,N/A,N/A,N/A
Insulation,Board insulation ,Heavy density mineral wool board,CLF 2025 Material Baselines,https://buildingtransparency.org/ec3/epds/ec3td663,0.995983936,Low-20th%,2.48,1,m2@RSI-1,N/A,N/A,N/A,Thermafiber® Industrial Felt 60,Owens Corning,TRUE,North America,96,kg/m3,999,Placeholder,e_sheet_other,PLACEHOLDER,4,No,No,No,No,N/A,N/A,N/A,N/A,N/A,N/A,N/A,N/A,N/A,N/A,N/A,N/A,N/A,N/A,N/A,N/A,N/A,N/A,"Roof, Others",75,0.035,0.725714286,2.48,N/A,N/A,N/A,0.0098004819277108,0.0024302008032129,0.0000003386345382,0.1733012048192770,N/A,No,N/A,N/A,N/A,N/A,N/A,N/A,N/A,N/A,N/A,N/A,N/A,N/A,N/A,N/A,N/A,N/A,N/A
Insulation,Board insulation ,"Polyiso, aluminum foil facer",CLF 2025 Material Baselines,https://info.nsf.org/Certified/Sustain/ProdCert/EPD10042.pdf,1,Baseline,4.1,1,m2@RSI-1,Industry,single,industry data,"Polyiso wall insulation boards industry-average EPD (PIMA, 2020b) ",Polyisocyanurate Manufacturers Industry Association (PIMA). (2020). Environmental Product Declaration: Polyiso Wall Insulation Boards. NSF. https://www.polyiso.org/page/EPDs ,TRUE,North America,49.1,kg/m3,999,Placeholder,e_sheet_other,PLACEHOLDER,4,No,No,No,No,N/A,N/A,N/A,N/A,N/A,N/A,N/A,N/A,N/A,N/A,N/A,N/A,N/A,N/A,N/A,N/A,N/A,N/A,Exterior Wall,75,0.022,1.154545455,4.1,N/A,N/A,N/A,0.0219000000000000,0.0081700000000000,0.0000002210000000,0.2420000000000000,N/A,No,N/A,N/A,N/A,N/A,N/A,N/A,N/A,N/A,N/A,N/A,N/A,N/A,N/A,N/A,N/A,N/A,N/A
Insulation,Board insulation ,"Polyiso, aluminum foil facer",N/A,N/A,#VALUE!,High-80th%,N/A,N/A,N/A,N/A,N/A,N/A,N/A,N/A,N/A,N/A,N/A,N/A,999,Placeholder,e_sheet_other,PLACEHOLDER,4,No,No,No,No,N/A,N/A,N/A,N/A,N/A,N/A,N/A,N/A,N/A,N/A,N/A,N/A,N/A,N/A,N/A,N/A,N/A,N/A,N/A,N/A,N/A,N/A,N/A,N/A,N/A,N/A,N/A,N/A,N/A,N/A,N/A,No,N/A,N/A,N/A,N/A,N/A,N/A,N/A,N/A,N/A,N/A,N/A,N/A,N/A,N/A,N/A,N/A,N/A
Insulation,Board insulation ,"Polyiso, aluminum foil facer",N/A,N/A,#VALUE!,Low-20th%,N/A,N/A,N/A,N/A,N/A,N/A,N/A,N/A,N/A,N/A,N/A,N/A,999,Placeholder,e_sheet_other,PLACEHOLDER,4,No,No,No,No,N/A,N/A,N/A,N/A,N/A,N/A,N/A,N/A,N/A,N/A,N/A,N/A,N/A,N/A,N/A,N/A,N/A,N/A,N/A,N/A,N/A,N/A,N/A,N/A,N/A,N/A,N/A,N/A,N/A,N/A,N/A,No,N/A,N/A,N/A,N/A,N/A,N/A,N/A,N/A,N/A,N/A,N/A,N/A,N/A,N/A,N/A,N/A,N/A
Insulation,Board insulation ,"Polyiso, GRF facer",CLF 2025 Material Baselines,https://cdn.ymaws.com/www.polyiso.org/resource/resmgr/health&environment/epd_roofinsulation_eng_sept_.pdf,1,Baseline,2.11,1,m2@RSI-1,Industry,single,industry data,"Polyiso roof insulation boards industry-average EPD (PIMA, 2020a) ",Polyisocyanurate Manufacturers Industry Association (PIMA). (2020). Environmental Product Declaration: Polyiso Roof Insulation Boards. NSF. https://www.polyiso.org/page/EPDs,TRUE,North America,33.84,kg/m3,999,Placeholder,e_sheet_other,PLACEHOLDER,4,No,No,No,No,N/A,N/A,N/A,N/A,N/A,N/A,N/A,N/A,N/A,N/A,N/A,N/A,N/A,N/A,N/A,N/A,N/A,N/A,Roof,40,0.025,1.016,2.11,N/A,N/A,N/A,0.0105000000000000,0.0037000000000000,0.0000001510000000,0.1090000000000000,N/A,No,N/A,N/A,N/A,N/A,N/A,N/A,N/A,N/A,N/A,N/A,N/A,N/A,N/A,N/A,N/A,N/A,N/A
Insulation,Board insulation ,"Polyiso, GRF facer",N/A,N/A,#VALUE!,High-80th%,N/A,N/A,N/A,N/A,N/A,N/A,N/A,N/A,N/A,N/A,N/A,N/A,999,Placeholder,e_sheet_other,PLACEHOLDER,4,No,No,No,No,N/A,N/A,N/A,N/A,N/A,N/A,N/A,N/A,N/A,N/A,N/A,N/A,N/A,N/A,N/A,N/A,N/A,N/A,N/A,N/A,N/A,N/A,N/A,N/A,N/A,N/A,N/A,N/A,N/A,N/A,N/A,No,N/A,N/A,N/A,N/A,N/A,N/A,N/A,N/A,N/A,N/A,N/A,N/A,N/A,N/A,N/A,N/A,N/A
Insulation,Board insulation ,"Polyiso, GRF facer",N/A,N/A,#VALUE!,Low-20th%,N/A,N/A,N/A,N/A,N/A,N/A,N/A,N/A,N/A,N/A,N/A,N/A,999,Placeholder,e_sheet_other,PLACEHOLDER,4,No,No,No,No,N/A,N/A,N/A,N/A,N/A,N/A,N/A,N/A,N/A,N/A,N/A,N/A,N/A,N/A,N/A,N/A,N/A,N/A,N/A,N/A,N/A,N/A,N/A,N/A,N/A,N/A,N/A,N/A,N/A,N/A,N/A,No,N/A,N/A,N/A,N/A,N/A,N/A,N/A,N/A,N/A,N/A,N/A,N/A,N/A,N/A,N/A,N/A,N/A
Insulation,Board insulation ,"Polyiso, CGF facer",CLF 2025 Material Baselines,https://cdn.ymaws.com/www.polyiso.org/resource/resmgr/health&environment/epd_roofinsulation_eng_sept_.pdf,1,Baseline,2.95,1,m2@RSI-1,Industry,single,industry data,"Polyiso roof insulation boards industry-average EPD (PIMA, 2020a) ",Polyisocyanurate Manufacturers Industry Association (PIMA). (2020). Environmental Product Declaration: Polyiso Roof Insulation Boards. NSF. https://www.polyiso.org/page/EPDs,TRUE,North America,37.64,kg/m3,999,Placeholder,e_sheet_other,PLACEHOLDER,4,No,No,No,No,N/A,N/A,N/A,N/A,N/A,N/A,N/A,N/A,N/A,N/A,N/A,N/A,N/A,N/A,N/A,N/A,N/A,N/A,"Exterior Wall, Roof",40,0.025,1.016,2.95,N/A,N/A,N/A,0.0141000000000000,0.0067100000000000,0.0000002110000000,0.1550000000000000,N/A,No,N/A,N/A,N/A,N/A,N/A,N/A,N/A,N/A,N/A,N/A,N/A,N/A,N/A,N/A,N/A,N/A,N/A
Insulation,Board insulation ,"Polyiso, CGF facer",N/A,N/A,#VALUE!,High-80th%,N/A,N/A,N/A,N/A,N/A,N/A,N/A,N/A,N/A,N/A,N/A,N/A,999,Placeholder,e_sheet_other,PLACEHOLDER,4,No,No,No,No,N/A,N/A,N/A,N/A,N/A,N/A,N/A,N/A,N/A,N/A,N/A,N/A,N/A,N/A,N/A,N/A,N/A,N/A,N/A,N/A,N/A,N/A,N/A,N/A,N/A,N/A,N/A,N/A,N/A,N/A,N/A,No,N/A,N/A,N/A,N/A,N/A,N/A,N/A,N/A,N/A,N/A,N/A,N/A,N/A,N/A,N/A,N/A,N/A
Insulation,Board insulation ,"Polyiso, CGF facer",N/A,N/A,#VALUE!,Low-20th%,N/A,N/A,N/A,N/A,N/A,N/A,N/A,N/A,N/A,N/A,N/A,N/A,999,Placeholder,e_sheet_other,PLACEHOLDER,4,No,No,No,No,N/A,N/A,N/A,N/A,N/A,N/A,N/A,N/A,N/A,N/A,N/A,N/A,N/A,N/A,N/A,N/A,N/A,N/A,N/A,N/A,N/A,N/A,N/A,N/A,N/A,N/A,N/A,N/A,N/A,N/A,N/A,No,N/A,N/A,N/A,N/A,N/A,N/A,N/A,N/A,N/A,N/A,N/A,N/A,N/A,N/A,N/A,N/A,N/A
Insulation,Board insulation ,"Polyiso, wall",CLF 2025 Material Baselines,"Polyiso wall and roof insulation boards industry-average 
EPDs (PIMA, 2020a; 2020b). Baseline = unweighted average 
of industry EPD values for aluminum-foil-faced and CGF 
polyiso boards. Parent category baseline.*",0.992907801,Baseline,3.5,1,m2@RSI-1,Industry,multi-unweighted,industry data,"Polyiso wall and roof insulation boards industry-average EPDs (PIMA, 2020a; 2020b). Baseline = unweighted average of industry EPD values for aluminum-foil-faced and CGF polyiso boards. Parent category baseline.","Polyisocyanurate Manufacturers Industry Association (PIMA). (2020). Environmental Product Declaration: Polyiso Wall Insulation Boards. NSF. https://www.polyiso.org/page/EPDs 
Polyisocyanurate Manufacturers Industry Association (PIMA). (2020). Environmental Product Declaration: Polyiso Roof Insulation Boards. NSF. https://www.polyiso.org/page/EPDs",TRUE,North America,43.37,kg/m3,999,Placeholder,e_sheet_other,PLACEHOLDER,4,No,No,No,No,N/A,N/A,N/A,N/A,N/A,N/A,N/A,N/A,N/A,N/A,N/A,N/A,N/A,N/A,N/A,N/A,N/A,N/A,Exterior Wall,57.5,0.0235,1.080851064,3.5,N/A,N/A,N/A,0.0178723404255319,0.0073872340425532,0.0000002144680851,0.1970921985815600,N/A,No,N/A,N/A,N/A,N/A,N/A,N/A,N/A,N/A,N/A,N/A,N/A,N/A,N/A,N/A,N/A,N/A,N/A
Insulation,Board insulation ,"Polyiso, wall",N/A,N/A,#VALUE!,High-80th%,N/A,N/A,N/A,N/A,N/A,N/A,N/A,N/A,N/A,N/A,N/A,N/A,999,Placeholder,e_sheet_other,PLACEHOLDER,4,No,No,No,No,N/A,N/A,N/A,N/A,N/A,N/A,N/A,N/A,N/A,N/A,N/A,N/A,N/A,N/A,N/A,N/A,N/A,N/A,N/A,N/A,N/A,N/A,N/A,N/A,N/A,N/A,N/A,N/A,N/A,N/A,N/A,No,N/A,N/A,N/A,N/A,N/A,N/A,N/A,N/A,N/A,N/A,N/A,N/A,N/A,N/A,N/A,N/A,N/A
Insulation,Board insulation ,"Polyiso, wall",N/A,N/A,#VALUE!,Low-20th%,N/A,N/A,N/A,N/A,N/A,N/A,N/A,N/A,N/A,N/A,N/A,N/A,999,Placeholder,e_sheet_other,PLACEHOLDER,4,No,No,No,No,N/A,N/A,N/A,N/A,N/A,N/A,N/A,N/A,N/A,N/A,N/A,N/A,N/A,N/A,N/A,N/A,N/A,N/A,N/A,N/A,N/A,N/A,N/A,N/A,N/A,N/A,N/A,N/A,N/A,N/A,N/A,No,N/A,N/A,N/A,N/A,N/A,N/A,N/A,N/A,N/A,N/A,N/A,N/A,N/A,N/A,N/A,N/A,N/A
Insulation,Board insulation ,"Polyiso, roof",CLF 2025 Material Baselines,"Polyiso roof insulation boards industry-average EPD (PIMA, 
2020a). Baseline = unweighted average of industry EPD 
values for GRF and CGF polyiso boards. Parent category 
baseline",0.988142292,Baseline,2.5,1,m2@RSI-1,Industry,multi-unweighted,industry data,"Polyiso roof insulation boards industry-average EPD (PIMA, 2020a). Baseline = unweighted average of industry EPD values for GRF and CGF polyiso boards. Parent category baseline.",Polyisocyanurate Manufacturers Industry Association (PIMA). (2020). Environmental Product Declaration: Polyiso Roof Insulation Boards. NSF. https://www.polyiso.org/page/EPDs,TRUE,North America,35.74,kg/m3,999,Placeholder,e_sheet_other,PLACEHOLDER,4,No,No,No,No,N/A,N/A,N/A,N/A,N/A,N/A,N/A,N/A,N/A,N/A,N/A,N/A,N/A,N/A,N/A,N/A,N/A,N/A,Roof,40,0.025,1.016,2.5,N/A,N/A,N/A,0.0121541501976285,0.0051432806324111,0.0000001788537549,0.1304347826086960,N/A,No,N/A,N/A,N/A,N/A,N/A,N/A,N/A,N/A,N/A,N/A,N/A,N/A,N/A,N/A,N/A,N/A,N/A
Insulation,Board insulation ,"Polyiso, roof",N/A,N/A,#VALUE!,High-80th%,N/A,N/A,N/A,N/A,N/A,N/A,N/A,N/A,N/A,N/A,N/A,N/A,999,Placeholder,e_sheet_other,PLACEHOLDER,4,No,No,No,No,N/A,N/A,N/A,N/A,N/A,N/A,N/A,N/A,N/A,N/A,N/A,N/A,N/A,N/A,N/A,N/A,N/A,N/A,N/A,N/A,N/A,N/A,N/A,N/A,N/A,N/A,N/A,N/A,N/A,N/A,N/A,No,N/A,N/A,N/A,N/A,N/A,N/A,N/A,N/A,N/A,N/A,N/A,N/A,N/A,N/A,N/A,N/A,N/A
Insulation,Board insulation ,"Polyiso, roof",N/A,N/A,#VALUE!,Low-20th%,N/A,N/A,N/A,N/A,N/A,N/A,N/A,N/A,N/A,N/A,N/A,N/A,999,Placeholder,e_sheet_other,PLACEHOLDER,4,No,No,No,No,N/A,N/A,N/A,N/A,N/A,N/A,N/A,N/A,N/A,N/A,N/A,N/A,N/A,N/A,N/A,N/A,N/A,N/A,N/A,N/A,N/A,N/A,N/A,N/A,N/A,N/A,N/A,N/A,N/A,N/A,N/A,No,N/A,N/A,N/A,N/A,N/A,N/A,N/A,N/A,N/A,N/A,N/A,N/A,N/A,N/A,N/A,N/A,N/A
Insulation,Board insulation ,"Extruded polystyrene (XPS) board, ≤25 psi",CLF 2025 Material Baselines,https://buildingtransparency.org/ec3/epds/ec38b0nq,1,Baseline,8.9,1,m2@RSI-1,Product,unweighted,sampling fraction,"XPS product EPD (Owens Corning, 2024). Includes modules A1–A3, B1, and C4 to account for blowing agent emissions. ",Owens Corning. (2024). Environmental Product Declaration: FOAMULAR NGX XPS Insulation. SCS Global Services.,TRUE,North America,1.55,lb/ft3,999,Placeholder,e_sheet_other,PLACEHOLDER,4,No,No,No,No,N/A,N/A,N/A,N/A,N/A,N/A,N/A,N/A,N/A,N/A,N/A,N/A,N/A,N/A,N/A,N/A,25,N/A,"Exterior Wall, Roof",75,0.02884424,0.880591758,8.9,N/A,N/A,N/A,0.0154000000000000,0.0073800000000000,0.0000192000000000,0.2000000000000000,9.1400000000000000,No,N/A,N/A,N/A,N/A,N/A,N/A,N/A,N/A,N/A,N/A,N/A,N/A,N/A,N/A,N/A,N/A,N/A
Insulation,Board insulation ,"Extruded polystyrene (XPS) board, ≤25 psi",CLF 2025 Material Baselines,https://buildingtransparency.org/ec3/epds/ec3mqfzj,2.394557823,High-80th%,70.4,1,m2@RSI-1,N/A,N/A,N/A,"Styrofoam Brand XPS, all the environmental impacts  included A1-A3",DuPont (2022),TRUE,North America,26.92,kg/m3,999,Placeholder,e_sheet_other,PLACEHOLDER,4,No,No,No,No,N/A,N/A,N/A,N/A,N/A,N/A,N/A,N/A,N/A,N/A,N/A,N/A,N/A,N/A,N/A,N/A,N/A,N/A,"Exterior Wall, Roof",75,0.0253,1.003952569,70.4,N/A,N/A,N/A,0.0147025850340136,0.0013409523809524,0.0000000048130612,0.2921360544217690,21.5749659863946000,No,N/A,N/A,N/A,N/A,N/A,N/A,N/A,N/A,N/A,N/A,N/A,N/A,N/A,N/A,N/A,N/A,N/A
Insulation,Board insulation ,"Extruded polystyrene (XPS) board, ≤25 psi",CLF 2025 Material Baselines,https://buildingtransparency.org/ec3/epds/ec3e5b23,1.678062678,Low-20th%,5.89,1,m2@RSI-1,N/A,N/A,N/A,"Styrofoam ST-100 XPS, all the environmental impacts  included A1-A3",DuPont (2021),TRUE,North America,26.96,kg/m3,999,Placeholder,e_sheet_other,PLACEHOLDER,4,No,No,No,No,N/A,N/A,N/A,N/A,N/A,N/A,N/A,N/A,N/A,N/A,N/A,N/A,N/A,N/A,N/A,N/A,N/A,N/A,"Exterior Wall, Roof",75,0.0276,0.920289855,5.89,N/A,N/A,N/A,0.0088433903133903,0.0008138603988604,0.0000000067961538,0.1795527065527070,13.8607977207977000,No,N/A,N/A,N/A,N/A,N/A,N/A,N/A,N/A,N/A,N/A,N/A,N/A,N/A,N/A,N/A,N/A,N/A
Insulation,Board insulation ,"Extruded polystyrene (XPS) board, 40 psi",CLF 2025 Material Baselines,https://buildingtransparency.org/ec3/epds/ec38b0nq,1.060695115,Baseline,10.9,1,m2@RSI-1,Product,unweighted,sampling fraction,"XPS product EPD (Owens Corning, 2024). Includes modules A1–A3, B1, and C4 to account for blowing agent emissions. ",Owens Corning. (2024). Environmental Product Declaration: FOAMULAR NGX XPS Insulation. SCS Global Services.,TRUE,North America,1.8,lb/ft3,999,Placeholder,e_sheet_other,PLACEHOLDER,4,No,No,No,No,N/A,N/A,N/A,N/A,N/A,N/A,N/A,N/A,N/A,N/A,N/A,N/A,N/A,N/A,N/A,N/A,40,N/A,"Exterior Wall, Roof",75,0.02884424,0.880591758,10.9,N/A,N/A,N/A,0.0178601561849230,0.0088500645564348,0.0000236091230737,0.2147778946272390,10.8712859225323000,No,N/A,N/A,N/A,N/A,N/A,N/A,N/A,N/A,N/A,N/A,N/A,N/A,N/A,N/A,N/A,N/A,N/A
Insulation,Board insulation ,"Extruded polystyrene (XPS) board, 40 psi",CLF 2025 Material Baselines,https://buildingtransparency.org/ec3/epds/ec3mqfzj,2.394557823,High-80th%,70.4,1,m2@RSI-1,N/A,N/A,N/A,"Styrofoam Brand XPS, all the environmental impacts  included A1-A3",DuPont (2022),TRUE,North America,26.92,kg/m3,999,Placeholder,e_sheet_other,PLACEHOLDER,4,No,No,No,No,N/A,N/A,N/A,N/A,N/A,N/A,N/A,N/A,N/A,N/A,N/A,N/A,N/A,N/A,N/A,N/A,N/A,N/A,"Exterior Wall, Roof",75,0.0253,1.003952569,70.4,N/A,N/A,N/A,0.0147025850340136,0.0013409523809524,0.0000000048130612,0.2921360544217690,21.5749659863946000,No,N/A,N/A,N/A,N/A,N/A,N/A,N/A,N/A,N/A,N/A,N/A,N/A,N/A,N/A,N/A,N/A,N/A
Insulation,Board insulation ,"Extruded polystyrene (XPS) board, 40 psi",CLF 2025 Material Baselines,https://buildingtransparency.org/ec3/epds/ec3e5b23,1.678062678,Low-20th%,5.89,1,m2@RSI-1,N/A,N/A,N/A,"Styrofoam ST-100 XPS, all the environmental impacts  included A1-A3",DuPont (2021),TRUE,North America,26.96,kg/m3,999,Placeholder,e_sheet_other,PLACEHOLDER,4,No,No,No,No,N/A,N/A,N/A,N/A,N/A,N/A,N/A,N/A,N/A,N/A,N/A,N/A,N/A,N/A,N/A,N/A,N/A,N/A,"Exterior Wall, Roof",75,0.0276,0.920289855,5.89,N/A,N/A,N/A,0.0088433903133903,0.0008138603988604,0.0000000067961538,0.1795527065527070,13.8607977207977000,No,N/A,N/A,N/A,N/A,N/A,N/A,N/A,N/A,N/A,N/A,N/A,N/A,N/A,N/A,N/A,N/A,N/A
Insulation,Board insulation ,"Extruded polystyrene (XPS) board, 60 psi",CLF 2025 Material Baselines,https://buildingtransparency.org/ec3/epds/ec38b0nq,1.122429874,Baseline,14.1,1,m2@RSI-1,Product,unweighted,sampling fraction,"XPS product EPD (Owens Corning, 2024). Includes modules A1–A3, B1, and C4 to account for blowing agent emissions. ",Owens Corning. (2024). Environmental Product Declaration: FOAMULAR NGX XPS Insulation. SCS Global Services.,TRUE,North America,2.2,lb/ft3,999,Placeholder,e_sheet_other,PLACEHOLDER,4,No,No,No,No,N/A,N/A,N/A,N/A,N/A,N/A,N/A,N/A,N/A,N/A,N/A,N/A,N/A,N/A,N/A,N/A,60,N/A,"Exterior Wall, Roof",75,0.02884424,0.880591758,14.1,N/A,N/A,N/A,0.0231035047896710,0.0114482486463973,0.0000305402417743,0.2778319554352350,14.0628561016243000,No,N/A,N/A,N/A,N/A,N/A,N/A,N/A,N/A,N/A,N/A,N/A,N/A,N/A,N/A,N/A,N/A,N/A
Insulation,Board insulation ,"Extruded polystyrene (XPS) board, 60 psi",CLF 2025 Material Baselines,https://buildingtransparency.org/ec3/epds/ec3mqfzj,2.394557823,High-80th%,70.4,1,m2@RSI-1,N/A,N/A,N/A,"Styrofoam Brand XPS, all the environmental impacts  included A1-A3",DuPont (2022),TRUE,North America,26.92,kg/m3,999,Placeholder,e_sheet_other,PLACEHOLDER,4,No,No,No,No,N/A,N/A,N/A,N/A,N/A,N/A,N/A,N/A,N/A,N/A,N/A,N/A,N/A,N/A,N/A,N/A,N/A,N/A,"Exterior Wall, Roof",75,0.0253,1.003952569,70.4,N/A,N/A,N/A,0.0147025850340136,0.0013409523809524,0.0000000048130612,0.2921360544217690,21.5749659863946000,No,N/A,N/A,N/A,N/A,N/A,N/A,N/A,N/A,N/A,N/A,N/A,N/A,N/A,N/A,N/A,N/A,N/A
Insulation,Board insulation ,"Extruded polystyrene (XPS) board, 60 psi",CLF 2025 Material Baselines,https://buildingtransparency.org/ec3/epds/ec3e5b23,1.678062678,Low-20th%,5.89,1,m2@RSI-1,N/A,N/A,N/A,"Styrofoam ST-100 XPS, all the environmental impacts  included A1-A3",DuPont (2021),TRUE,North America,26.96,kg/m3,999,Placeholder,e_sheet_other,PLACEHOLDER,4,No,No,No,No,N/A,N/A,N/A,N/A,N/A,N/A,N/A,N/A,N/A,N/A,N/A,N/A,N/A,N/A,N/A,N/A,N/A,N/A,"Exterior Wall, Roof",75,0.0276,0.920289855,5.89,N/A,N/A,N/A,0.0088433903133903,0.0008138603988604,0.0000000067961538,0.1795527065527070,13.8607977207977000,No,N/A,N/A,N/A,N/A,N/A,N/A,N/A,N/A,N/A,N/A,N/A,N/A,N/A,N/A,N/A,N/A,N/A
Insulation,Board insulation ,"Extruded polystyrene (XPS) board, 100 psi",CLF 2025 Material Baselines,https://buildingtransparency.org/ec3/epds/ec38b0nq,1.173795831,Baseline,20.1,1,m2@RSI-1,Product,unweighted,sampling fraction,"XPS product EPD (Owens Corning, 2024). Includes modules A1–A3, B1, and C4 to account for blowing agent emissions. ",Owens Corning. (2024). Environmental Product Declaration: FOAMULAR NGX XPS Insulation. SCS Global Services.,TRUE,North America,3,lb/ft3,999,Placeholder,e_sheet_other,PLACEHOLDER,4,No,No,No,No,N/A,N/A,N/A,N/A,N/A,N/A,N/A,N/A,N/A,N/A,N/A,N/A,N/A,N/A,N/A,N/A,100,N/A,"Exterior Wall, Roof",75,0.02884424,0.880591758,20.1,N/A,N/A,N/A,0.0329347834235735,0.0163198438150771,0.0000435360893378,0.3960583194502290,20.0470501874219000,No,N/A,N/A,N/A,N/A,N/A,N/A,N/A,N/A,N/A,N/A,N/A,N/A,N/A,N/A,N/A,N/A,N/A
Insulation,Board insulation ,"Extruded polystyrene (XPS) board, 100 psi",CLF 2025 Material Baselines,https://buildingtransparency.org/ec3/epds/ec3mqfzj,2.394557823,High-80th%,70.4,1,m2@RSI-1,N/A,N/A,N/A,"Styrofoam Brand XPS, all the environmental impacts  included A1-A3",DuPont (2022),TRUE,North America,26.92,kg/m3,999,Placeholder,e_sheet_other,PLACEHOLDER,4,No,No,No,No,N/A,N/A,N/A,N/A,N/A,N/A,N/A,N/A,N/A,N/A,N/A,N/A,N/A,N/A,N/A,N/A,N/A,N/A,"Exterior Wall, Roof",75,0.0253,1.003952569,70.4,N/A,N/A,N/A,0.0147025850340136,0.0013409523809524,0.0000000048130612,0.2921360544217690,21.5749659863946000,No,N/A,N/A,N/A,N/A,N/A,N/A,N/A,N/A,N/A,N/A,N/A,N/A,N/A,N/A,N/A,N/A,N/A
Insulation,Board insulation ,"Extruded polystyrene (XPS) board, 100 psi",CLF 2025 Material Baselines,https://buildingtransparency.org/ec3/epds/ec3e5b23,1.678062678,Low-20th%,5.89,1,m2@RSI-1,N/A,N/A,N/A,"Styrofoam ST-100 XPS, all the environmental impacts  included A1-A3",DuPont (2021),TRUE,North America,26.96,kg/m3,999,Placeholder,e_sheet_other,PLACEHOLDER,4,No,No,No,No,N/A,N/A,N/A,N/A,N/A,N/A,N/A,N/A,N/A,N/A,N/A,N/A,N/A,N/A,N/A,N/A,N/A,N/A,"Exterior Wall, Roof",75,0.0276,0.920289855,5.89,N/A,N/A,N/A,0.0088433903133903,0.0008138603988604,0.0000000067961538,0.1795527065527070,13.8607977207977000,No,N/A,N/A,N/A,N/A,N/A,N/A,N/A,N/A,N/A,N/A,N/A,N/A,N/A,N/A,N/A,N/A,N/A
Insulation,Blanket insulation ,Fiberglass blanket,CLF 2025 Material Baselines,https://insulationinstitute.org/wp-content/uploads/2025/08/071423_EPD_Fiberglass-Batts-Faced.pdf,1,Baseline,1.06,1,m2@RSI-1,Industry,single,industry data,"Fiberglass batt (faced) industry-average EPD (NAIMA, 2023a) ",NAIMA. (2023a). Environmental Product Declaration: Fiberglass Batts (Faced). Smart EPD.,TRUE,North America,12.03,kg/m3,999,Placeholder,e_sheet_other,PLACEHOLDER,4,No,No,No,No,N/A,N/A,N/A,N/A,N/A,N/A,N/A,N/A,N/A,N/A,N/A,N/A,N/A,N/A,N/A,N/A,N/A,N/A,"Exterior Wall, Others",75,0.035,0.725714286,1.06,N/A,N/A,N/A,0.0020600000000000,0.0002270000000000,0.0000000000142000,0.0325000000000000,16.5000000000000000,No,N/A,N/A,N/A,N/A,N/A,N/A,N/A,N/A,N/A,N/A,N/A,N/A,N/A,N/A,N/A,N/A,N/A
Insulation,Blanket insulation ,Fiberglass blanket,CLF 2025 Material Baselines,https://buildingtransparency.org/ec3/epds/ec3x7z33,1,High-80th%,1.6,1,m2@RSI-1,N/A,N/A,N/A,"FSK-faced EcoBatt® and EcoRoll Insulation produced in Lanett, AL",Knauf Insulation North America (2023),TRUE,North America,96.3,kg/m3,999,Placeholder,e_sheet_other,PLACEHOLDER,4,No,No,No,No,N/A,N/A,N/A,N/A,N/A,N/A,N/A,N/A,N/A,N/A,N/A,N/A,N/A,N/A,N/A,N/A,N/A,N/A,"Exterior Wall, Others",75,0.0398,0.638190955,1.6,N/A,N/A,N/A,0.0043200000000000,0.0007150000000000,0.0000000028200000,0.0637000000000000,3.0300000000000000,No,N/A,N/A,N/A,N/A,N/A,N/A,N/A,N/A,N/A,N/A,N/A,N/A,N/A,N/A,N/A,N/A,N/A
Insulation,Blanket insulation ,Fiberglass blanket,CLF 2025 Material Baselines,https://buildingtransparency.org/ec3/epds/ec3ydjr4,1,Low-20th%,1.01,1,m2@RSI-1,N/A,N/A,N/A,"Kraft-faced EcoBatt® and EcoRoll Insulation produced in Albion, MI",Knauf Insulation North America (2023),TRUE,North America,96.1,kg/m3,999,Placeholder,e_sheet_other,PLACEHOLDER,4,No,No,No,No,N/A,N/A,N/A,N/A,N/A,N/A,N/A,N/A,N/A,N/A,N/A,N/A,N/A,N/A,N/A,N/A,N/A,N/A,"Exterior Wall, Others",75,0.0398,0.638190955,1.01,N/A,N/A,N/A,0.0023200000000000,0.0005920000000000,0.0000000041100000,0.0379000000000000,2.1800000000000000,No,N/A,N/A,N/A,N/A,N/A,N/A,N/A,N/A,N/A,N/A,N/A,N/A,N/A,N/A,N/A,N/A,N/A
Insulation,Blanket insulation ,Mineral wool blanket,CLF 2025 Material Baselines,https://www.jm.com/content/dam/jm/global/en/building-insulation/Files/BI%20Toolbox/Mineral-Wool-Environmental-Product-Declaration.pdf,0.804804805,Baseline,2.68,1,m2@RSI-1,Industry,single,industry data,"Mineral wool light-density board industry-average EPD (NAIMA, 2023f) ",NAIMA. (2023f). NAIMA Mineral Wool Insulation Industry Average EPD: Light Density Board Product. Smart EPD.,TRUE,North America,44.1,kg/m3,999,Placeholder,e_sheet_other,PLACEHOLDER,4,Yes,Yes,No,No,Medium Rough,0.04,0.9,0.7,0.7,840,N/A,N/A,N/A,N/A,N/A,N/A,N/A,N/A,N/A,N/A,N/A,N/A,"Exterior Wall, Cavity Wall",75,0.039,0.651282051,2.68,N/A,N/A,N/A,0.0087723723723724,0.0002358078078078,0.0000000000258342,0.0725129129129129,2.4063663663663700,No,N/A,N/A,N/A,N/A,N/A,N/A,N/A,N/A,N/A,N/A,N/A,N/A,N/A,N/A,N/A,N/A,N/A
Insulation,Blanket insulation ,Mineral wool blanket,CLF 2025 Material Baselines,https://buildingtransparency.org/ec3/epds/ec3haxbr,1,High-80th%,2.01,1,m2@RSI-1,N/A,N/A,N/A,Isoconfort 32 / 80 mm glass wool,Saint-Gobain Isover,TRUE,North America,44.1,kg/m3,999,Placeholder,e_sheet_other,PLACEHOLDER,4,Yes,Yes,No,No,Medium Rough,0.04,0.9,0.7,0.7,840,N/A,N/A,N/A,N/A,N/A,N/A,N/A,N/A,N/A,N/A,N/A,N/A,"Exterior Wall, Cavity Wall",N/A,0.032,0.79375,2.01,N/A,N/A,N/A,0.0076400000000000,0.0013600000000000,0.0000002000000000,0.0012600000000000,31.3000000000000000,No,N/A,N/A,N/A,N/A,N/A,N/A,N/A,N/A,N/A,N/A,N/A,N/A,N/A,N/A,N/A,N/A,N/A
Insulation,Blanket insulation ,Mineral wool blanket,CLF 2025 Material Baselines,https://buildingtransparency.org/ec3/epds/ec3gm6zq,0.864661654,Low-20th%,1.15,1,m2@RSI-1,N/A,N/A,N/A,Thermafiber® UltraBatt™ R-15,Owens Corning,TRUE,North America,31.99,kg/m3,999,Placeholder,e_sheet_other,PLACEHOLDER,4,Yes,Yes,No,No,Medium Rough,0.04,0.9,0.7,0.7,840,N/A,N/A,N/A,N/A,N/A,N/A,N/A,N/A,N/A,N/A,N/A,N/A,"Exterior Wall, Cavity Wall",75,0.0347,0.731988473,1.15,N/A,N/A,N/A,0.0108947368421053,0.0005127443609023,0.0000001028947368,0.0643308270676692,1.0721804511278200,No,N/A,N/A,N/A,N/A,N/A,N/A,N/A,N/A,N/A,N/A,N/A,N/A,N/A,N/A,N/A,N/A,N/A
Insulation,Blanket insulation ,Blanket insulation (general),CLF 2025 Material Baselines,"Fiberglass batt (faced) and mineral wool light-density board industry-average EPDs (NAIMA, 2023a; NAIMA, 2023f). Unweighted average. Parent category  baseline",0.865603645,Baseline,1.9,1,m2@RSI-1,Industry,multi-unweighted,industry data,"Fiberglass batt (faced) and mineral wool light-density board industry-average EPDs (NAIMA, 2023a; NAIMA, 2023f). Unweighted average. Parent category baseline.","NAIMA. (2023a). Environmental Product Declaration: Fiberglass Batts (Faced). Smart EPD.
NAIMA. (2023f). NAIMA Mineral Wool Insulation Industry Average EPD: Light Density Board Product. Smart EPD.",TRUE,North America,28.065,kg/m3,999,Placeholder,e_sheet_other,PLACEHOLDER,4,No,No,No,No,N/A,N/A,N/A,N/A,N/A,N/A,N/A,N/A,N/A,N/A,N/A,N/A,N/A,N/A,N/A,N/A,N/A,N/A,"Exterior Wall, Cavity Wall",N/A,N/A,N/A,1.9,N/A,N/A,N/A,0.0056091116173121,0.0002250569476082,0.0000000000200387,0.0530615034168565,8.4353075170842800,No,N/A,N/A,N/A,N/A,N/A,N/A,N/A,N/A,N/A,N/A,N/A,N/A,N/A,N/A,N/A,N/A,N/A
Insulation,Blanket insulation ,Blanket insulation (general),N/A,N/A,#VALUE!,High-80th%,N/A,N/A,N/A,N/A,N/A,N/A,N/A,N/A,N/A,N/A,N/A,N/A,999,Placeholder,e_sheet_other,PLACEHOLDER,4,No,No,No,No,N/A,N/A,N/A,N/A,N/A,N/A,N/A,N/A,N/A,N/A,N/A,N/A,N/A,N/A,N/A,N/A,N/A,N/A,N/A,N/A,N/A,N/A,N/A,N/A,N/A,N/A,N/A,N/A,N/A,N/A,N/A,No,N/A,N/A,N/A,N/A,N/A,N/A,N/A,N/A,N/A,N/A,N/A,N/A,N/A,N/A,N/A,N/A,N/A
Insulation,Blanket insulation ,Blanket insulation (general),N/A,N/A,#VALUE!,Low-20th%,N/A,N/A,N/A,N/A,N/A,N/A,N/A,N/A,N/A,N/A,N/A,N/A,999,Placeholder,e_sheet_other,PLACEHOLDER,4,No,No,No,No,N/A,N/A,N/A,N/A,N/A,N/A,N/A,N/A,N/A,N/A,N/A,N/A,N/A,N/A,N/A,N/A,N/A,N/A,N/A,N/A,N/A,N/A,N/A,N/A,N/A,N/A,N/A,N/A,N/A,N/A,N/A,No,N/A,N/A,N/A,N/A,N/A,N/A,N/A,N/A,N/A,N/A,N/A,N/A,N/A,N/A,N/A,N/A,N/A
Insulation,Foamed-in-place insulation ,"Closed-cell spray polyurethane foam, medium density",CLF 2025 Material Baselines,https://pcr-epd.s3.us-east-2.amazonaws.com/1300.EPD_807_Spray_Polyurethane_Foam_Insulation_Roofing_Cell_Using_Hydrofluoroolefins_ROOFING_SPF_HFO.pdf,1,Baseline,2.63,1,m2@RSI-1,Industry,single,industry data,"Medium density SPF, HFO industry-average EPD (SPFA, 2024a). Includes modules A1–A3 and A5 to account for blowing agent emissions during installation. ","Spray Polyurethane Foam Alliance (SPFA). (2024a). Environmental Product Declaration: Spray Polyurethane Foam Insulation Closed Cell Using Hydrofluoroolefins (CCSPF, HFO). ASTM.",TRUE,North America,31.23,kg/m3,999,Placeholder,d_sprayed,PLACEHOLDER,4,No,No,No,No,N/A,N/A,N/A,N/A,N/A,N/A,N/A,N/A,N/A,N/A,N/A,N/A,N/A,N/A,N/A,N/A,N/A,N/A,Exterior Wall,75,0.02,1.27,2.63,N/A,N/A,N/A,0.0061100000000000,0.0005130000000000,0.0000000127039300,0.1206000000000000,N/A,No,N/A,N/A,N/A,N/A,N/A,N/A,N/A,N/A,N/A,N/A,N/A,N/A,N/A,N/A,N/A,N/A,N/A
Insulation,Foamed-in-place insulation ,"Closed-cell spray polyurethane foam, medium density",N/A,N/A,#VALUE!,High-80th%,N/A,N/A,N/A,N/A,N/A,N/A,N/A,N/A,N/A,N/A,N/A,N/A,999,Placeholder,d_sprayed,PLACEHOLDER,4,No,No,No,No,N/A,N/A,N/A,N/A,N/A,N/A,N/A,N/A,N/A,N/A,N/A,N/A,N/A,N/A,N/A,N/A,N/A,N/A,N/A,N/A,N/A,N/A,N/A,N/A,N/A,N/A,N/A,N/A,N/A,N/A,N/A,No,N/A,N/A,N/A,N/A,N/A,N/A,N/A,N/A,N/A,N/A,N/A,N/A,N/A,N/A,N/A,N/A,N/A
Insulation,Foamed-in-place insulation ,"Closed-cell spray polyurethane foam, medium density",N/A,N/A,#VALUE!,Low-20th%,N/A,N/A,N/A,N/A,N/A,N/A,N/A,N/A,N/A,N/A,N/A,N/A,999,Placeholder,d_sprayed,PLACEHOLDER,4,No,No,No,No,N/A,N/A,N/A,N/A,N/A,N/A,N/A,N/A,N/A,N/A,N/A,N/A,N/A,N/A,N/A,N/A,N/A,N/A,N/A,N/A,N/A,N/A,N/A,N/A,N/A,N/A,N/A,N/A,N/A,N/A,N/A,No,N/A,N/A,N/A,N/A,N/A,N/A,N/A,N/A,N/A,N/A,N/A,N/A,N/A,N/A,N/A,N/A,N/A
Insulation,Foamed-in-place insulation ,"Closed-cell spray polyurethane foam, roofing",CLF 2025 Material Baselines,https://pcr-epd.s3.us-east-2.amazonaws.com/1300.EPD_807_Spray_Polyurethane_Foam_Insulation_Roofing_Cell_Using_Hydrofluoroolefins_ROOFING_SPF_HFO.pdf,0.998709677,Baseline,3.87,1,m2@RSI-1,Industry,single,industry data,"Roofing SPF, HFO industry-average EPD (SPFA, 2024c). Includes modules A1–A3 and A5 to account for blowing agent emissions during installation. ","Spray Polyurethane Foam Alliance (SPFA). (2024c). Environmental Product Declaration: Spray Polyurethane Foam Insulation Roofing Cell Using Hydrofluoroolefins (Roofing SPF, HFO). ASTM.",TRUE,North America,52.06,kg/m3,999,Placeholder,d_sprayed,PLACEHOLDER,4,No,No,No,No,N/A,N/A,N/A,N/A,N/A,N/A,N/A,N/A,N/A,N/A,N/A,N/A,N/A,N/A,N/A,N/A,N/A,N/A,Roof,75,0.02,1.27,3.87,N/A,N/A,N/A,0.0074803354838710,0.0007420412903226,0.0000000171839086,0.1676833548387100,N/A,No,N/A,N/A,N/A,N/A,N/A,N/A,N/A,N/A,N/A,N/A,N/A,N/A,N/A,N/A,N/A,N/A,N/A
Insulation,Foamed-in-place insulation ,"Closed-cell spray polyurethane foam, roofing",N/A,N/A,#VALUE!,High-80th%,N/A,N/A,N/A,N/A,N/A,N/A,N/A,N/A,N/A,N/A,N/A,N/A,999,Placeholder,d_sprayed,PLACEHOLDER,4,No,No,No,No,N/A,N/A,N/A,N/A,N/A,N/A,N/A,N/A,N/A,N/A,N/A,N/A,N/A,N/A,N/A,N/A,N/A,N/A,N/A,N/A,N/A,N/A,N/A,N/A,N/A,N/A,N/A,N/A,N/A,N/A,N/A,No,N/A,N/A,N/A,N/A,N/A,N/A,N/A,N/A,N/A,N/A,N/A,N/A,N/A,N/A,N/A,N/A,N/A
Insulation,Foamed-in-place insulation ,"Closed-cell spray polyurethane foam, roofing",N/A,N/A,#VALUE!,Low-20th%,N/A,N/A,N/A,N/A,N/A,N/A,N/A,N/A,N/A,N/A,N/A,N/A,999,Placeholder,d_sprayed,PLACEHOLDER,4,No,No,No,No,N/A,N/A,N/A,N/A,N/A,N/A,N/A,N/A,N/A,N/A,N/A,N/A,N/A,N/A,N/A,N/A,N/A,N/A,N/A,N/A,N/A,N/A,N/A,N/A,N/A,N/A,N/A,N/A,N/A,N/A,N/A,No,N/A,N/A,N/A,N/A,N/A,N/A,N/A,N/A,N/A,N/A,N/A,N/A,N/A,N/A,N/A,N/A,N/A
Insulation,Foamed-in-place insulation ,Open-cell spray polyurethane foam,CLF 2025 Material Baselines,https://www.astm.org/v3/assets/blt5eb0a2cb04534832/bltda7a960b35fd99c9/68237f99478db2801e75e499/EPD_809_Spray_Polyurethane_Foam_Insulation_Open_Cell_%28OCSPF%29_12May2025.pdf,0.998293515,Baseline,1.17,1,m2@RSI-1,Industry,single,industry data,"Open-cell SPF industry-average EPD (SPFA, 2024b) ",Spray Polyurethane Foam Alliance (SPFA). (2024b). Environmental Product Declaration: Spray Polyurethane Foam Insulation Open Cell (OCSPF). ASTM.,TRUE,North America,9.6108,kg/m3,999,Placeholder,d_sprayed,PLACEHOLDER,4,No,No,No,No,N/A,N/A,N/A,N/A,N/A,N/A,N/A,N/A,N/A,N/A,N/A,N/A,N/A,N/A,N/A,N/A,N/A,N/A,Exterior Wall,75,0.04,0.635,1.17,N/A,N/A,N/A,0.0020065699658703,0.0001976621160410,0.0000000000023300,0.0472192832764505,N/A,No,N/A,N/A,N/A,N/A,N/A,N/A,N/A,N/A,N/A,N/A,N/A,N/A,N/A,N/A,N/A,N/A,N/A
Insulation,Foamed-in-place insulation ,Open-cell spray polyurethane foam,N/A,N/A,#VALUE!,High-80th%,N/A,N/A,N/A,N/A,N/A,N/A,N/A,N/A,N/A,N/A,N/A,N/A,999,Placeholder,d_sprayed,PLACEHOLDER,4,No,No,No,No,N/A,N/A,N/A,N/A,N/A,N/A,N/A,N/A,N/A,N/A,N/A,N/A,N/A,N/A,N/A,N/A,N/A,N/A,N/A,N/A,N/A,N/A,N/A,N/A,N/A,N/A,N/A,N/A,N/A,N/A,N/A,No,N/A,N/A,N/A,N/A,N/A,N/A,N/A,N/A,N/A,N/A,N/A,N/A,N/A,N/A,N/A,N/A,N/A
Insulation,Foamed-in-place insulation ,Open-cell spray polyurethane foam,N/A,N/A,#VALUE!,Low-20th%,N/A,N/A,N/A,N/A,N/A,N/A,N/A,N/A,N/A,N/A,N/A,N/A,999,Placeholder,d_sprayed,PLACEHOLDER,4,No,No,No,No,N/A,N/A,N/A,N/A,N/A,N/A,N/A,N/A,N/A,N/A,N/A,N/A,N/A,N/A,N/A,N/A,N/A,N/A,N/A,N/A,N/A,N/A,N/A,N/A,N/A,N/A,N/A,N/A,N/A,N/A,N/A,No,N/A,N/A,N/A,N/A,N/A,N/A,N/A,N/A,N/A,N/A,N/A,N/A,N/A,N/A,N/A,N/A,N/A
Insulation,Loose-fill insulation ,Mineral wool loose fill,CLF 2025 Material Baselines,https://smartepd.com/epd-library/6516fb713571e1a858f7ff38,1,Baseline,1.89,1,m2@RSI-1,Industry,single,industry data,"Loose-fill mineral wool industry-average EPD (NAIMA, 2023g) ",NAIMA. (2023). NAIMA Mineral Wool Insulation Industry Average EPD: Loose-Fill. Smart EPD.,TRUE,North America,32.1,kg/m3,999,Placeholder,d_sprayed,PLACEHOLDER,4,No,No,No,No,N/A,N/A,N/A,N/A,N/A,N/A,N/A,N/A,N/A,N/A,N/A,N/A,N/A,N/A,N/A,N/A,N/A,N/A,Cavity Wall,75,0.0477,0.532494759,1.89,N/A,N/A,N/A,0.0179000000000000,0.0041000000000000,0.0000000606000000,0.0774000000000000,N/A,No,N/A,N/A,N/A,N/A,N/A,N/A,N/A,N/A,N/A,N/A,N/A,N/A,N/A,N/A,N/A,N/A,N/A
Insulation,Loose-fill insulation ,Mineral wool loose fill,N/A,N/A,#VALUE!,High-80th%,N/A,N/A,N/A,N/A,N/A,N/A,N/A,N/A,N/A,N/A,N/A,N/A,999,Placeholder,d_sprayed,PLACEHOLDER,4,No,No,No,No,N/A,N/A,N/A,N/A,N/A,N/A,N/A,N/A,N/A,N/A,N/A,N/A,N/A,N/A,N/A,N/A,N/A,N/A,N/A,N/A,N/A,N/A,N/A,N/A,N/A,N/A,N/A,N/A,N/A,N/A,N/A,No,N/A,N/A,N/A,N/A,N/A,N/A,N/A,N/A,N/A,N/A,N/A,N/A,N/A,N/A,N/A,N/A,N/A
Insulation,Loose-fill insulation ,Mineral wool loose fill,N/A,N/A,#VALUE!,Low-20th%,N/A,N/A,N/A,N/A,N/A,N/A,N/A,N/A,N/A,N/A,N/A,N/A,999,Placeholder,d_sprayed,PLACEHOLDER,4,No,No,No,No,N/A,N/A,N/A,N/A,N/A,N/A,N/A,N/A,N/A,N/A,N/A,N/A,N/A,N/A,N/A,N/A,N/A,N/A,N/A,N/A,N/A,N/A,N/A,N/A,N/A,N/A,N/A,N/A,N/A,N/A,N/A,No,N/A,N/A,N/A,N/A,N/A,N/A,N/A,N/A,N/A,N/A,N/A,N/A,N/A,N/A,N/A,N/A,N/A
Insulation,Loose-fill insulation ,Fiberglass loose fill,CLF 2025 Material Baselines,https://smartepd.com/epd-library/63daebd1dee646fdcfec69a1,1,Baseline,0.988,1,m2@RSI-1,Industry,single,industry data,"Loose-fill fiberglass industry-average EPD (NAIMA, 2023d) ","NAIMA. (2023). Environmental Product Declaration: Fiberglass Loose Fill Insulation. Smart EPD.
",TRUE,North America,6.89,kg/m3,999,Placeholder,d_sprayed,PLACEHOLDER,4,No,No,No,No,N/A,N/A,N/A,N/A,N/A,N/A,N/A,N/A,N/A,N/A,N/A,N/A,N/A,N/A,N/A,N/A,N/A,N/A,Cavity Wall,75,0.067,0.379104478,0.988,N/A,N/A,N/A,0.0018000000000000,0.0001690000000000,0.0000000000023300,0.0320000000000000,N/A,No,N/A,N/A,N/A,N/A,N/A,N/A,N/A,N/A,N/A,N/A,N/A,N/A,N/A,N/A,N/A,N/A,N/A
Insulation,Loose-fill insulation ,Fiberglass loose fill,CLF 2025 Material Baselines,https://buildingtransparency.org/ec3/epds/ec3x5u66,1.002304147,High-80th%,0.87,1,m2@RSI-1,N/A,N/A,N/A,Fiberglass Loose Fill Insulation,CertainTeed Saint-Gobain,TRUE,North America,7.12,kg/m3,999,Placeholder,d_sprayed,PLACEHOLDER,4,No,No,No,No,N/A,N/A,N/A,N/A,N/A,N/A,N/A,N/A,N/A,N/A,N/A,N/A,N/A,N/A,N/A,N/A,N/A,N/A,Cavity Wall,75,0.06,0.423333333,0.87,N/A,N/A,N/A,0.0016337557603687,0.0006514976958525,0.0000007397004608,0.0250576036866359,10.9251152073733000,No,N/A,N/A,N/A,N/A,N/A,N/A,N/A,N/A,N/A,N/A,N/A,N/A,N/A,N/A,N/A,N/A,N/A
Insulation,Loose-fill insulation ,Fiberglass loose fill,CLF 2025 Material Baselines,https://buildingtransparency.org/ec3/epds/ec3w8g7r,0.653357532,Low-20th%,0.36,1,m2@RSI-1,N/A,N/A,N/A,"Climate Pro, Attic Protector, JM Spider Plus",Johns Manville,TRUE,North America,23.23,kg/m3,999,Placeholder,d_sprayed,PLACEHOLDER,4,No,No,No,No,N/A,N/A,N/A,N/A,N/A,N/A,N/A,N/A,N/A,N/A,N/A,N/A,N/A,N/A,N/A,N/A,N/A,N/A,Cavity Wall,75,0.0198,1.282828283,0.36,N/A,N/A,N/A,0.0007186932849365,0.0000849364791289,0.0000000000009082,0.0138511796733212,0.7709618874773140,No,N/A,N/A,N/A,N/A,N/A,N/A,N/A,N/A,N/A,N/A,N/A,N/A,N/A,N/A,N/A,N/A,N/A
Insulation,Loose-fill insulation ,Cellulose loose fill,CLF 2025 Material Baselines,https://cellulose.org/wp-content/uploads/2022/09/CIMA-Environmental-Product-Declaration-Conventional-Loose-Fill-Cellulose-Insulation.pdf,1,Baseline,0.487,1,m2@RSI-1,Industry,single,industry data,"Loose-fill cellulose industry-average EPD (CIMA, 2019) ",Cellulose Insulation Manufacturers Association (CIMA). (2019). Industry-wide Type III EPD: Conventional Loose-Fill Cellulose Insulation. Sustainable Minds.,TRUE,North America,0.9,kg/m3,999,Placeholder,d_sprayed,PLACEHOLDER,4,No,No,No,No,N/A,N/A,N/A,N/A,N/A,N/A,N/A,N/A,N/A,N/A,N/A,N/A,N/A,N/A,N/A,N/A,N/A,N/A,Cavity Wall,75,0.0405,0.627160494,0.487,N/A,N/A,N/A,0.0032600000000000,0.0004220000000000,0.0000000720000000,0.0337000000000000,N/A,Yes,Null,Null,Null,Null,Null,Null,Null,Null,Null,Null,Null,Null,N/A,N/A,N/A,N/A,N/A
Insulation,Loose-fill insulation ,Cellulose loose fill,CLF 2025 Material Baselines,https://buildingtransparency.org/ec3/epds/ec3aydm4,1.009397842,High-80th%,0.29,1,m2@RSI-1,N/A,N/A,N/A,"Mesa, AZ - - SANCTUARY® by Greenfiber® Blow-In or Spray-Applied Insulation",Applegate-Greenfiber,TRUE,North America,17.1,kg/m3,999,Placeholder,d_sprayed,PLACEHOLDER,4,No,No,No,No,N/A,N/A,N/A,N/A,N/A,N/A,N/A,N/A,N/A,N/A,N/A,N/A,N/A,N/A,N/A,N/A,N/A,N/A,Cavity Wall,50,N/A,N/A,0.29,N/A,N/A,N/A,0.0016089801601114,0.0001728089105465,0.0000000360254090,0.0154437869822485,N/A,Yes,Null,Null,Null,Null,Null,Null,Null,Null,Null,Null,Null,Null,N/A,N/A,N/A,N/A,N/A
Insulation,Loose-fill insulation ,Cellulose loose fill,CLF 2025 Material Baselines,https://buildingtransparency.org/ec3/epds/ec3zjqrz,0.964785335,Low-20th%,0.2,1,m2@RSI-1,N/A,N/A,N/A,"Waco, TX - SANCTUARY® by Greenfiber® Blow-In or Spray-Applied Insulation",Applegate-Greenfiber,TRUE,North America,17.1,kg/m3,999,Placeholder,d_sprayed,PLACEHOLDER,4,No,No,No,No,N/A,N/A,N/A,N/A,N/A,N/A,N/A,N/A,N/A,N/A,N/A,N/A,N/A,N/A,N/A,N/A,N/A,N/A,Cavity Wall,50,N/A,N/A,0.2,N/A,N/A,N/A,0.0014027978774723,0.0001357452966715,0.0000000169705740,0.0133622768933912,N/A,Yes,Null,Null,Null,Null,Null,Null,Null,Null,Null,Null,Null,Null,N/A,N/A,N/A,N/A,N/A
Insulation,Loose-fill insulation ,Loose-fill insulation (all types),CLF 2025 Material Baselines,"Loose-fill mineral wool, fiberglass, and cellulose
industry-average EPDs (NAIMA, 2023g; NAIMA, 2023d;
CIMA, 2019). Unweighted average. Parent category
baseline",0.980683507,Baseline,1.1,1,m2@RSI-1,Industry,multi-unweighted,industry data,"Loose-fill mineral wool, fiberglass, and cellulose industry-average EPDs (NAIMA, 2023g; NAIMA, 2023d; CIMA, 2019). Unweighted average. Parent category baseline.","NAIMA. (2023). NAIMA Mineral Wool Insulation Industry Average EPD: Loose-Fill. Smart EPD.
NAIMA. (2023). Environmental Product Declaration: Fiberglass Loose Fill Insulation. Smart EPD.
Cellulose Insulation Manufacturers Association (CIMA). (2019). Industry-wide Type III EPD: Conventional Loose-Fill Cellulose Insulation. Sustainable Minds.",TRUE,North America,13.29666667,kg/m3,999,Placeholder,d_sprayed,PLACEHOLDER,4,No,No,No,No,N/A,N/A,N/A,N/A,N/A,N/A,N/A,N/A,N/A,N/A,N/A,N/A,N/A,N/A,N/A,N/A,N/A,N/A,Cavity Wall,N/A,N/A,N/A,1.1,N/A,N/A,N/A,0.0075054977711739,0.0015334621099554,0.0000000433469727,0.0467786032689450,N/A,No,N/A,N/A,N/A,N/A,N/A,N/A,N/A,N/A,N/A,N/A,N/A,N/A,N/A,N/A,N/A,N/A,N/A
Insulation,Loose-fill insulation ,Loose-fill insulation (all types),N/A,N/A,#VALUE!,High-80th%,N/A,N/A,N/A,N/A,N/A,N/A,N/A,N/A,N/A,N/A,N/A,N/A,999,Placeholder,d_sprayed,PLACEHOLDER,4,No,No,No,No,N/A,N/A,N/A,N/A,N/A,N/A,N/A,N/A,N/A,N/A,N/A,N/A,N/A,N/A,N/A,N/A,N/A,N/A,N/A,N/A,N/A,N/A,N/A,N/A,N/A,N/A,N/A,N/A,N/A,N/A,N/A,No,N/A,N/A,N/A,N/A,N/A,N/A,N/A,N/A,N/A,N/A,N/A,N/A,N/A,N/A,N/A,N/A,N/A
Insulation,Loose-fill insulation ,Loose-fill insulation (all types),N/A,N/A,#VALUE!,Low-20th%,N/A,N/A,N/A,N/A,N/A,N/A,N/A,N/A,N/A,N/A,N/A,N/A,999,Placeholder,d_sprayed,PLACEHOLDER,4,No,No,No,No,N/A,N/A,N/A,N/A,N/A,N/A,N/A,N/A,N/A,N/A,N/A,N/A,N/A,N/A,N/A,N/A,N/A,N/A,N/A,N/A,N/A,N/A,N/A,N/A,N/A,N/A,N/A,N/A,N/A,N/A,N/A,No,N/A,N/A,N/A,N/A,N/A,N/A,N/A,N/A,N/A,N/A,N/A,N/A,N/A,N/A,N/A,N/A,N/A
Insulation,Loose-fill insulation ,Sheep wool A,Product EPD,https://transparencycatalog.com/company/havelock-wool-insulation/showroom/havelock-wool-insulation/lca-results,#VALUE!,Example,N/A,1,m2@RSI-1,N/A,N/A,N/A,sustainable Minds,sustainable Minds,TRUE,US,24.98,kg/m3,999,Placeholder,d_sprayed,PLACEHOLDER,4,No,No,No,No,N/A,N/A,N/A,N/A,N/A,N/A,N/A,N/A,N/A,N/A,N/A,N/A,N/A,N/A,N/A,N/A,N/A,N/A,"Exterior Wall, Cavity Wall",75,0.0399,0.636591479,N/A,N/A,N/A,N/A,N/A,N/A,N/A,N/A,N/A,Yes,Null,Null,Null,Null,Null,Null,Null,Null,Null,Null,Null,Null,N/A,N/A,N/A,N/A,N/A
Insulation,Loose-fill insulation ,Sheep wool A,N/A,N/A,#VALUE!,High-80th%,N/A,N/A,N/A,N/A,N/A,N/A,N/A,N/A,N/A,N/A,N/A,N/A,999,Placeholder,d_sprayed,PLACEHOLDER,4,No,No,No,No,N/A,N/A,N/A,N/A,N/A,N/A,N/A,N/A,N/A,N/A,N/A,N/A,N/A,N/A,N/A,N/A,N/A,N/A,N/A,N/A,N/A,N/A,N/A,N/A,N/A,N/A,N/A,N/A,N/A,N/A,N/A,Yes,Null,Null,Null,Null,Null,Null,Null,Null,Null,Null,Null,Null,N/A,N/A,N/A,N/A,N/A
Insulation,Loose-fill insulation ,Sheep wool A,N/A,N/A,#VALUE!,Low-20th%,N/A,N/A,N/A,N/A,N/A,N/A,N/A,N/A,N/A,N/A,N/A,N/A,999,Placeholder,d_sprayed,PLACEHOLDER,4,No,No,No,No,N/A,N/A,N/A,N/A,N/A,N/A,N/A,N/A,N/A,N/A,N/A,N/A,N/A,N/A,N/A,N/A,N/A,N/A,N/A,N/A,N/A,N/A,N/A,N/A,N/A,N/A,N/A,N/A,N/A,N/A,N/A,Yes,Null,Null,Null,Null,Null,Null,Null,Null,Null,Null,Null,Null,N/A,N/A,N/A,N/A,N/A
Insulation,Loose-fill insulation ,Sheep wool B,Product EPD,"Profib Hemp fibre thermal batt insulation, Sustainable Minds",#VALUE!,Example,N/A,1,m2@RSI-1,N/A,N/A,N/A,sustainable Minds,sustainable Minds,TRUE,Canada,18.1,kg/m3,999,Placeholder,d_sprayed,PLACEHOLDER,4,No,No,No,No,N/A,N/A,N/A,N/A,N/A,N/A,N/A,N/A,N/A,N/A,N/A,N/A,N/A,N/A,N/A,N/A,N/A,N/A,Cavity Wall,75,0.0335,0.758208955,N/A,N/A,N/A,N/A,N/A,N/A,N/A,N/A,N/A,Yes,Null,Null,Null,Null,Null,Null,Null,Null,Null,Null,Null,Null,N/A,N/A,N/A,N/A,N/A
Insulation,Loose-fill insulation ,Sheep wool B,N/A,N/A,#VALUE!,High-80th%,N/A,N/A,N/A,N/A,N/A,N/A,N/A,N/A,N/A,N/A,N/A,N/A,999,Placeholder,d_sprayed,PLACEHOLDER,4,No,No,No,No,N/A,N/A,N/A,N/A,N/A,N/A,N/A,N/A,N/A,N/A,N/A,N/A,N/A,N/A,N/A,N/A,N/A,N/A,N/A,N/A,N/A,N/A,N/A,N/A,N/A,N/A,N/A,N/A,N/A,N/A,N/A,Yes,Null,Null,Null,Null,Null,Null,Null,Null,Null,Null,Null,Null,N/A,N/A,N/A,N/A,N/A
Insulation,Loose-fill insulation ,Sheep wool B,N/A,N/A,#VALUE!,Low-20th%,N/A,N/A,N/A,N/A,N/A,N/A,N/A,N/A,N/A,N/A,N/A,N/A,999,Placeholder,d_sprayed,PLACEHOLDER,4,No,No,No,No,N/A,N/A,N/A,N/A,N/A,N/A,N/A,N/A,N/A,N/A,N/A,N/A,N/A,N/A,N/A,N/A,N/A,N/A,N/A,N/A,N/A,N/A,N/A,N/A,N/A,N/A,N/A,N/A,N/A,N/A,N/A,Yes,Null,Null,Null,Null,Null,Null,Null,Null,Null,Null,Null,Null,N/A,N/A,N/A,N/A,N/A
Insulation,Blanket insulation ,Hemp,Product EPD,https://pcr-epd.s3.us-east-2.amazonaws.com/649.EPD_for_Natur_Chanv_Hemp_English_version.pdf,#VALUE!,Example,N/A,1,m2@RSI-1,N/A,N/A,N/A,ProFib Mat,ProFib Mat,TRUE,Canada,35,kg/m3,999,Placeholder,e_sheet_other,PLACEHOLDER,4,No,No,No,No,N/A,N/A,N/A,N/A,N/A,N/A,N/A,N/A,N/A,N/A,N/A,N/A,N/A,N/A,N/A,N/A,N/A,N/A,Exterior Wall,75,0.039,0.651282051,N/A,N/A,N/A,N/A,N/A,N/A,N/A,N/A,N/A,Yes,Null,Null,Null,Null,Null,Null,Null,Null,Null,Null,Null,Null,N/A,N/A,N/A,N/A,N/A
Insulation,Blanket insulation ,Hemp,N/A,N/A,#VALUE!,High-80th%,N/A,N/A,N/A,N/A,N/A,N/A,N/A,N/A,N/A,N/A,N/A,N/A,999,Placeholder,e_sheet_other,PLACEHOLDER,4,No,No,No,No,N/A,N/A,N/A,N/A,N/A,N/A,N/A,N/A,N/A,N/A,N/A,N/A,N/A,N/A,N/A,N/A,N/A,N/A,N/A,N/A,N/A,N/A,N/A,N/A,N/A,N/A,N/A,N/A,N/A,N/A,N/A,Yes,Null,Null,Null,Null,Null,Null,Null,Null,Null,Null,Null,Null,N/A,N/A,N/A,N/A,N/A
Insulation,Blanket insulation ,Hemp,N/A,N/A,#VALUE!,Low-20th%,N/A,N/A,N/A,N/A,N/A,N/A,N/A,N/A,N/A,N/A,N/A,N/A,999,Placeholder,e_sheet_other,PLACEHOLDER,4,No,No,No,No,N/A,N/A,N/A,N/A,N/A,N/A,N/A,N/A,N/A,N/A,N/A,N/A,N/A,N/A,N/A,N/A,N/A,N/A,N/A,N/A,N/A,N/A,N/A,N/A,N/A,N/A,N/A,N/A,N/A,N/A,N/A,Yes,Null,Null,Null,Null,Null,Null,Null,Null,Null,Null,Null,Null,N/A,N/A,N/A,N/A,N/A
Aluminum,Aluminum extrusions ,"Aluminum extrusions, mill finish",CLF 2025 Material Baselines,https://buildingtransparency.org/ec3/industry-epds/ec3s8xyh,1.004613419,Baseline,10300,1,metric ton,Industry,single,industry data,"Aluminum extrusions industry-average EPD (AEC, 2022a) ","Aluminum Extruders Council (AEC). (2022a). Environmental product declaration: Aluminum extrusions - mill finished, painted, and anodized. UL Environment.",TRUE,North America,2750,kg/m3,324,"Nonferrous metal, except precious, unwrought, or in finished basic shapes, or in powders orgranules.",e_length,aluminum,4,No,No,No,No,N/A,N/A,N/A,N/A,N/A,N/A,N/A,N/A,N/A,N/A,N/A,N/A,N/A,N/A,N/A,N/A,N/A,N/A,N/A,N/A,N/A,N/A,10300,N/A,N/A,N/A,37.6194573136832000,1.0326923639626600,0.0000002833009841,358.4058833282940000,106069.0939947530000000,No,N/A,N/A,N/A,N/A,N/A,N/A,N/A,N/A,N/A,N/A,N/A,N/A,N/A,N/A,N/A,N/A,N/A
Aluminum,Aluminum extrusions ,"Aluminum extrusions, mill finish",N/A,N/A,#VALUE!,High-80th%,N/A,N/A,N/A,N/A,N/A,N/A,N/A,N/A,N/A,N/A,N/A,N/A,324,"Nonferrous metal, except precious, unwrought, or in finished basic shapes, or in powders orgranules.",e_length,aluminum,4,No,No,No,No,N/A,N/A,N/A,N/A,N/A,N/A,N/A,N/A,N/A,N/A,N/A,N/A,N/A,N/A,N/A,N/A,N/A,N/A,N/A,N/A,N/A,N/A,N/A,N/A,N/A,N/A,N/A,N/A,N/A,N/A,N/A,No,N/A,N/A,N/A,N/A,N/A,N/A,N/A,N/A,N/A,N/A,N/A,N/A,N/A,N/A,N/A,N/A,N/A
Aluminum,Aluminum extrusions ,"Aluminum extrusions, mill finish",N/A,N/A,#VALUE!,Low-20th%,N/A,N/A,N/A,N/A,N/A,N/A,N/A,N/A,N/A,N/A,N/A,N/A,324,"Nonferrous metal, except precious, unwrought, or in finished basic shapes, or in powders orgranules.",e_length,aluminum,4,No,No,No,No,N/A,N/A,N/A,N/A,N/A,N/A,N/A,N/A,N/A,N/A,N/A,N/A,N/A,N/A,N/A,N/A,N/A,N/A,N/A,N/A,N/A,N/A,N/A,N/A,N/A,N/A,N/A,N/A,N/A,N/A,N/A,No,N/A,N/A,N/A,N/A,N/A,N/A,N/A,N/A,N/A,N/A,N/A,N/A,N/A,N/A,N/A,N/A,N/A
Aluminum,Aluminum extrusions ,"Aluminum extrusions, anodized",CLF 2025 Material Baselines,https://buildingtransparency.org/ec3/industry-epds/ec3s8xyh,1.00345635,Baseline,10800,1,metric ton,Industry,single,industry data,"Aluminum extrusions industry-average EPD (AEC, 2022a) ","Aluminum Extruders Council (AEC). (2022a). Environmental product declaration: Aluminum extrusions - mill finished, painted, and anodized. UL Environment.",TRUE,North America,2750,kg/m3,324,"Nonferrous metal, except precious, unwrought, or in finished basic shapes, or in powders orgranules.",e_length,aluminum,4,No,No,No,No,N/A,N/A,N/A,N/A,N/A,N/A,N/A,N/A,N/A,N/A,N/A,N/A,N/A,N/A,N/A,N/A,N/A,N/A,N/A,N/A,N/A,N/A,10800,N/A,N/A,N/A,39.0821161779463000,1.1228877243839900,0.0000006805320574,374.9715687367600000,112371.0558590700000000,No,N/A,N/A,N/A,N/A,N/A,N/A,N/A,N/A,N/A,N/A,N/A,N/A,N/A,N/A,N/A,N/A,N/A
Aluminum,Aluminum extrusions ,"Aluminum extrusions, anodized",N/A,N/A,#VALUE!,High-80th%,N/A,N/A,N/A,N/A,N/A,N/A,N/A,N/A,N/A,N/A,N/A,N/A,324,"Nonferrous metal, except precious, unwrought, or in finished basic shapes, or in powders orgranules.",e_length,aluminum,4,No,No,No,No,N/A,N/A,N/A,N/A,N/A,N/A,N/A,N/A,N/A,N/A,N/A,N/A,N/A,N/A,N/A,N/A,N/A,N/A,N/A,N/A,N/A,N/A,N/A,N/A,N/A,N/A,N/A,N/A,N/A,N/A,N/A,No,N/A,N/A,N/A,N/A,N/A,N/A,N/A,N/A,N/A,N/A,N/A,N/A,N/A,N/A,N/A,N/A,N/A
Aluminum,Aluminum extrusions ,"Aluminum extrusions, anodized",N/A,N/A,#VALUE!,Low-20th%,N/A,N/A,N/A,N/A,N/A,N/A,N/A,N/A,N/A,N/A,N/A,N/A,324,"Nonferrous metal, except precious, unwrought, or in finished basic shapes, or in powders orgranules.",e_length,aluminum,4,No,No,No,No,N/A,N/A,N/A,N/A,N/A,N/A,N/A,N/A,N/A,N/A,N/A,N/A,N/A,N/A,N/A,N/A,N/A,N/A,N/A,N/A,N/A,N/A,N/A,N/A,N/A,N/A,N/A,N/A,N/A,N/A,N/A,No,N/A,N/A,N/A,N/A,N/A,N/A,N/A,N/A,N/A,N/A,N/A,N/A,N/A,N/A,N/A,N/A,N/A
Aluminum,Aluminum extrusions ,"Aluminum extrusions, painted",CLF 2025 Material Baselines,https://buildingtransparency.org/ec3/industry-epds/ec3s8xyh,1.00231303,Baseline,11700,1,metric ton,Industry,single,industry data,"Aluminum extrusions industry-average EPD (AEC, 2022a) ","Aluminum Extruders Council (AEC). (2022a). Environmental product declaration: Aluminum extrusions - mill finished, painted, and anodized. UL Environment.",TRUE,North America,2750,kg/m3,324,"Nonferrous metal, except precious, unwrought, or in finished basic shapes, or in powders orgranules.",e_length,aluminum,4,No,No,No,No,N/A,N/A,N/A,N/A,N/A,N/A,N/A,N/A,N/A,N/A,N/A,N/A,N/A,N/A,N/A,N/A,N/A,N/A,N/A,N/A,N/A,N/A,11700,N/A,N/A,N/A,40.1193831919815000,1.2118966846569000,0.0000112760215909,396.8257517347730000,127279.7224363920000000,No,N/A,N/A,N/A,N/A,N/A,N/A,N/A,N/A,N/A,N/A,N/A,N/A,N/A,N/A,N/A,N/A,N/A
Aluminum,Aluminum extrusions ,"Aluminum extrusions, painted",N/A,N/A,#VALUE!,High-80th%,N/A,N/A,N/A,N/A,N/A,N/A,N/A,N/A,N/A,N/A,N/A,N/A,324,"Nonferrous metal, except precious, unwrought, or in finished basic shapes, or in powders orgranules.",e_length,aluminum,4,No,No,No,No,N/A,N/A,N/A,N/A,N/A,N/A,N/A,N/A,N/A,N/A,N/A,N/A,N/A,N/A,N/A,N/A,N/A,N/A,N/A,N/A,N/A,N/A,N/A,N/A,N/A,N/A,N/A,N/A,N/A,N/A,N/A,No,N/A,N/A,N/A,N/A,N/A,N/A,N/A,N/A,N/A,N/A,N/A,N/A,N/A,N/A,N/A,N/A,N/A
Aluminum,Aluminum extrusions ,"Aluminum extrusions, painted",N/A,N/A,#VALUE!,Low-20th%,N/A,N/A,N/A,N/A,N/A,N/A,N/A,N/A,N/A,N/A,N/A,N/A,324,"Nonferrous metal, except precious, unwrought, or in finished basic shapes, or in powders orgranules.",e_length,aluminum,4,No,No,No,No,N/A,N/A,N/A,N/A,N/A,N/A,N/A,N/A,N/A,N/A,N/A,N/A,N/A,N/A,N/A,N/A,N/A,N/A,N/A,N/A,N/A,N/A,N/A,N/A,N/A,N/A,N/A,N/A,N/A,N/A,N/A,No,N/A,N/A,N/A,N/A,N/A,N/A,N/A,N/A,N/A,N/A,N/A,N/A,N/A,N/A,N/A,N/A,N/A
Aluminum,Aluminum extrusions ,"Aluminum extrusions, thermally improved, anodized",CLF 2025 Material Baselines,https://bonnellaluminum.com/media/nrli2srz/101-1_epd_aec_2022-thermally-treated.pdf,1.000296698,Baseline,11800,1,metric ton,Industry,single,industry data,"Thermally improved aluminum extrusions industry-average EPD (AEC, 2022b) ",Aluminum Extruders Council (AEC). (2022b). Environmental product declaration: Thermally improved aluminum extrusions - painted and anodized. UL Environment.,TRUE,North America,2750,kg/m3,324,"Nonferrous metal, except precious, unwrought, or in finished basic shapes, or in powders orgranules.",e_length,aluminum,4,No,No,No,No,N/A,N/A,N/A,N/A,N/A,N/A,N/A,N/A,N/A,N/A,N/A,N/A,N/A,N/A,N/A,N/A,N/A,N/A,N/A,N/A,N/A,N/A,11800,N/A,N/A,N/A,40.0898910693850000,1.3941135082439700,0.0000010533124286,396.4275844530160000,129621.4470393760000000,No,N/A,N/A,N/A,N/A,N/A,N/A,N/A,N/A,N/A,N/A,N/A,N/A,N/A,N/A,N/A,N/A,N/A
Aluminum,Aluminum extrusions ,"Aluminum extrusions, thermally improved, anodized",N/A,N/A,#VALUE!,High-80th%,N/A,N/A,N/A,N/A,N/A,N/A,N/A,N/A,N/A,N/A,N/A,N/A,324,"Nonferrous metal, except precious, unwrought, or in finished basic shapes, or in powders orgranules.",e_length,aluminum,4,No,No,No,No,N/A,N/A,N/A,N/A,N/A,N/A,N/A,N/A,N/A,N/A,N/A,N/A,N/A,N/A,N/A,N/A,N/A,N/A,N/A,N/A,N/A,N/A,N/A,N/A,N/A,N/A,N/A,N/A,N/A,N/A,N/A,No,N/A,N/A,N/A,N/A,N/A,N/A,N/A,N/A,N/A,N/A,N/A,N/A,N/A,N/A,N/A,N/A,N/A
Aluminum,Aluminum extrusions ,"Aluminum extrusions, thermally improved, anodized",N/A,N/A,#VALUE!,Low-20th%,N/A,N/A,N/A,N/A,N/A,N/A,N/A,N/A,N/A,N/A,N/A,N/A,324,"Nonferrous metal, except precious, unwrought, or in finished basic shapes, or in powders orgranules.",e_length,aluminum,4,No,No,No,No,N/A,N/A,N/A,N/A,N/A,N/A,N/A,N/A,N/A,N/A,N/A,N/A,N/A,N/A,N/A,N/A,N/A,N/A,N/A,N/A,N/A,N/A,N/A,N/A,N/A,N/A,N/A,N/A,N/A,N/A,N/A,No,N/A,N/A,N/A,N/A,N/A,N/A,N/A,N/A,N/A,N/A,N/A,N/A,N/A,N/A,N/A,N/A,N/A
Aluminum,Aluminum extrusions ,"Aluminum extrusions, thermally improved, painted",CLF 2025 Material Baselines,https://bonnellaluminum.com/media/nrli2srz/101-1_epd_aec_2022-thermally-treated.pdf,1.000267788,Baseline,12700,1,metric ton,Industry,single,industry data,"Thermally improved aluminum extrusions industry-average EPD (AEC, 2022b) ",Aluminum Extruders Council (AEC). (2022b). Environmental product declaration: Thermally improved aluminum extrusions - painted and anodized. UL Environment.,TRUE,North America,2750,kg/m3,324,"Nonferrous metal, except precious, unwrought, or in finished basic shapes, or in powders orgranules.",e_length,aluminum,4,No,No,No,No,N/A,N/A,N/A,N/A,N/A,N/A,N/A,N/A,N/A,N/A,N/A,N/A,N/A,N/A,N/A,N/A,N/A,N/A,N/A,N/A,N/A,N/A,12700,N/A,N/A,N/A,41.1700218956256000,1.4831970763826500,0.0000116131090268,417.5517855173830000,144724.7452073780000000,No,N/A,N/A,N/A,N/A,N/A,N/A,N/A,N/A,N/A,N/A,N/A,N/A,N/A,N/A,N/A,N/A,N/A
Aluminum,Aluminum extrusions ,"Aluminum extrusions, thermally improved, painted",N/A,N/A,#VALUE!,High-80th%,N/A,N/A,N/A,N/A,N/A,N/A,N/A,N/A,N/A,N/A,N/A,N/A,324,"Nonferrous metal, except precious, unwrought, or in finished basic shapes, or in powders orgranules.",e_length,aluminum,4,No,No,No,No,N/A,N/A,N/A,N/A,N/A,N/A,N/A,N/A,N/A,N/A,N/A,N/A,N/A,N/A,N/A,N/A,N/A,N/A,N/A,N/A,N/A,N/A,N/A,N/A,N/A,N/A,N/A,N/A,N/A,N/A,N/A,No,N/A,N/A,N/A,N/A,N/A,N/A,N/A,N/A,N/A,N/A,N/A,N/A,N/A,N/A,N/A,N/A,N/A
Aluminum,Aluminum extrusions ,"Aluminum extrusions, thermally improved, painted",N/A,N/A,#VALUE!,Low-20th%,N/A,N/A,N/A,N/A,N/A,N/A,N/A,N/A,N/A,N/A,N/A,N/A,324,"Nonferrous metal, except precious, unwrought, or in finished basic shapes, or in powders orgranules.",e_length,aluminum,4,No,No,No,No,N/A,N/A,N/A,N/A,N/A,N/A,N/A,N/A,N/A,N/A,N/A,N/A,N/A,N/A,N/A,N/A,N/A,N/A,N/A,N/A,N/A,N/A,N/A,N/A,N/A,N/A,N/A,N/A,N/A,N/A,N/A,No,N/A,N/A,N/A,N/A,N/A,N/A,N/A,N/A,N/A,N/A,N/A,N/A,N/A,N/A,N/A,N/A,N/A
Aluminum,Aluminum sheet,Aluminum sheet,CLF 2025 Material Baselines,https://www.aluminum.org/sites/default/files/2022-10/103.1_EPD_AA_Sheet.pdf,1,Baseline,3820,1,metric ton,Industry,single,industry data,"Aluminum sheet industry-average EPD (AA, 2022) ",Aluminum Association. (2022). Environmental Product Declaration: Aluminum Sheet.,TRUE,North America,2750,kg/m3,324,"Nonferrous metal, except precious, unwrought, or in finished basic shapes, or in powders orgranules.",e_sheet_metal,aluminum,4,No,No,No,No,N/A,N/A,N/A,N/A,N/A,N/A,N/A,N/A,N/A,N/A,N/A,N/A,N/A,N/A,N/A,N/A,N/A,N/A,N/A,N/A,N/A,N/A,3820,N/A,N/A,N/A,13.0000000000000000,0.3830000000000000,0.0000000447000000,135.0000000000000000,4660.0000000000000000,No,N/A,N/A,N/A,N/A,N/A,N/A,N/A,N/A,N/A,N/A,N/A,N/A,N/A,N/A,N/A,N/A,N/A
Aluminum,Aluminum sheet,Aluminum sheet,N/A,N/A,#VALUE!,High-80th%,N/A,N/A,N/A,N/A,N/A,N/A,N/A,N/A,N/A,N/A,N/A,N/A,324,"Nonferrous metal, except precious, unwrought, or in finished basic shapes, or in powders orgranules.",e_sheet_metal,aluminum,4,No,No,No,No,N/A,N/A,N/A,N/A,N/A,N/A,N/A,N/A,N/A,N/A,N/A,N/A,N/A,N/A,N/A,N/A,N/A,N/A,N/A,N/A,N/A,N/A,N/A,N/A,N/A,N/A,N/A,N/A,N/A,N/A,N/A,No,N/A,N/A,N/A,N/A,N/A,N/A,N/A,N/A,N/A,N/A,N/A,N/A,N/A,N/A,N/A,N/A,N/A
Aluminum,Aluminum sheet,Aluminum sheet,N/A,N/A,#VALUE!,Low-20th%,N/A,N/A,N/A,N/A,N/A,N/A,N/A,N/A,N/A,N/A,N/A,N/A,324,"Nonferrous metal, except precious, unwrought, or in finished basic shapes, or in powders orgranules.",e_sheet_metal,aluminum,4,No,No,No,No,N/A,N/A,N/A,N/A,N/A,N/A,N/A,N/A,N/A,N/A,N/A,N/A,N/A,N/A,N/A,N/A,N/A,N/A,N/A,N/A,N/A,N/A,N/A,N/A,N/A,N/A,N/A,N/A,N/A,N/A,N/A,No,N/A,N/A,N/A,N/A,N/A,N/A,N/A,N/A,N/A,N/A,N/A,N/A,N/A,N/A,N/A,N/A,N/A
Masonry,Concrete masonry units,"CMU, USA, normal weight, f'm=2000psi",CLF 2025 Material Baselines,https://buildingtransparency.org/ec3/industry-epds/ec3bsby7,1,Baseline,208,1,m3,Industry,single,industry data,"USA CMU industry-average EPD (CMHA, 2024) ",Concrete Masonry and Hardscapes Association (CMHA). (2024). Environmental Product Declaration for Concrete Masonry Units as Manufactured by Members of Concrete Masonry & Hardscapes Association (CMHA). ASTM.,FALSE,US,2000,kg/m3,999,Placeholder,e_block,concrete,4,No,No,No,No,N/A,N/A,N/A,N/A,N/A,N/A,N/A,N/A,N/A,N/A,N/A,N/A,N/A,N/A,N/A,N/A,2000,regular,N/A,N/A,N/A,N/A,208,N/A,N/A,N/A,0.8310000000000000,0.3650000000000000,0.0000069400000000,16.3000000000000000,1030.0000000000000000,No,N/A,N/A,N/A,N/A,N/A,N/A,N/A,N/A,N/A,N/A,N/A,N/A,N/A,N/A,N/A,N/A,N/A
Masonry,Concrete masonry units,"CMU, USA, normal weight, f'm=2000psi",N/A,N/A,#VALUE!,High-80th%,N/A,N/A,N/A,N/A,N/A,N/A,N/A,N/A,N/A,N/A,N/A,N/A,999,Placeholder,e_block,concrete,4,No,No,No,No,N/A,N/A,N/A,N/A,N/A,N/A,N/A,N/A,N/A,N/A,N/A,N/A,N/A,N/A,N/A,N/A,N/A,N/A,N/A,N/A,N/A,N/A,N/A,N/A,N/A,N/A,N/A,N/A,N/A,N/A,N/A,No,N/A,N/A,N/A,N/A,N/A,N/A,N/A,N/A,N/A,N/A,N/A,N/A,N/A,N/A,N/A,N/A,N/A
Masonry,Concrete masonry units,"CMU, USA, normal weight, f'm=2000psi",N/A,N/A,#VALUE!,Low-20th%,N/A,N/A,N/A,N/A,N/A,N/A,N/A,N/A,N/A,N/A,N/A,N/A,999,Placeholder,e_block,concrete,4,No,No,No,No,N/A,N/A,N/A,N/A,N/A,N/A,N/A,N/A,N/A,N/A,N/A,N/A,N/A,N/A,N/A,N/A,N/A,N/A,N/A,N/A,N/A,N/A,N/A,N/A,N/A,N/A,N/A,N/A,N/A,N/A,N/A,No,N/A,N/A,N/A,N/A,N/A,N/A,N/A,N/A,N/A,N/A,N/A,N/A,N/A,N/A,N/A,N/A,N/A
Masonry,Concrete masonry units,"CMU, USA, normal weight, f'm=2500psi",CLF 2025 Material Baselines,https://buildingtransparency.org/ec3/industry-epds/ec3bsby7,1,Baseline,232,1,m3,Industry,single,industry data,"USA CMU industry-average EPD (CMHA, 2024) ",Concrete Masonry and Hardscapes Association (CMHA). (2024). Environmental Product Declaration for Concrete Masonry Units as Manufactured by Members of Concrete Masonry & Hardscapes Association (CMHA). ASTM.,FALSE,US,2000,kg/m3,999,Placeholder,e_block,concrete,4,No,No,No,No,N/A,N/A,N/A,N/A,N/A,N/A,N/A,N/A,N/A,N/A,N/A,N/A,N/A,N/A,N/A,N/A,2500,regular,N/A,N/A,N/A,N/A,232,N/A,N/A,N/A,0.7420000000000000,0.4000000000000000,0.0000071900000000,14.7000000000000000,976.0000000000000000,No,N/A,N/A,N/A,N/A,N/A,N/A,N/A,N/A,N/A,N/A,N/A,N/A,N/A,N/A,N/A,N/A,N/A
Masonry,Concrete masonry units,"CMU, USA, normal weight, f'm=2500psi",N/A,N/A,#VALUE!,High-80th%,N/A,N/A,N/A,N/A,N/A,N/A,N/A,N/A,N/A,N/A,N/A,N/A,999,Placeholder,e_block,concrete,4,No,No,No,No,N/A,N/A,N/A,N/A,N/A,N/A,N/A,N/A,N/A,N/A,N/A,N/A,N/A,N/A,N/A,N/A,N/A,N/A,N/A,N/A,N/A,N/A,N/A,N/A,N/A,N/A,N/A,N/A,N/A,N/A,N/A,No,N/A,N/A,N/A,N/A,N/A,N/A,N/A,N/A,N/A,N/A,N/A,N/A,N/A,N/A,N/A,N/A,N/A
Masonry,Concrete masonry units,"CMU, USA, normal weight, f'm=2500psi",N/A,N/A,#VALUE!,Low-20th%,N/A,N/A,N/A,N/A,N/A,N/A,N/A,N/A,N/A,N/A,N/A,N/A,999,Placeholder,e_block,concrete,4,No,No,No,No,N/A,N/A,N/A,N/A,N/A,N/A,N/A,N/A,N/A,N/A,N/A,N/A,N/A,N/A,N/A,N/A,N/A,N/A,N/A,N/A,N/A,N/A,N/A,N/A,N/A,N/A,N/A,N/A,N/A,N/A,N/A,No,N/A,N/A,N/A,N/A,N/A,N/A,N/A,N/A,N/A,N/A,N/A,N/A,N/A,N/A,N/A,N/A,N/A
Masonry,Concrete masonry units,"CMU, USA, normal weight, f'm=3000psi",CLF 2025 Material Baselines,https://buildingtransparency.org/ec3/industry-epds/ec3bsby7,1,Baseline,241,1,m3,Industry,single,industry data,"USA CMU industry-average EPD (CMHA, 2024) ",Concrete Masonry and Hardscapes Association (CMHA). (2024). Environmental Product Declaration for Concrete Masonry Units as Manufactured by Members of Concrete Masonry & Hardscapes Association (CMHA). ASTM.,FALSE,US,2000,kg/m3,999,Placeholder,e_block,concrete,4,No,No,No,No,N/A,N/A,N/A,N/A,N/A,N/A,N/A,N/A,N/A,N/A,N/A,N/A,N/A,N/A,N/A,N/A,3000,regular,N/A,N/A,N/A,N/A,241,N/A,N/A,N/A,0.7790000000000000,0.4090000000000000,0.0000071800000000,14.8000000000000000,1020.0000000000000000,No,N/A,N/A,N/A,N/A,N/A,N/A,N/A,N/A,N/A,N/A,N/A,N/A,N/A,N/A,N/A,N/A,N/A
Masonry,Concrete masonry units,"CMU, USA, normal weight, f'm=3000psi",N/A,N/A,#VALUE!,High-80th%,N/A,N/A,N/A,N/A,N/A,N/A,N/A,N/A,N/A,N/A,N/A,N/A,999,Placeholder,e_block,concrete,4,No,No,No,No,N/A,N/A,N/A,N/A,N/A,N/A,N/A,N/A,N/A,N/A,N/A,N/A,N/A,N/A,N/A,N/A,N/A,N/A,N/A,N/A,N/A,N/A,N/A,N/A,N/A,N/A,N/A,N/A,N/A,N/A,N/A,No,N/A,N/A,N/A,N/A,N/A,N/A,N/A,N/A,N/A,N/A,N/A,N/A,N/A,N/A,N/A,N/A,N/A
Masonry,Concrete masonry units,"CMU, USA, normal weight, f'm=3000psi",N/A,N/A,#VALUE!,Low-20th%,N/A,N/A,N/A,N/A,N/A,N/A,N/A,N/A,N/A,N/A,N/A,N/A,999,Placeholder,e_block,concrete,4,No,No,No,No,N/A,N/A,N/A,N/A,N/A,N/A,N/A,N/A,N/A,N/A,N/A,N/A,N/A,N/A,N/A,N/A,N/A,N/A,N/A,N/A,N/A,N/A,N/A,N/A,N/A,N/A,N/A,N/A,N/A,N/A,N/A,No,N/A,N/A,N/A,N/A,N/A,N/A,N/A,N/A,N/A,N/A,N/A,N/A,N/A,N/A,N/A,N/A,N/A
Masonry,Concrete masonry units,"CMU, USA, medium weight, manufactured aggregate",CLF 2025 Material Baselines,https://buildingtransparency.org/ec3/industry-epds/ec3bsby7,1,Baseline,360,1,m3,Industry,single,industry data,"USA CMU industry-average EPD (CMHA, 2024) ",Concrete Masonry and Hardscapes Association (CMHA). (2024). Environmental Product Declaration for Concrete Masonry Units as Manufactured by Members of Concrete Masonry & Hardscapes Association (CMHA). ASTM.,FALSE,US,1841,kg/m3,999,Placeholder,e_block,concrete,4,No,No,No,No,N/A,N/A,N/A,N/A,N/A,N/A,N/A,N/A,N/A,N/A,N/A,N/A,N/A,N/A,N/A,N/A,2000,medium,N/A,N/A,N/A,N/A,360,N/A,N/A,N/A,1.7300000000000000,0.5500000000000000,0.0000276000000000,23.8000000000000000,3150.0000000000000000,No,N/A,N/A,N/A,N/A,N/A,N/A,N/A,N/A,N/A,N/A,N/A,N/A,N/A,N/A,N/A,N/A,N/A
Masonry,Concrete masonry units,"CMU, USA, medium weight, manufactured aggregate",N/A,N/A,#VALUE!,High-80th%,N/A,N/A,N/A,N/A,N/A,N/A,N/A,N/A,N/A,N/A,N/A,N/A,999,Placeholder,e_block,concrete,4,No,No,No,No,N/A,N/A,N/A,N/A,N/A,N/A,N/A,N/A,N/A,N/A,N/A,N/A,N/A,N/A,N/A,N/A,N/A,N/A,N/A,N/A,N/A,N/A,N/A,N/A,N/A,N/A,N/A,N/A,N/A,N/A,N/A,No,N/A,N/A,N/A,N/A,N/A,N/A,N/A,N/A,N/A,N/A,N/A,N/A,N/A,N/A,N/A,N/A,N/A
Masonry,Concrete masonry units,"CMU, USA, medium weight, manufactured aggregate",N/A,N/A,#VALUE!,Low-20th%,N/A,N/A,N/A,N/A,N/A,N/A,N/A,N/A,N/A,N/A,N/A,N/A,999,Placeholder,e_block,concrete,4,No,No,No,No,N/A,N/A,N/A,N/A,N/A,N/A,N/A,N/A,N/A,N/A,N/A,N/A,N/A,N/A,N/A,N/A,N/A,N/A,N/A,N/A,N/A,N/A,N/A,N/A,N/A,N/A,N/A,N/A,N/A,N/A,N/A,No,N/A,N/A,N/A,N/A,N/A,N/A,N/A,N/A,N/A,N/A,N/A,N/A,N/A,N/A,N/A,N/A,N/A
Masonry,Concrete masonry units,"CMU, USA, medium weight, natural aggregate and industrial byproducts",CLF 2025 Material Baselines,https://buildingtransparency.org/ec3/industry-epds/ec3bsby7,1,Baseline,244,1,m3,Industry,single,industry data,"USA CMU industry-average EPD (CMHA, 2024) ",Concrete Masonry and Hardscapes Association (CMHA). (2024). Environmental Product Declaration for Concrete Masonry Units as Manufactured by Members of Concrete Masonry & Hardscapes Association (CMHA). ASTM.,FALSE,US,1841,kg/m3,999,Placeholder,e_block,concrete,4,No,No,No,No,N/A,N/A,N/A,N/A,N/A,N/A,N/A,N/A,N/A,N/A,N/A,N/A,N/A,N/A,N/A,N/A,2250,medium,N/A,N/A,N/A,N/A,244,N/A,N/A,N/A,1.0400000000000000,0.4190000000000000,0.0000070300000000,22.5000000000000000,1380.0000000000000000,No,N/A,N/A,N/A,N/A,N/A,N/A,N/A,N/A,N/A,N/A,N/A,N/A,N/A,N/A,N/A,N/A,N/A
Masonry,Concrete masonry units,"CMU, USA, medium weight, natural aggregate and industrial byproducts",N/A,N/A,#VALUE!,High-80th%,N/A,N/A,N/A,N/A,N/A,N/A,N/A,N/A,N/A,N/A,N/A,N/A,999,Placeholder,e_block,concrete,4,No,No,No,No,N/A,N/A,N/A,N/A,N/A,N/A,N/A,N/A,N/A,N/A,N/A,N/A,N/A,N/A,N/A,N/A,N/A,N/A,N/A,N/A,N/A,N/A,N/A,N/A,N/A,N/A,N/A,N/A,N/A,N/A,N/A,No,N/A,N/A,N/A,N/A,N/A,N/A,N/A,N/A,N/A,N/A,N/A,N/A,N/A,N/A,N/A,N/A,N/A
Masonry,Concrete masonry units,"CMU, USA, medium weight, natural aggregate and industrial byproducts",N/A,N/A,#VALUE!,Low-20th%,N/A,N/A,N/A,N/A,N/A,N/A,N/A,N/A,N/A,N/A,N/A,N/A,999,Placeholder,e_block,concrete,4,No,No,No,No,N/A,N/A,N/A,N/A,N/A,N/A,N/A,N/A,N/A,N/A,N/A,N/A,N/A,N/A,N/A,N/A,N/A,N/A,N/A,N/A,N/A,N/A,N/A,N/A,N/A,N/A,N/A,N/A,N/A,N/A,N/A,No,N/A,N/A,N/A,N/A,N/A,N/A,N/A,N/A,N/A,N/A,N/A,N/A,N/A,N/A,N/A,N/A,N/A
Masonry,Concrete masonry units,"CMU, USA, medium weight",CLF 2025 Material Baselines,"USA CMU industry-average EPD (CMHA, 2024). Unweighted average of medium-weight subtype values. Parent category baseline",0.993377483,Baseline,300,1,m3,Industry,multi-unweighted,industry data,"USA CMU industry-average EPD (CMHA, 2024). Unweighted average of medium-weight subtype values.  Parent category baseline.",Concrete Masonry and Hardscapes Association (CMHA). (2024). Environmental Product Declaration for Concrete Masonry Units as Manufactured by Members of Concrete Masonry & Hardscapes Association (CMHA). ASTM.,FALSE,US,1841,kg/m3,999,Placeholder,e_block,concrete,4,No,No,No,No,N/A,N/A,N/A,N/A,N/A,N/A,N/A,N/A,N/A,N/A,N/A,N/A,N/A,N/A,N/A,N/A,2250,medium,N/A,N/A,N/A,N/A,300,N/A,N/A,N/A,1.3758278145695400,0.4812913907284770,0.0000172003311258,22.9966887417219000,2250.0000000000000000,No,N/A,N/A,N/A,N/A,N/A,N/A,N/A,N/A,N/A,N/A,N/A,N/A,N/A,N/A,N/A,N/A,N/A
Masonry,Concrete masonry units,"CMU, USA, medium weight",N/A,N/A,#VALUE!,High-80th%,N/A,N/A,N/A,N/A,N/A,N/A,N/A,N/A,N/A,N/A,N/A,N/A,999,Placeholder,e_block,concrete,4,No,No,No,No,N/A,N/A,N/A,N/A,N/A,N/A,N/A,N/A,N/A,N/A,N/A,N/A,N/A,N/A,N/A,N/A,N/A,N/A,N/A,N/A,N/A,N/A,N/A,N/A,N/A,N/A,N/A,N/A,N/A,N/A,N/A,No,N/A,N/A,N/A,N/A,N/A,N/A,N/A,N/A,N/A,N/A,N/A,N/A,N/A,N/A,N/A,N/A,N/A
Masonry,Concrete masonry units,"CMU, USA, medium weight",N/A,N/A,#VALUE!,Low-20th%,N/A,N/A,N/A,N/A,N/A,N/A,N/A,N/A,N/A,N/A,N/A,N/A,999,Placeholder,e_block,concrete,4,No,No,No,No,N/A,N/A,N/A,N/A,N/A,N/A,N/A,N/A,N/A,N/A,N/A,N/A,N/A,N/A,N/A,N/A,N/A,N/A,N/A,N/A,N/A,N/A,N/A,N/A,N/A,N/A,N/A,N/A,N/A,N/A,N/A,No,N/A,N/A,N/A,N/A,N/A,N/A,N/A,N/A,N/A,N/A,N/A,N/A,N/A,N/A,N/A,N/A,N/A
Masonry,Concrete masonry units,"CMU, USA, lightweight, manufactured aggregate",CLF 2025 Material Baselines,https://buildingtransparency.org/ec3/industry-epds/ec3bsby7,1,Baseline,395,1,m3,Industry,single,industry data,"USA CMU industry-average EPD (CMHA, 2024) ",Concrete Masonry and Hardscapes Association (CMHA). (2024). Environmental Product Declaration for Concrete Masonry Units as Manufactured by Members of Concrete Masonry & Hardscapes Association (CMHA). ASTM.,FALSE,US,1680,kg/m3,999,Placeholder,e_block,concrete,4,No,No,No,No,N/A,N/A,N/A,N/A,N/A,N/A,N/A,N/A,N/A,N/A,N/A,N/A,N/A,N/A,N/A,N/A,2250,light weight,N/A,N/A,N/A,N/A,395,N/A,N/A,N/A,1.9300000000000000,0.5330000000000000,0.0000304000000000,26.6000000000000000,3280.0000000000000000,No,N/A,N/A,N/A,N/A,N/A,N/A,N/A,N/A,N/A,N/A,N/A,N/A,N/A,N/A,N/A,N/A,N/A
Masonry,Concrete masonry units,"CMU, USA, lightweight, manufactured aggregate",N/A,N/A,#VALUE!,High-80th%,N/A,N/A,N/A,N/A,N/A,N/A,N/A,N/A,N/A,N/A,N/A,N/A,999,Placeholder,e_block,concrete,4,No,No,No,No,N/A,N/A,N/A,N/A,N/A,N/A,N/A,N/A,N/A,N/A,N/A,N/A,N/A,N/A,N/A,N/A,N/A,N/A,N/A,N/A,N/A,N/A,N/A,N/A,N/A,N/A,N/A,N/A,N/A,N/A,N/A,No,N/A,N/A,N/A,N/A,N/A,N/A,N/A,N/A,N/A,N/A,N/A,N/A,N/A,N/A,N/A,N/A,N/A
Masonry,Concrete masonry units,"CMU, USA, lightweight, manufactured aggregate",N/A,N/A,#VALUE!,Low-20th%,N/A,N/A,N/A,N/A,N/A,N/A,N/A,N/A,N/A,N/A,N/A,N/A,999,Placeholder,e_block,concrete,4,No,No,No,No,N/A,N/A,N/A,N/A,N/A,N/A,N/A,N/A,N/A,N/A,N/A,N/A,N/A,N/A,N/A,N/A,N/A,N/A,N/A,N/A,N/A,N/A,N/A,N/A,N/A,N/A,N/A,N/A,N/A,N/A,N/A,No,N/A,N/A,N/A,N/A,N/A,N/A,N/A,N/A,N/A,N/A,N/A,N/A,N/A,N/A,N/A,N/A,N/A
Masonry,Concrete masonry units,"CMU, USA, lightweight, natural aggregate and industrial byproducts",CLF 2025 Material Baselines,https://buildingtransparency.org/ec3/industry-epds/ec3bsby7,1,Baseline,286,1,m3,Industry,single,industry data,"USA CMU industry-average EPD (CMHA, 2024) ",Concrete Masonry and Hardscapes Association (CMHA). (2024). Environmental Product Declaration for Concrete Masonry Units as Manufactured by Members of Concrete Masonry & Hardscapes Association (CMHA). ASTM.,FALSE,US,1680,kg/m3,999,Placeholder,e_block,concrete,4,No,No,No,No,N/A,N/A,N/A,N/A,N/A,N/A,N/A,N/A,N/A,N/A,N/A,N/A,N/A,N/A,N/A,N/A,2000,light weight,N/A,N/A,N/A,N/A,286,N/A,N/A,N/A,1.7000000000000000,0.4560000000000000,0.0000067700000000,40.3000000000000000,2090.0000000000000000,No,N/A,N/A,N/A,N/A,N/A,N/A,N/A,N/A,N/A,N/A,N/A,N/A,N/A,N/A,N/A,N/A,N/A
Masonry,Concrete masonry units,"CMU, USA, lightweight, natural aggregate and industrial byproducts",N/A,N/A,#VALUE!,High-80th%,N/A,N/A,N/A,N/A,N/A,N/A,N/A,N/A,N/A,N/A,N/A,N/A,999,Placeholder,e_block,concrete,4,No,No,No,No,N/A,N/A,N/A,N/A,N/A,N/A,N/A,N/A,N/A,N/A,N/A,N/A,N/A,N/A,N/A,N/A,N/A,N/A,N/A,N/A,N/A,N/A,N/A,N/A,N/A,N/A,N/A,N/A,N/A,N/A,N/A,No,N/A,N/A,N/A,N/A,N/A,N/A,N/A,N/A,N/A,N/A,N/A,N/A,N/A,N/A,N/A,N/A,N/A
Masonry,Concrete masonry units,"CMU, USA, lightweight, natural aggregate and industrial byproducts",N/A,N/A,#VALUE!,Low-20th%,N/A,N/A,N/A,N/A,N/A,N/A,N/A,N/A,N/A,N/A,N/A,N/A,999,Placeholder,e_block,concrete,4,No,No,No,No,N/A,N/A,N/A,N/A,N/A,N/A,N/A,N/A,N/A,N/A,N/A,N/A,N/A,N/A,N/A,N/A,N/A,N/A,N/A,N/A,N/A,N/A,N/A,N/A,N/A,N/A,N/A,N/A,N/A,N/A,N/A,No,N/A,N/A,N/A,N/A,N/A,N/A,N/A,N/A,N/A,N/A,N/A,N/A,N/A,N/A,N/A,N/A,N/A
Masonry,Concrete masonry units,"CMU, USA, lightweight",CLF 2025 Material Baselines,"USA CMU industry-average EPD (CMHA, 2024). Unweighted average of lightweight subtype values. Parent category baseline",0.998531571,Baseline,340,1,m3,Industry,multi-unweighted,industry data,"USA CMU industry-average EPD (CMHA, 2024). Unweighted average of lightweight subtype values.  Parent category baseline.",Concrete Masonry and Hardscapes Association (CMHA). (2024). Environmental Product Declaration for Concrete Masonry Units as Manufactured by Members of Concrete Masonry & Hardscapes Association (CMHA). ASTM.,FALSE,US,1680,kg/m3,999,Placeholder,e_block,concrete,4,No,No,No,No,N/A,N/A,N/A,N/A,N/A,N/A,N/A,N/A,N/A,N/A,N/A,N/A,N/A,N/A,N/A,N/A,2000,light weight,N/A,N/A,N/A,N/A,340,N/A,N/A,N/A,1.8123348017621100,0.4937738619676950,0.0000185577092511,33.4008810572687000,2681.0572687224700000,No,N/A,N/A,N/A,N/A,N/A,N/A,N/A,N/A,N/A,N/A,N/A,N/A,N/A,N/A,N/A,N/A,N/A
Masonry,Concrete masonry units,"CMU, USA, lightweight",N/A,N/A,#VALUE!,High-80th%,N/A,N/A,N/A,N/A,N/A,N/A,N/A,N/A,N/A,N/A,N/A,N/A,999,Placeholder,e_block,concrete,4,No,No,No,No,N/A,N/A,N/A,N/A,N/A,N/A,N/A,N/A,N/A,N/A,N/A,N/A,N/A,N/A,N/A,N/A,N/A,N/A,N/A,N/A,N/A,N/A,N/A,N/A,N/A,N/A,N/A,N/A,N/A,N/A,N/A,No,N/A,N/A,N/A,N/A,N/A,N/A,N/A,N/A,N/A,N/A,N/A,N/A,N/A,N/A,N/A,N/A,N/A
Masonry,Concrete masonry units,"CMU, USA, lightweight",N/A,N/A,#VALUE!,Low-20th%,N/A,N/A,N/A,N/A,N/A,N/A,N/A,N/A,N/A,N/A,N/A,N/A,999,Placeholder,e_block,concrete,4,No,No,No,No,N/A,N/A,N/A,N/A,N/A,N/A,N/A,N/A,N/A,N/A,N/A,N/A,N/A,N/A,N/A,N/A,N/A,N/A,N/A,N/A,N/A,N/A,N/A,N/A,N/A,N/A,N/A,N/A,N/A,N/A,N/A,No,N/A,N/A,N/A,N/A,N/A,N/A,N/A,N/A,N/A,N/A,N/A,N/A,N/A,N/A,N/A,N/A,N/A
Masonry,Concrete masonry units,"CMU, Eastern Canada, normal weight (all cement types)",CLF 2025 Material Baselines,"Canada CMU industry-average EPD (CCMPA, 2022). Unweighted average of ""GU SCM"" and ""GUL SCM"" subtypes. Parent category baseline",1.010203051,Baseline,200,1,m3,Industry,multi-unweighted,industry data,"Canada CMU industry-average EPD (CCMPA, 2022). Unweighted average of ""GU SCM"" and ""GUL SCM"" subtypes. Parent category baseline.",Canadian Concrete Masonry Producers Association (CCMPA). (2022). Environmental product declaration: Normal weight and lightweight concrete block masonry units as manufactured by members of the Canadian Concrete Masonry Association (CCMPA). ASTM International. https://ccmpa.ca/wp-content/uploads/2022/09/CCMPA-EPD-20220913.pdf,FALSE,Canada Eastern,2186,kg/m3,999,Placeholder,e_block,concrete,4,No,No,No,No,N/A,N/A,N/A,N/A,N/A,N/A,N/A,N/A,N/A,N/A,N/A,N/A,N/A,N/A,N/A,N/A,2176,regular,N/A,N/A,N/A,N/A,200,N/A,N/A,N/A,1.1213253864026700,0.1616324881301140,0.0003961309223154,13.9610061622386000,1000.2576017779600000,No,N/A,N/A,N/A,N/A,N/A,N/A,N/A,N/A,N/A,N/A,N/A,N/A,N/A,N/A,N/A,N/A,N/A
Masonry,Concrete masonry units,"CMU, Eastern Canada, normal weight (all cement types)",N/A,N/A,#VALUE!,High-80th%,N/A,N/A,N/A,N/A,N/A,N/A,N/A,N/A,N/A,N/A,N/A,N/A,999,Placeholder,e_block,concrete,4,No,No,No,No,N/A,N/A,N/A,N/A,N/A,N/A,N/A,N/A,N/A,N/A,N/A,N/A,N/A,N/A,N/A,N/A,N/A,N/A,N/A,N/A,N/A,N/A,N/A,N/A,N/A,N/A,N/A,N/A,N/A,N/A,N/A,No,N/A,N/A,N/A,N/A,N/A,N/A,N/A,N/A,N/A,N/A,N/A,N/A,N/A,N/A,N/A,N/A,N/A
Masonry,Concrete masonry units,"CMU, Eastern Canada, normal weight (all cement types)",N/A,N/A,#VALUE!,Low-20th%,N/A,N/A,N/A,N/A,N/A,N/A,N/A,N/A,N/A,N/A,N/A,N/A,999,Placeholder,e_block,concrete,4,No,No,No,No,N/A,N/A,N/A,N/A,N/A,N/A,N/A,N/A,N/A,N/A,N/A,N/A,N/A,N/A,N/A,N/A,N/A,N/A,N/A,N/A,N/A,N/A,N/A,N/A,N/A,N/A,N/A,N/A,N/A,N/A,N/A,No,N/A,N/A,N/A,N/A,N/A,N/A,N/A,N/A,N/A,N/A,N/A,N/A,N/A,N/A,N/A,N/A,N/A
Masonry,Concrete masonry units,"CMU, Eastern Canada, normal weight, GU SCM",CLF 2025 Material Baselines,https://ccmpa.ca/wp-content/uploads/2022/09/CCMPA-EPD-20220913.pdf,0.998149771,Baseline,205,1,m3,Industry,single,industry data,"Canada CMU industry-average EPD (CCMPA, 2022) ",Canadian Concrete Masonry Producers Association (CCMPA). (2022). Environmental product declaration: Normal weight and lightweight concrete block masonry units as manufactured by members of the Canadian Concrete Masonry Association (CCMPA). ASTM International. https://ccmpa.ca/wp-content/uploads/2022/09/CCMPA-EPD-20220913.pdf,FALSE,Canada Eastern,2186,kg/m3,999,Placeholder,e_block,concrete,4,No,No,No,No,N/A,N/A,N/A,N/A,N/A,N/A,N/A,N/A,N/A,N/A,N/A,N/A,N/A,N/A,N/A,N/A,2176,regular,N/A,N/A,N/A,N/A,205,N/A,N/A,N/A,1.0979647482715000,0.1597039633849450,0.0007765605219593,13.2753919563736000,1001.6033693641100000,No,N/A,N/A,N/A,N/A,N/A,N/A,N/A,N/A,N/A,N/A,N/A,N/A,N/A,N/A,N/A,N/A,N/A
Masonry,Concrete masonry units,"CMU, Eastern Canada, normal weight, GU SCM",N/A,N/A,#VALUE!,High-80th%,N/A,N/A,N/A,N/A,N/A,N/A,N/A,N/A,N/A,N/A,N/A,N/A,999,Placeholder,e_block,concrete,4,No,No,No,No,N/A,N/A,N/A,N/A,N/A,N/A,N/A,N/A,N/A,N/A,N/A,N/A,N/A,N/A,N/A,N/A,N/A,N/A,N/A,N/A,N/A,N/A,N/A,N/A,N/A,N/A,N/A,N/A,N/A,N/A,N/A,No,N/A,N/A,N/A,N/A,N/A,N/A,N/A,N/A,N/A,N/A,N/A,N/A,N/A,N/A,N/A,N/A,N/A
Masonry,Concrete masonry units,"CMU, Eastern Canada, normal weight, GU SCM",N/A,N/A,#VALUE!,Low-20th%,N/A,N/A,N/A,N/A,N/A,N/A,N/A,N/A,N/A,N/A,N/A,N/A,999,Placeholder,e_block,concrete,4,No,No,No,No,N/A,N/A,N/A,N/A,N/A,N/A,N/A,N/A,N/A,N/A,N/A,N/A,N/A,N/A,N/A,N/A,N/A,N/A,N/A,N/A,N/A,N/A,N/A,N/A,N/A,N/A,N/A,N/A,N/A,N/A,N/A,No,N/A,N/A,N/A,N/A,N/A,N/A,N/A,N/A,N/A,N/A,N/A,N/A,N/A,N/A,N/A,N/A,N/A
Masonry,Concrete masonry units,"CMU, Eastern Canada, normal weight, GUL SCM",CLF 2025 Material Baselines,https://ccmpa.ca/wp-content/uploads/2022/09/CCMPA-EPD-20220913.pdf,1.002203799,Baseline,191,1,m3,Industry,single,industry data,"Canada CMU industry-average EPD (CCMPA, 2022) ",Canadian Concrete Masonry Producers Association (CCMPA). (2022). Environmental product declaration: Normal weight and lightweight concrete block masonry units as manufactured by members of the Canadian Concrete Masonry Association (CCMPA). ASTM International. https://ccmpa.ca/wp-content/uploads/2022/09/CCMPA-EPD-20220913.pdf,FALSE,Canada Eastern,2186,kg/m3,999,Placeholder,e_block,concrete,4,No,No,No,No,N/A,N/A,N/A,N/A,N/A,N/A,N/A,N/A,N/A,N/A,N/A,N/A,N/A,N/A,N/A,N/A,2176,regular,N/A,N/A,N/A,N/A,191,N/A,N/A,N/A,1.1224682548011300,0.1603526078287330,0.0000062737957813,14.3716024766502000,979.0027809843640000,No,N/A,N/A,N/A,N/A,N/A,N/A,N/A,N/A,N/A,N/A,N/A,N/A,N/A,N/A,N/A,N/A,N/A
Masonry,Concrete masonry units,"CMU, Eastern Canada, normal weight, GUL SCM",N/A,N/A,#VALUE!,High-80th%,N/A,N/A,N/A,N/A,N/A,N/A,N/A,N/A,N/A,N/A,N/A,N/A,999,Placeholder,e_block,concrete,4,No,No,No,No,N/A,N/A,N/A,N/A,N/A,N/A,N/A,N/A,N/A,N/A,N/A,N/A,N/A,N/A,N/A,N/A,N/A,N/A,N/A,N/A,N/A,N/A,N/A,N/A,N/A,N/A,N/A,N/A,N/A,N/A,N/A,No,N/A,N/A,N/A,N/A,N/A,N/A,N/A,N/A,N/A,N/A,N/A,N/A,N/A,N/A,N/A,N/A,N/A
Masonry,Concrete masonry units,"CMU, Eastern Canada, normal weight, GUL SCM",N/A,N/A,#VALUE!,Low-20th%,N/A,N/A,N/A,N/A,N/A,N/A,N/A,N/A,N/A,N/A,N/A,N/A,999,Placeholder,e_block,concrete,4,No,No,No,No,N/A,N/A,N/A,N/A,N/A,N/A,N/A,N/A,N/A,N/A,N/A,N/A,N/A,N/A,N/A,N/A,N/A,N/A,N/A,N/A,N/A,N/A,N/A,N/A,N/A,N/A,N/A,N/A,N/A,N/A,N/A,No,N/A,N/A,N/A,N/A,N/A,N/A,N/A,N/A,N/A,N/A,N/A,N/A,N/A,N/A,N/A,N/A,N/A
Masonry,Concrete masonry units,"CMU, Eastern Canada, lightweight (all cement types)",CLF 2025 Material Baselines,"Canada CMU industry-average EPD (CCMPA, 2022). Unweighted average of ""GU SCM"" and ""GUL SCM"" subtypes. Parent category baseline",0.997945407,Baseline,170,1,m3,Industry,multi-unweighted,industry data,"Canada CMU industry-average EPD (CCMPA, 2022). Unweighted average of ""GU SCM"" and ""GUL SCM"" subtypes. Parent category baseline.",Canadian Concrete Masonry Producers Association (CCMPA). (2022). Environmental product declaration: Normal weight and lightweight concrete block masonry units as manufactured by members of the Canadian Concrete Masonry Association (CCMPA). ASTM International. https://ccmpa.ca/wp-content/uploads/2022/09/CCMPA-EPD-20220913.pdf,FALSE,Canada Eastern,2186,kg/m3,999,Placeholder,e_block,concrete,4,No,No,No,No,N/A,N/A,N/A,N/A,N/A,N/A,N/A,N/A,N/A,N/A,N/A,N/A,N/A,N/A,N/A,N/A,2176,light weight,N/A,N/A,N/A,N/A,170,N/A,N/A,N/A,1.0179043146463200,0.1297329028470800,0.0003235039624303,12.8435573818609000,929.3616084531850000,No,N/A,N/A,N/A,N/A,N/A,N/A,N/A,N/A,N/A,N/A,N/A,N/A,N/A,N/A,N/A,N/A,N/A
Masonry,Concrete masonry units,"CMU, Eastern Canada, lightweight (all cement types)",N/A,N/A,#VALUE!,High-80th%,N/A,N/A,N/A,N/A,N/A,N/A,N/A,N/A,N/A,N/A,N/A,N/A,999,Placeholder,e_block,concrete,4,No,No,No,No,N/A,N/A,N/A,N/A,N/A,N/A,N/A,N/A,N/A,N/A,N/A,N/A,N/A,N/A,N/A,N/A,N/A,N/A,N/A,N/A,N/A,N/A,N/A,N/A,N/A,N/A,N/A,N/A,N/A,N/A,N/A,No,N/A,N/A,N/A,N/A,N/A,N/A,N/A,N/A,N/A,N/A,N/A,N/A,N/A,N/A,N/A,N/A,N/A
Masonry,Concrete masonry units,"CMU, Eastern Canada, lightweight (all cement types)",N/A,N/A,#VALUE!,Low-20th%,N/A,N/A,N/A,N/A,N/A,N/A,N/A,N/A,N/A,N/A,N/A,N/A,999,Placeholder,e_block,concrete,4,No,No,No,No,N/A,N/A,N/A,N/A,N/A,N/A,N/A,N/A,N/A,N/A,N/A,N/A,N/A,N/A,N/A,N/A,N/A,N/A,N/A,N/A,N/A,N/A,N/A,N/A,N/A,N/A,N/A,N/A,N/A,N/A,N/A,No,N/A,N/A,N/A,N/A,N/A,N/A,N/A,N/A,N/A,N/A,N/A,N/A,N/A,N/A,N/A,N/A,N/A
Masonry,Concrete masonry units,"CMU, Eastern Canada, lightweight, GU SCM",CLF 2025 Material Baselines,https://ccmpa.ca/wp-content/uploads/2022/09/CCMPA-EPD-20220913.pdf,1.002605642,Baseline,177,1,m3,Industry,single,industry data,"Canada CMU industry-average EPD (CCMPA, 2022) ",Canadian Concrete Masonry Producers Association (CCMPA). (2022). Environmental product declaration: Normal weight and lightweight concrete block masonry units as manufactured by members of the Canadian Concrete Masonry Association (CCMPA). ASTM International. https://ccmpa.ca/wp-content/uploads/2022/09/CCMPA-EPD-20220913.pdf,FALSE,Canada Eastern,1722,kg/m3,999,Placeholder,e_block,concrete,4,No,No,No,No,N/A,N/A,N/A,N/A,N/A,N/A,N/A,N/A,N/A,N/A,N/A,N/A,N/A,N/A,N/A,N/A,2176,light weight,N/A,N/A,N/A,N/A,177,N/A,N/A,N/A,1.0126316981987100,0.1303387334315170,0.0006446754276651,12.4724141837544000,946.2090744307240000,No,N/A,N/A,N/A,N/A,N/A,N/A,N/A,N/A,N/A,N/A,N/A,N/A,N/A,N/A,N/A,N/A,N/A
Masonry,Concrete masonry units,"CMU, Eastern Canada, lightweight, GU SCM",N/A,N/A,#VALUE!,High-80th%,N/A,N/A,N/A,N/A,N/A,N/A,N/A,N/A,N/A,N/A,N/A,N/A,999,Placeholder,e_block,concrete,4,No,No,No,No,N/A,N/A,N/A,N/A,N/A,N/A,N/A,N/A,N/A,N/A,N/A,N/A,N/A,N/A,N/A,N/A,N/A,N/A,N/A,N/A,N/A,N/A,N/A,N/A,N/A,N/A,N/A,N/A,N/A,N/A,N/A,No,N/A,N/A,N/A,N/A,N/A,N/A,N/A,N/A,N/A,N/A,N/A,N/A,N/A,N/A,N/A,N/A,N/A
Masonry,Concrete masonry units,"CMU, Eastern Canada, lightweight, GU SCM",N/A,N/A,#VALUE!,Low-20th%,N/A,N/A,N/A,N/A,N/A,N/A,N/A,N/A,N/A,N/A,N/A,N/A,999,Placeholder,e_block,concrete,4,No,No,No,No,N/A,N/A,N/A,N/A,N/A,N/A,N/A,N/A,N/A,N/A,N/A,N/A,N/A,N/A,N/A,N/A,N/A,N/A,N/A,N/A,N/A,N/A,N/A,N/A,N/A,N/A,N/A,N/A,N/A,N/A,N/A,No,N/A,N/A,N/A,N/A,N/A,N/A,N/A,N/A,N/A,N/A,N/A,N/A,N/A,N/A,N/A,N/A,N/A
Masonry,Concrete masonry units,"CMU, Eastern Canada, lightweight, GUL SCM",CLF 2025 Material Baselines,https://ccmpa.ca/wp-content/uploads/2022/09/CCMPA-EPD-20220913.pdf,0.999025341,Baseline,164,1,m3,Industry,single,industry data,"Canada CMU industry-average EPD (CCMPA, 2022) ",Canadian Concrete Masonry Producers Association (CCMPA). (2022). Environmental product declaration: Normal weight and lightweight concrete block masonry units as manufactured by members of the Canadian Concrete Masonry Association (CCMPA). ASTM International. https://ccmpa.ca/wp-content/uploads/2022/09/CCMPA-EPD-20220913.pdf,FALSE,Canada Eastern,1722,kg/m3,999,Placeholder,e_block,concrete,4,No,No,No,No,N/A,N/A,N/A,N/A,N/A,N/A,N/A,N/A,N/A,N/A,N/A,N/A,N/A,N/A,N/A,N/A,2176,light weight,N/A,N/A,N/A,N/A,164,N/A,N/A,N/A,1.0289961013645200,0.1298732943469790,0.0000053347953216,13.2870370370370000,917.9044834307990000,No,N/A,N/A,N/A,N/A,N/A,N/A,N/A,N/A,N/A,N/A,N/A,N/A,N/A,N/A,N/A,N/A,N/A
Masonry,Concrete masonry units,"CMU, Eastern Canada, lightweight, GUL SCM",N/A,N/A,#VALUE!,High-80th%,N/A,N/A,N/A,N/A,N/A,N/A,N/A,N/A,N/A,N/A,N/A,N/A,999,Placeholder,e_block,concrete,4,No,No,No,No,N/A,N/A,N/A,N/A,N/A,N/A,N/A,N/A,N/A,N/A,N/A,N/A,N/A,N/A,N/A,N/A,N/A,N/A,N/A,N/A,N/A,N/A,N/A,N/A,N/A,N/A,N/A,N/A,N/A,N/A,N/A,No,N/A,N/A,N/A,N/A,N/A,N/A,N/A,N/A,N/A,N/A,N/A,N/A,N/A,N/A,N/A,N/A,N/A
Masonry,Concrete masonry units,"CMU, Eastern Canada, lightweight, GUL SCM",N/A,N/A,#VALUE!,Low-20th%,N/A,N/A,N/A,N/A,N/A,N/A,N/A,N/A,N/A,N/A,N/A,N/A,999,Placeholder,e_block,concrete,4,No,No,No,No,N/A,N/A,N/A,N/A,N/A,N/A,N/A,N/A,N/A,N/A,N/A,N/A,N/A,N/A,N/A,N/A,N/A,N/A,N/A,N/A,N/A,N/A,N/A,N/A,N/A,N/A,N/A,N/A,N/A,N/A,N/A,No,N/A,N/A,N/A,N/A,N/A,N/A,N/A,N/A,N/A,N/A,N/A,N/A,N/A,N/A,N/A,N/A,N/A
Masonry,Concrete masonry units,"CMU, Western Canada, normal weight (all cement types)",CLF 2025 Material Baselines,"Canada CMU industry-average EPD (CCMPA, 2022). Unweighted average of ""GU SCM"" and ""GUL SCM"" subtypes. Parent category baseline",0.991899488,Baseline,240,1,m3,Industry,multi-unweighted,industry data,"Canada CMU industry-average EPD (CCMPA, 2022). Unweighted average of ""GU SCM"" and ""GUL SCM"" subtypes. Parent category baseline.",Canadian Concrete Masonry Producers Association (CCMPA). (2022). Environmental product declaration: Normal weight and lightweight concrete block masonry units as manufactured by members of the Canadian Concrete Masonry Association (CCMPA). ASTM International. https://ccmpa.ca/wp-content/uploads/2022/09/CCMPA-EPD-20220913.pdf,FALSE,Canada Western,2186,kg/m3,999,Placeholder,e_block,concrete,4,No,No,No,No,N/A,N/A,N/A,N/A,N/A,N/A,N/A,N/A,N/A,N/A,N/A,N/A,N/A,N/A,N/A,N/A,2176,regular,N/A,N/A,N/A,N/A,240,N/A,N/A,N/A,1.0315754670193400,0.7935195900148790,0.0000068441064639,14.5015705075219000,1401.1324185815800000,No,N/A,N/A,N/A,N/A,N/A,N/A,N/A,N/A,N/A,N/A,N/A,N/A,N/A,N/A,N/A,N/A,N/A
Masonry,Concrete masonry units,"CMU, Western Canada, normal weight (all cement types)",N/A,N/A,#VALUE!,High-80th%,N/A,N/A,N/A,N/A,N/A,N/A,N/A,N/A,N/A,N/A,N/A,N/A,999,Placeholder,e_block,concrete,4,No,No,No,No,N/A,N/A,N/A,N/A,N/A,N/A,N/A,N/A,N/A,N/A,N/A,N/A,N/A,N/A,N/A,N/A,N/A,N/A,N/A,N/A,N/A,N/A,N/A,N/A,N/A,N/A,N/A,N/A,N/A,N/A,N/A,No,N/A,N/A,N/A,N/A,N/A,N/A,N/A,N/A,N/A,N/A,N/A,N/A,N/A,N/A,N/A,N/A,N/A
Masonry,Concrete masonry units,"CMU, Western Canada, normal weight (all cement types)",N/A,N/A,#VALUE!,Low-20th%,N/A,N/A,N/A,N/A,N/A,N/A,N/A,N/A,N/A,N/A,N/A,N/A,999,Placeholder,e_block,concrete,4,No,No,No,No,N/A,N/A,N/A,N/A,N/A,N/A,N/A,N/A,N/A,N/A,N/A,N/A,N/A,N/A,N/A,N/A,N/A,N/A,N/A,N/A,N/A,N/A,N/A,N/A,N/A,N/A,N/A,N/A,N/A,N/A,N/A,No,N/A,N/A,N/A,N/A,N/A,N/A,N/A,N/A,N/A,N/A,N/A,N/A,N/A,N/A,N/A,N/A,N/A
Masonry,Concrete masonry units,"CMU, Western Canada, normal weight, GU SCM",CLF 2025 Material Baselines,https://ccmpa.ca/wp-content/uploads/2022/09/CCMPA-EPD-20220913.pdf,1.001430615,Baseline,252,1,m3,Industry,single,industry data,"Canada CMU industry-average EPD (CCMPA, 2022) ",Canadian Concrete Masonry Producers Association (CCMPA). (2022). Environmental product declaration: Normal weight and lightweight concrete block masonry units as manufactured by members of the Canadian Concrete Masonry Association (CCMPA). ASTM International. https://ccmpa.ca/wp-content/uploads/2022/09/CCMPA-EPD-20220913.pdf,FALSE,Canada Western,2186,kg/m3,999,Placeholder,e_block,concrete,4,No,No,No,No,N/A,N/A,N/A,N/A,N/A,N/A,N/A,N/A,N/A,N/A,N/A,N/A,N/A,N/A,N/A,N/A,2176,regular,N/A,N/A,N/A,N/A,252,N/A,N/A,N/A,1.0715307582260400,0.8111587982832620,0.0000068798283262,15.3919885550787000,1442.8912732475000000,No,N/A,N/A,N/A,N/A,N/A,N/A,N/A,N/A,N/A,N/A,N/A,N/A,N/A,N/A,N/A,N/A,N/A
Masonry,Concrete masonry units,"CMU, Western Canada, normal weight, GU SCM",N/A,N/A,#VALUE!,High-80th%,N/A,N/A,N/A,N/A,N/A,N/A,N/A,N/A,N/A,N/A,N/A,N/A,999,Placeholder,e_block,concrete,4,No,No,No,No,N/A,N/A,N/A,N/A,N/A,N/A,N/A,N/A,N/A,N/A,N/A,N/A,N/A,N/A,N/A,N/A,N/A,N/A,N/A,N/A,N/A,N/A,N/A,N/A,N/A,N/A,N/A,N/A,N/A,N/A,N/A,No,N/A,N/A,N/A,N/A,N/A,N/A,N/A,N/A,N/A,N/A,N/A,N/A,N/A,N/A,N/A,N/A,N/A
Masonry,Concrete masonry units,"CMU, Western Canada, normal weight, GU SCM",N/A,N/A,#VALUE!,Low-20th%,N/A,N/A,N/A,N/A,N/A,N/A,N/A,N/A,N/A,N/A,N/A,N/A,999,Placeholder,e_block,concrete,4,No,No,No,No,N/A,N/A,N/A,N/A,N/A,N/A,N/A,N/A,N/A,N/A,N/A,N/A,N/A,N/A,N/A,N/A,N/A,N/A,N/A,N/A,N/A,N/A,N/A,N/A,N/A,N/A,N/A,N/A,N/A,N/A,N/A,No,N/A,N/A,N/A,N/A,N/A,N/A,N/A,N/A,N/A,N/A,N/A,N/A,N/A,N/A,N/A,N/A,N/A
Masonry,Concrete masonry units,"CMU, Western Canada, normal weight, GUL SCM",CLF 2025 Material Baselines,https://ccmpa.ca/wp-content/uploads/2022/09/CCMPA-EPD-20220913.pdf,0.998794558,Baseline,232,1,m3,Industry,single,industry data,"Canada CMU industry-average EPD (CCMPA, 2022) ",Canadian Concrete Masonry Producers Association (CCMPA). (2022). Environmental product declaration: Normal weight and lightweight concrete block masonry units as manufactured by members of the Canadian Concrete Masonry Association (CCMPA). ASTM International. https://ccmpa.ca/wp-content/uploads/2022/09/CCMPA-EPD-20220913.pdf,FALSE,Canada Western,2186,kg/m3,999,Placeholder,e_block,concrete,4,No,No,No,No,N/A,N/A,N/A,N/A,N/A,N/A,N/A,N/A,N/A,N/A,N/A,N/A,N/A,N/A,N/A,N/A,2176,regular,N/A,N/A,N/A,N/A,232,N/A,N/A,N/A,1.0087825038746300,0.7890477010504560,0.0000069216462890,13.8532805235061000,1382.6512829343900000,No,N/A,N/A,N/A,N/A,N/A,N/A,N/A,N/A,N/A,N/A,N/A,N/A,N/A,N/A,N/A,N/A,N/A
Masonry,Concrete masonry units,"CMU, Western Canada, normal weight, GUL SCM",N/A,N/A,#VALUE!,High-80th%,N/A,N/A,N/A,N/A,N/A,N/A,N/A,N/A,N/A,N/A,N/A,N/A,999,Placeholder,e_block,concrete,4,No,No,No,No,N/A,N/A,N/A,N/A,N/A,N/A,N/A,N/A,N/A,N/A,N/A,N/A,N/A,N/A,N/A,N/A,N/A,N/A,N/A,N/A,N/A,N/A,N/A,N/A,N/A,N/A,N/A,N/A,N/A,N/A,N/A,No,N/A,N/A,N/A,N/A,N/A,N/A,N/A,N/A,N/A,N/A,N/A,N/A,N/A,N/A,N/A,N/A,N/A
Masonry,Concrete masonry units,"CMU, Western Canada, normal weight, GUL SCM",N/A,N/A,#VALUE!,Low-20th%,N/A,N/A,N/A,N/A,N/A,N/A,N/A,N/A,N/A,N/A,N/A,N/A,999,Placeholder,e_block,concrete,4,No,No,No,No,N/A,N/A,N/A,N/A,N/A,N/A,N/A,N/A,N/A,N/A,N/A,N/A,N/A,N/A,N/A,N/A,N/A,N/A,N/A,N/A,N/A,N/A,N/A,N/A,N/A,N/A,N/A,N/A,N/A,N/A,N/A,No,N/A,N/A,N/A,N/A,N/A,N/A,N/A,N/A,N/A,N/A,N/A,N/A,N/A,N/A,N/A,N/A,N/A
Masonry,Concrete masonry units,"CMU, Western Canada, lightweight (all cement types)",CLF 2025 Material Baselines,"Canada CMU industry-average EPD (CCMPA, 2022). Unweighted average of ""GU SCM"" and ""GUL SCM"" subtypes. Parent category baseline",1.019739238,Baseline,210,1,m3,Industry,multi-unweighted,industry data,"Canada CMU industry-average EPD (CCMPA, 2022). Unweighted average of ""GU SCM"" and ""GUL SCM"" subtypes. Parent category baseline.",Canadian Concrete Masonry Producers Association (CCMPA). (2022). Environmental product declaration: Normal weight and lightweight concrete block masonry units as manufactured by members of the Canadian Concrete Masonry Association (CCMPA). ASTM International. https://ccmpa.ca/wp-content/uploads/2022/09/CCMPA-EPD-20220913.pdf,FALSE,Canada Western,1722,kg/m3,999,Placeholder,e_block,concrete,4,No,No,No,No,N/A,N/A,N/A,N/A,N/A,N/A,N/A,N/A,N/A,N/A,N/A,N/A,N/A,N/A,N/A,N/A,2176,light weight,N/A,N/A,N/A,N/A,210,N/A,N/A,N/A,0.9738509723942020,0.6679292009614680,0.0000059705732391,13.7664797144730000,1297.3173574186000000,No,N/A,N/A,N/A,N/A,N/A,N/A,N/A,N/A,N/A,N/A,N/A,N/A,N/A,N/A,N/A,N/A,N/A
Masonry,Concrete masonry units,"CMU, Western Canada, lightweight (all cement types)",N/A,N/A,#VALUE!,High-80th%,N/A,N/A,N/A,N/A,N/A,N/A,N/A,N/A,N/A,N/A,N/A,N/A,999,Placeholder,e_block,concrete,4,No,No,No,No,N/A,N/A,N/A,N/A,N/A,N/A,N/A,N/A,N/A,N/A,N/A,N/A,N/A,N/A,N/A,N/A,N/A,N/A,N/A,N/A,N/A,N/A,N/A,N/A,N/A,N/A,N/A,N/A,N/A,N/A,N/A,No,N/A,N/A,N/A,N/A,N/A,N/A,N/A,N/A,N/A,N/A,N/A,N/A,N/A,N/A,N/A,N/A,N/A
Masonry,Concrete masonry units,"CMU, Western Canada, lightweight (all cement types)",N/A,N/A,#VALUE!,Low-20th%,N/A,N/A,N/A,N/A,N/A,N/A,N/A,N/A,N/A,N/A,N/A,N/A,999,Placeholder,e_block,concrete,4,No,No,No,No,N/A,N/A,N/A,N/A,N/A,N/A,N/A,N/A,N/A,N/A,N/A,N/A,N/A,N/A,N/A,N/A,N/A,N/A,N/A,N/A,N/A,N/A,N/A,N/A,N/A,N/A,N/A,N/A,N/A,N/A,N/A,No,N/A,N/A,N/A,N/A,N/A,N/A,N/A,N/A,N/A,N/A,N/A,N/A,N/A,N/A,N/A,N/A,N/A
Masonry,Concrete masonry units,"CMU, Western Canada, lightweight, GU SCM",CLF 2025 Material Baselines,https://ccmpa.ca/wp-content/uploads/2022/09/CCMPA-EPD-20220913.pdf,1.000280452,Baseline,214,1,m3,Industry,single,industry data,"Canada CMU industry-average EPD (CCMPA, 2022) ",Canadian Concrete Masonry Producers Association (CCMPA). (2022). Environmental product declaration: Normal weight and lightweight concrete block masonry units as manufactured by members of the Canadian Concrete Masonry Association (CCMPA). ASTM International. https://ccmpa.ca/wp-content/uploads/2022/09/CCMPA-EPD-20220913.pdf,FALSE,Canada Western,1722,kg/m3,999,Placeholder,e_block,concrete,4,No,No,No,No,N/A,N/A,N/A,N/A,N/A,N/A,N/A,N/A,N/A,N/A,N/A,N/A,N/A,N/A,N/A,N/A,2176,light weight,N/A,N/A,N/A,N/A,214,N/A,N/A,N/A,0.9802748434140410,0.6601850986257830,0.0000058316350379,14.1239599887819000,1295.9333457978900000,No,N/A,N/A,N/A,N/A,N/A,N/A,N/A,N/A,N/A,N/A,N/A,N/A,N/A,N/A,N/A,N/A,N/A
Masonry,Concrete masonry units,"CMU, Western Canada, lightweight, GU SCM",N/A,N/A,#VALUE!,High-80th%,N/A,N/A,N/A,N/A,N/A,N/A,N/A,N/A,N/A,N/A,N/A,N/A,999,Placeholder,e_block,concrete,4,No,No,No,No,N/A,N/A,N/A,N/A,N/A,N/A,N/A,N/A,N/A,N/A,N/A,N/A,N/A,N/A,N/A,N/A,N/A,N/A,N/A,N/A,N/A,N/A,N/A,N/A,N/A,N/A,N/A,N/A,N/A,N/A,N/A,No,N/A,N/A,N/A,N/A,N/A,N/A,N/A,N/A,N/A,N/A,N/A,N/A,N/A,N/A,N/A,N/A,N/A
Masonry,Concrete masonry units,"CMU, Western Canada, lightweight, GU SCM",N/A,N/A,#VALUE!,Low-20th%,N/A,N/A,N/A,N/A,N/A,N/A,N/A,N/A,N/A,N/A,N/A,N/A,999,Placeholder,e_block,concrete,4,No,No,No,No,N/A,N/A,N/A,N/A,N/A,N/A,N/A,N/A,N/A,N/A,N/A,N/A,N/A,N/A,N/A,N/A,N/A,N/A,N/A,N/A,N/A,N/A,N/A,N/A,N/A,N/A,N/A,N/A,N/A,N/A,N/A,No,N/A,N/A,N/A,N/A,N/A,N/A,N/A,N/A,N/A,N/A,N/A,N/A,N/A,N/A,N/A,N/A,N/A
Masonry,Concrete masonry units,"CMU, Western Canada, lightweight, GUL SCM",CLF 2025 Material Baselines,https://ccmpa.ca/wp-content/uploads/2022/09/CCMPA-EPD-20220913.pdf,1.00035366,Baseline,198,1,m3,Industry,single,industry data,"Canada CMU industry-average EPD (CCMPA, 2022) ",Canadian Concrete Masonry Producers Association (CCMPA). (2022). Environmental product declaration: Normal weight and lightweight concrete block masonry units as manufactured by members of the Canadian Concrete Masonry Association (CCMPA). ASTM International. https://ccmpa.ca/wp-content/uploads/2022/09/CCMPA-EPD-20220913.pdf,FALSE,Canada Western,1722,kg/m3,999,Placeholder,e_block,concrete,4,No,No,No,No,N/A,N/A,N/A,N/A,N/A,N/A,N/A,N/A,N/A,N/A,N/A,N/A,N/A,N/A,N/A,N/A,2176,light weight,N/A,N/A,N/A,N/A,198,N/A,N/A,N/A,0.9303289041580360,0.6502298792502400,0.0000058820795231,12.8845551457586000,1249.2816652351800000,No,N/A,N/A,N/A,N/A,N/A,N/A,N/A,N/A,N/A,N/A,N/A,N/A,N/A,N/A,N/A,N/A,N/A
Masonry,Concrete masonry units,"CMU, Western Canada, lightweight, GUL SCM",N/A,N/A,#VALUE!,High-80th%,N/A,N/A,N/A,N/A,N/A,N/A,N/A,N/A,N/A,N/A,N/A,N/A,999,Placeholder,e_block,concrete,4,No,No,No,No,N/A,N/A,N/A,N/A,N/A,N/A,N/A,N/A,N/A,N/A,N/A,N/A,N/A,N/A,N/A,N/A,N/A,N/A,N/A,N/A,N/A,N/A,N/A,N/A,N/A,N/A,N/A,N/A,N/A,N/A,N/A,No,N/A,N/A,N/A,N/A,N/A,N/A,N/A,N/A,N/A,N/A,N/A,N/A,N/A,N/A,N/A,N/A,N/A
Masonry,Concrete masonry units,"CMU, Western Canada, lightweight, GUL SCM",N/A,N/A,#VALUE!,Low-20th%,N/A,N/A,N/A,N/A,N/A,N/A,N/A,N/A,N/A,N/A,N/A,N/A,999,Placeholder,e_block,concrete,4,No,No,No,No,N/A,N/A,N/A,N/A,N/A,N/A,N/A,N/A,N/A,N/A,N/A,N/A,N/A,N/A,N/A,N/A,N/A,N/A,N/A,N/A,N/A,N/A,N/A,N/A,N/A,N/A,N/A,N/A,N/A,N/A,N/A,No,N/A,N/A,N/A,N/A,N/A,N/A,N/A,N/A,N/A,N/A,N/A,N/A,N/A,N/A,N/A,N/A,N/A
Masonry,Brick,Clay brick,CLF 2025 Material Baselines,https://brick.com/wp-content/uploads/2024/06/bia_industry_wide_epd.pdf,1,Baseline,503,1,m3,Industry,single,industry data,"Clay brick industry-average EPD (Brick Industry Association, 2020) ",Brick Industry Association (BIA). (2020). Environmental Product Declaration: U.S.–Canada Industrywide Clay Brick. NSF.,FALSE,North America,2120,kg/m3,999,Placeholder,e_block,inert,4,Yes,No,No,No,Rough,0.8,0.9,0.7,0.7,N/A,N/A,N/A,N/A,N/A,N/A,N/A,N/A,N/A,N/A,N/A,N/A,N/A,N/A,N/A,N/A,N/A,503,N/A,N/A,N/A,1.5200000000000000,0.8880000000000000,0.0000629000000000,15.6000000000000000,N/A,No,N/A,N/A,N/A,N/A,N/A,N/A,N/A,N/A,N/A,N/A,N/A,N/A,N/A,N/A,N/A,N/A,N/A
Masonry,Brick,Clay brick,N/A,N/A,#VALUE!,High-80th%,N/A,N/A,N/A,N/A,N/A,N/A,N/A,N/A,N/A,N/A,N/A,N/A,999,Placeholder,e_block,inert,4,Yes,No,No,No,Rough,0.8,0.9,0.7,0.7,N/A,N/A,N/A,N/A,N/A,N/A,N/A,N/A,N/A,N/A,N/A,N/A,N/A,N/A,N/A,N/A,N/A,N/A,N/A,N/A,N/A,N/A,N/A,N/A,N/A,N/A,No,N/A,N/A,N/A,N/A,N/A,N/A,N/A,N/A,N/A,N/A,N/A,N/A,N/A,N/A,N/A,N/A,N/A
Masonry,Brick,Clay brick,N/A,N/A,#VALUE!,Low-20th%,N/A,N/A,N/A,N/A,N/A,N/A,N/A,N/A,N/A,N/A,N/A,N/A,999,Placeholder,e_block,inert,4,Yes,No,No,No,Rough,0.8,0.9,0.7,0.7,N/A,N/A,N/A,N/A,N/A,N/A,N/A,N/A,N/A,N/A,N/A,N/A,N/A,N/A,N/A,N/A,N/A,N/A,N/A,N/A,N/A,N/A,N/A,N/A,N/A,N/A,No,N/A,N/A,N/A,N/A,N/A,N/A,N/A,N/A,N/A,N/A,N/A,N/A,N/A,N/A,N/A,N/A,N/A
Finishes,Gypsum board ,"Gypsum board, 1/2 in",CLF 2025 Material Baselines,https://www.athenasmi.org/wp-content/uploads/2020/05/GypsumAssociation-IndustryAverage-CradleToGate-LCA-GypsumBoard-USA-CAN.pdf,1,Baseline,207,1000,ft2 ,Industry,single,industry data,"Gypsum board industry-average LCA report (ASMI, 2020) ",Athena Sustainable Materials Institute. (2020). An Industry Average Cradle-to-Gate Life Cycle Assessment of 1/2” Lightweight and 5/8” Type X Conventional Gypsum Board for the USA and Canadian Markets: EPD Project Report.,FALSE,North America,635,kg/1000 SF,999,Placeholder,e_sheet_other,drywal,4,Yes,Yes,No,No,Smooth,0.17,0.9,0.7,0.7,1090,N/A,N/A,N/A,N/A,N/A,N/A,N/A,N/A,N/A,N/A,N/A,N/A,N/A,N/A,N/A,N/A,207,N/A,N/A,N/A,0.5400000000000000,0.4900000000000000,0.0000250000000000,9.6000000000000000,N/A,No,N/A,N/A,N/A,N/A,N/A,N/A,N/A,N/A,N/A,N/A,N/A,N/A,N/A,N/A,N/A,N/A,N/A
Finishes,Gypsum board ,"Gypsum board, 1/2 in",N/A,N/A,#VALUE!,High-80th%,N/A,N/A,N/A,N/A,N/A,N/A,N/A,N/A,N/A,N/A,N/A,N/A,999,Placeholder,e_sheet_other,drywal,4,Yes,Yes,No,No,Smooth,0.17,0.9,0.7,0.7,1090,N/A,N/A,N/A,N/A,N/A,N/A,N/A,N/A,N/A,N/A,N/A,N/A,N/A,N/A,N/A,N/A,N/A,N/A,N/A,N/A,N/A,N/A,N/A,N/A,N/A,No,N/A,N/A,N/A,N/A,N/A,N/A,N/A,N/A,N/A,N/A,N/A,N/A,N/A,N/A,N/A,N/A,N/A
Finishes,Gypsum board ,"Gypsum board, 1/2 in",N/A,N/A,#VALUE!,Low-20th%,N/A,N/A,N/A,N/A,N/A,N/A,N/A,N/A,N/A,N/A,N/A,N/A,999,Placeholder,e_sheet_other,drywal,4,Yes,Yes,No,No,Smooth,0.17,0.9,0.7,0.7,1090,N/A,N/A,N/A,N/A,N/A,N/A,N/A,N/A,N/A,N/A,N/A,N/A,N/A,N/A,N/A,N/A,N/A,N/A,N/A,N/A,N/A,N/A,N/A,N/A,N/A,No,N/A,N/A,N/A,N/A,N/A,N/A,N/A,N/A,N/A,N/A,N/A,N/A,N/A,N/A,N/A,N/A,N/A
Finishes,Gypsum board ,"Gypsum board, 5/8 in",CLF 2025 Material Baselines,https://www.athenasmi.org/wp-content/uploads/2020/05/GypsumAssociation-IndustryAverage-CradleToGate-LCA-GypsumBoard-USA-CAN.pdf,1,Baseline,277,1000,ft2,Industry,single,industry data,"Gypsum board industry-average EPD (GA, 2020) ",Gypsum Association. (2020). Industry Average EPD for 5/8” Type X Conventional Gypsum Board. NSF.,FALSE,North America,991,kg/1000 SF,999,Placeholder,e_sheet_other,drywal,4,Yes,Yes,No,No,Smooth,0.17,0.9,0.7,0.7,1090,N/A,N/A,N/A,N/A,N/A,N/A,N/A,N/A,N/A,N/A,N/A,N/A,N/A,N/A,N/A,N/A,277,N/A,N/A,N/A,0.6700000000000000,0.6000000000000000,0.0000340000000000,11.6000000000000000,N/A,No,N/A,N/A,N/A,N/A,N/A,N/A,N/A,N/A,N/A,N/A,N/A,N/A,N/A,N/A,N/A,N/A,N/A
Finishes,Gypsum board ,"Gypsum board, 5/8 in",N/A,N/A,#VALUE!,High-80th%,N/A,N/A,N/A,N/A,N/A,N/A,N/A,N/A,N/A,N/A,N/A,N/A,999,Placeholder,e_sheet_other,drywal,4,Yes,Yes,No,No,Smooth,0.17,0.9,0.7,0.7,1090,N/A,N/A,N/A,N/A,N/A,N/A,N/A,N/A,N/A,N/A,N/A,N/A,N/A,N/A,N/A,N/A,N/A,N/A,N/A,N/A,N/A,N/A,N/A,N/A,N/A,No,N/A,N/A,N/A,N/A,N/A,N/A,N/A,N/A,N/A,N/A,N/A,N/A,N/A,N/A,N/A,N/A,N/A
Finishes,Gypsum board ,"Gypsum board, 5/8 in",N/A,N/A,#VALUE!,Low-20th%,N/A,N/A,N/A,N/A,N/A,N/A,N/A,N/A,N/A,N/A,N/A,N/A,999,Placeholder,e_sheet_other,drywal,4,Yes,Yes,No,No,Smooth,0.17,0.9,0.7,0.7,1090,N/A,N/A,N/A,N/A,N/A,N/A,N/A,N/A,N/A,N/A,N/A,N/A,N/A,N/A,N/A,N/A,N/A,N/A,N/A,N/A,N/A,N/A,N/A,N/A,N/A,No,N/A,N/A,N/A,N/A,N/A,N/A,N/A,N/A,N/A,N/A,N/A,N/A,N/A,N/A,N/A,N/A,N/A
Finishes,Glass-mat gypsum board ,"Glass-mat gypsum board, 1/2 in",CLF 2025 Material Baselines,https://pabcogypsum.com/cms/resources/media/2022/12/Glass_Mat_Gypsum_Panels_EPD_2021.pdf,0.999085505,Baseline,437,1000,ft2,Industry,single,industry data,"Glass-mat gypsum board industry-average EPD (GA, 2021) ",Gypsum Association. (2021). An Industry-Wide “Cradle-to-Gate” EPD for Glass-Mat Gypsum Boards,FALSE,US,943,kg/1000 SF,999,Placeholder,e_sheet_other,PLACEHOLDER,4,Yes,No,No,No,Smooth,0.17,0.9,0.7,0.7,N/A,N/A,N/A,N/A,N/A,N/A,N/A,N/A,N/A,N/A,N/A,N/A,N/A,N/A,N/A,N/A,N/A,437,N/A,N/A,N/A,1.5985368084133500,0.9491312299954280,0.0000719341563786,29.8726566072245000,N/A,No,N/A,N/A,N/A,N/A,N/A,N/A,N/A,N/A,N/A,N/A,N/A,N/A,N/A,N/A,N/A,N/A,N/A
Finishes,Glass-mat gypsum board ,"Glass-mat gypsum board, 1/2 in",N/A,N/A,#VALUE!,High-80th%,N/A,N/A,N/A,N/A,N/A,N/A,N/A,N/A,N/A,N/A,N/A,N/A,,Placeholder,e_sheet_other,PLACEHOLDER,4,Yes,No,No,No,Smooth,0.17,0.9,0.7,0.7,N/A,N/A,N/A,N/A,N/A,N/A,N/A,N/A,N/A,N/A,N/A,N/A,N/A,N/A,N/A,N/A,N/A,N/A,N/A,N/A,N/A,N/A,N/A,N/A,N/A,N/A,No,N/A,N/A,N/A,N/A,N/A,N/A,N/A,N/A,N/A,N/A,N/A,N/A,N/A,N/A,N/A,N/A,N/A
Finishes,Glass-mat gypsum board ,"Glass-mat gypsum board, 1/2 in",N/A,N/A,#VALUE!,Low-20th%,N/A,N/A,N/A,N/A,N/A,N/A,N/A,N/A,N/A,N/A,N/A,N/A,,Placeholder,e_sheet_other,PLACEHOLDER,4,Yes,No,No,No,Smooth,0.17,0.9,0.7,0.7,N/A,N/A,N/A,N/A,N/A,N/A,N/A,N/A,N/A,N/A,N/A,N/A,N/A,N/A,N/A,N/A,N/A,N/A,N/A,N/A,N/A,N/A,N/A,N/A,N/A,N/A,No,N/A,N/A,N/A,N/A,N/A,N/A,N/A,N/A,N/A,N/A,N/A,N/A,N/A,N/A,N/A,N/A,N/A
Finishes,Glass-mat gypsum board ,"Glass-mat gypsum board, 5/8 in",CLF 2025 Material Baselines,https://pabcogypsum.com/cms/resources/media/2022/12/Glass_Mat_Gypsum_Panels_EPD_2021.pdf,1.000198452,Baseline,504,1000,ft2,Industry,single,industry data,"Glass-mat gypsum board industry-average EPD (GA, 2021) ",Gypsum Association. (2021). An Industry-Wide “Cradle-to-Gate” EPD for Glass-Mat Gypsum Boards,FALSE,US,1263,kg/1000 SF,999,Placeholder,e_sheet_other,PLACEHOLDER,4,Yes,No,No,No,Smooth,0.17,0.9,0.7,0.7,N/A,N/A,N/A,N/A,N/A,N/A,N/A,N/A,N/A,N/A,N/A,N/A,N/A,N/A,N/A,N/A,N/A,504,N/A,N/A,N/A,2.0003969041476500,1.0502083746775200,0.0000830164715221,35.7070847390355000,N/A,No,N/A,N/A,N/A,N/A,N/A,N/A,N/A,N/A,N/A,N/A,N/A,N/A,N/A,N/A,N/A,N/A,N/A
Finishes,Glass-mat gypsum board ,"Glass-mat gypsum board, 5/8 in",N/A,N/A,#VALUE!,High-80th%,N/A,N/A,N/A,N/A,N/A,N/A,N/A,N/A,N/A,N/A,N/A,N/A,,Placeholder,e_sheet_other,PLACEHOLDER,4,Yes,No,No,No,Smooth,0.17,0.9,0.7,0.7,N/A,N/A,N/A,N/A,N/A,N/A,N/A,N/A,N/A,N/A,N/A,N/A,N/A,N/A,N/A,N/A,N/A,N/A,N/A,N/A,N/A,N/A,N/A,N/A,N/A,N/A,No,N/A,N/A,N/A,N/A,N/A,N/A,N/A,N/A,N/A,N/A,N/A,N/A,N/A,N/A,N/A,N/A,N/A
Finishes,Glass-mat gypsum board ,"Glass-mat gypsum board, 5/8 in",N/A,N/A,#VALUE!,Low-20th%,N/A,N/A,N/A,N/A,N/A,N/A,N/A,N/A,N/A,N/A,N/A,N/A,,Placeholder,e_sheet_other,PLACEHOLDER,4,Yes,No,No,No,Smooth,0.17,0.9,0.7,0.7,N/A,N/A,N/A,N/A,N/A,N/A,N/A,N/A,N/A,N/A,N/A,N/A,N/A,N/A,N/A,N/A,N/A,N/A,N/A,N/A,N/A,N/A,N/A,N/A,N/A,N/A,No,N/A,N/A,N/A,N/A,N/A,N/A,N/A,N/A,N/A,N/A,N/A,N/A,N/A,N/A,N/A,N/A,N/A
Finishes,Acoustical ceiling tiles ,"ACT, NRC < 0.75",CLF 2025 Material Baselines,https://buildingtransparency.org/ec3/epds/ec3244cy,0.957446809,Baseline,0.45,1,ft2,Product,unweighted,qualitative,Collection of ACT product EPDs — unweighted average. ,"7/8"" Millennia®
 High-NRC Ceiling Panels (75/30/85)",TRUE,North America,276,kg/m3,999,Placeholder,e_tile,PLACEHOLDER,4,No,No,No,No,N/A,N/A,N/A,N/A,N/A,N/A,N/A,N/A,N/A,N/A,N/A,N/A,N/A,N/A,N/A,N/A,N/A,N/A,N/A,N/A,N/A,N/A,0.45,N/A,N/A,N/A,0.0012734042553192,0.0002192553191489,0.0000000037244681,0.0175212765957447,1.1968085106383000,No,N/A,N/A,N/A,N/A,N/A,N/A,N/A,N/A,N/A,N/A,N/A,N/A,N/A,N/A,N/A,N/A,N/A
Finishes,Acoustical ceiling tiles ,"ACT, NRC < 0.75",CLF 2025 Material Baselines,https://buildingtransparency.org/ec3/epds/ec3agdrb,1.043643264,High-80th%,0.55,1,ft2,N/A,N/A,N/A,"3/4"" Mars™ High-CAC and
Mars™ Healthcare High-CAC Ceiling Panels (60/40/90)",USG,TRUE,North America,358,kg/m3,999,Placeholder,e_tile,PLACEHOLDER,4,No,No,No,No,N/A,N/A,N/A,N/A,N/A,N/A,N/A,N/A,N/A,N/A,N/A,N/A,N/A,N/A,N/A,N/A,N/A,N/A,N/A,N/A,N/A,N/A,0.55,N/A,N/A,N/A,0.0014297912713473,0.0002546489563567,0.0000000040597723,0.0208728652751423,1.4297912713472500,No,N/A,N/A,N/A,N/A,N/A,N/A,N/A,N/A,N/A,N/A,N/A,N/A,N/A,N/A,N/A,N/A,N/A
Finishes,Acoustical ceiling tiles ,"ACT, NRC < 0.75",CLF 2025 Material Baselines,https://buildingtransparency.org/ec3/epds/ec3qf4je,0.992907801,Low-20th%,0.28,1,ft2,N/A,N/A,N/A,"1/2"" Orion 60 Ceiling Panels (60/23/87)",USG,TRUE,North America,269,kg/m3,999,Placeholder,e_tile,PLACEHOLDER,4,No,No,No,No,N/A,N/A,N/A,N/A,N/A,N/A,N/A,N/A,N/A,N/A,N/A,N/A,N/A,N/A,N/A,N/A,N/A,N/A,N/A,N/A,N/A,N/A,0.28,N/A,N/A,N/A,0.0008052482269504,0.0001777304964539,0.0000000038624113,0.0115177304964539,0.7337588652482270,No,N/A,N/A,N/A,N/A,N/A,N/A,N/A,N/A,N/A,N/A,N/A,N/A,N/A,N/A,N/A,N/A,N/A
Finishes,Acoustical ceiling tiles ,"ACT, 0.75 ≤ NRC ≤ 0.90",CLF 2025 Material Baselines,https://buildingtransparency.org/ec3/epds/ec37ea56,0.981308411,Baseline,2.1,1,ft2,Product,unweighted,qualitative,Collection of ACT product EPDs — unweighted average. ,Atmosphera® Group 1,TRUE,North America,36.4,kg/m3,999,Placeholder,e_tile,PLACEHOLDER,4,No,No,No,No,N/A,N/A,N/A,N/A,N/A,N/A,N/A,N/A,N/A,N/A,N/A,N/A,N/A,N/A,N/A,N/A,N/A,N/A,N/A,N/A,N/A,N/A,2.1,N/A,N/A,N/A,0.0068004672897196,0.0007330373831776,0.0000000000293411,0.0854719626168224,2.1098130841121500,No,N/A,N/A,N/A,N/A,N/A,N/A,N/A,N/A,N/A,N/A,N/A,N/A,N/A,N/A,N/A,N/A,N/A
Finishes,Acoustical ceiling tiles ,"ACT, 0.75 ≤ NRC ≤ 0.90",CLF 2025 Material Baselines,https://buildingtransparency.org/ec3/epds/ec33r7b1,0.942003515,High-80th%,5.36,1,ft2,N/A,N/A,N/A,"1"" Decoustics Clean-Air HIR1 Fabric Panel",CertainTeed Saint-Gobain,TRUE,North America,146.46,kg/m3,999,Placeholder,e_tile,PLACEHOLDER,4,No,No,No,No,N/A,N/A,N/A,N/A,N/A,N/A,N/A,N/A,N/A,N/A,N/A,N/A,N/A,N/A,N/A,N/A,N/A,N/A,N/A,N/A,N/A,N/A,5.36,N/A,N/A,N/A,0.0476653778558875,0.0032781722319859,0.0000000505855888,0.2468049209138840,N/A,No,N/A,N/A,N/A,N/A,N/A,N/A,N/A,N/A,N/A,N/A,N/A,N/A,N/A,N/A,N/A,N/A,N/A
Finishes,Acoustical ceiling tiles ,"ACT, 0.75 ≤ NRC ≤ 0.90",CLF 2025 Material Baselines,https://buildingtransparency.org/ec3/epds/ec3gqjgb,1.01010101,Low-20th%,0.4,1,ft2,N/A,N/A,N/A,"¾” Mars™ Healthcare, Mars™ Healthcare Clean Room, and Mars™ Healthcare with AirCare™ Coating Ceiling Panels (75/35/90)",USG,TRUE,North America,253,kg/m3,999,Placeholder,e_tile,PLACEHOLDER,4,No,No,No,No,N/A,N/A,N/A,N/A,N/A,N/A,N/A,N/A,N/A,N/A,N/A,N/A,N/A,N/A,N/A,N/A,N/A,N/A,N/A,N/A,N/A,N/A,0.4,N/A,N/A,N/A,0.0011111111111111,0.0002171717171717,0.0000000039292929,0.0160606060606061,1.0404040404040400,No,N/A,N/A,N/A,N/A,N/A,N/A,N/A,N/A,N/A,N/A,N/A,N/A,N/A,N/A,N/A,N/A,N/A
Finishes,Acoustical ceiling tiles ,"ACT, NRC > 0.90",CLF 2025 Material Baselines,https://buildingtransparency.org/ec3/epds/ec3kdtty,1.007194245,Baseline,2.8,1,ft2,Product,unweighted,qualitative,Collection of ACT product EPDs — unweighted average. ,Rulon Aluratone Veneer Panels,TRUE,North America,62.8,kg/m3,999,Placeholder,e_tile,inert,4,No,No,No,No,N/A,N/A,N/A,N/A,N/A,N/A,N/A,N/A,N/A,N/A,N/A,N/A,N/A,N/A,N/A,N/A,N/A,N/A,N/A,N/A,N/A,N/A,2.8,N/A,N/A,N/A,0.0130935251798561,0.0181294964028777,0.0000002588489209,0.2830215827338130,36.9640287769784000,No,N/A,N/A,N/A,N/A,N/A,N/A,N/A,N/A,N/A,N/A,N/A,N/A,N/A,N/A,N/A,N/A,N/A
Finishes,Acoustical ceiling tiles ,"ACT, NRC > 0.90",CLF 2025 Material Baselines,https://buildingtransparency.org/ec3/epds/ec3qca4x,1.004651163,High-80th%,4.32,1,ft2,N/A,N/A,N/A,"2"" Decoustics HIR1 Fabric Panel",CertainTeed Saint-Gobain,TRUE,North America,11,kg/m3,999,Placeholder,e_tile,inert,4,No,No,No,No,N/A,N/A,N/A,N/A,N/A,N/A,N/A,N/A,N/A,N/A,N/A,N/A,N/A,N/A,N/A,N/A,N/A,N/A,N/A,N/A,N/A,N/A,4.32,N/A,N/A,N/A,0.0380762790697674,0.0028733023255814,0.0000000525432558,0.2089674418604650,N/A,No,N/A,N/A,N/A,N/A,N/A,N/A,N/A,N/A,N/A,N/A,N/A,N/A,N/A,N/A,N/A,N/A,N/A
Finishes,Acoustical ceiling tiles ,"ACT, NRC > 0.90",CLF 2025 Material Baselines,https://buildingtransparency.org/ec3/epds/ec3gjt3g,1.03500761,Low-20th%,0.68,1,ft2,N/A,N/A,N/A,1.3in.Mars™ High-NRCHigh-CAC(90/40) and 1.3in. Mars™ Healthcare High-NRC High-CAC (90/40)Acoustical Ceiling Panels,USG,TRUE,North America,226,kg/m3,999,Placeholder,e_tile,inert,4,No,No,No,No,N/A,N/A,N/A,N/A,N/A,N/A,N/A,N/A,N/A,N/A,N/A,N/A,N/A,N/A,N/A,N/A,N/A,N/A,N/A,N/A,N/A,N/A,0.68,N/A,N/A,N/A,0.0018630136986301,0.0002711719939117,0.0000000040261796,0.0257716894977169,1.7595129375951300,No,N/A,N/A,N/A,N/A,N/A,N/A,N/A,N/A,N/A,N/A,N/A,N/A,N/A,N/A,N/A,N/A,N/A
Finishes,Tile,Ceramic tile,CLF 2025 Material Baselines,https://gstile.com/wp-content/uploads/2023/07/Full-Report_2020-EPD-for-Ceramic-Tile-Made-in-North-America.pdf?srsltid=AfmBOoqCO9awLm-Z9jxh1RIZVlKYg5BeZIY1BhjXvHbi7F3NM189T2mj,1,Baseline,14.1,1,m2,Industry,single,industry data,"Ceramic tile industry-average EPD (TNCA, 2020) ",Tile Council of North America (TNCA). (2020). Environmental Product Declaration: Ceramic Tile Industry-Wide EPD.,TRUE,North America,18.8,kg/m2,999,Placeholder,e_tile,PLACEHOLDER,4,No,No,No,No,N/A,N/A,N/A,N/A,N/A,N/A,N/A,N/A,N/A,N/A,N/A,N/A,N/A,N/A,N/A,N/A,N/A,N/A,N/A,N/A,N/A,N/A,14.1,N/A,N/A,N/A,0.0207000000000000,0.0014200000000000,0.0000000003150000,0.4210000000000000,183.0000000000000000,No,N/A,N/A,N/A,N/A,N/A,N/A,N/A,N/A,N/A,N/A,N/A,N/A,N/A,N/A,N/A,N/A,N/A
Finishes,Tile,Ceramic tile,N/A,N/A,#VALUE!,High-80th%,N/A,N/A,N/A,N/A,N/A,N/A,N/A,N/A,N/A,N/A,N/A,N/A,999,Placeholder,e_tile,PLACEHOLDER,4,No,No,No,No,N/A,N/A,N/A,N/A,N/A,N/A,N/A,N/A,N/A,N/A,N/A,N/A,N/A,N/A,N/A,N/A,N/A,N/A,N/A,N/A,N/A,N/A,N/A,N/A,N/A,N/A,N/A,N/A,N/A,N/A,N/A,No,N/A,N/A,N/A,N/A,N/A,N/A,N/A,N/A,N/A,N/A,N/A,N/A,N/A,N/A,N/A,N/A,N/A
Finishes,Tile,Ceramic tile,N/A,N/A,#VALUE!,Low-20th%,N/A,N/A,N/A,N/A,N/A,N/A,N/A,N/A,N/A,N/A,N/A,N/A,999,Placeholder,e_tile,PLACEHOLDER,4,No,No,No,No,N/A,N/A,N/A,N/A,N/A,N/A,N/A,N/A,N/A,N/A,N/A,N/A,N/A,N/A,N/A,N/A,N/A,N/A,N/A,N/A,N/A,N/A,N/A,N/A,N/A,N/A,N/A,N/A,N/A,N/A,N/A,No,N/A,N/A,N/A,N/A,N/A,N/A,N/A,N/A,N/A,N/A,N/A,N/A,N/A,N/A,N/A,N/A,N/A
Finishes,Resilient flooring ,Homogeneous vinyl flooring,CLF 2025 Material Baselines,https://rfci.com/wp-content/uploads/2024/05/SCS-EPD-10145_RFCI_Homogeneous-Sheet_050924_compressed.pdf,1.000454752,Baseline,7.48,1,m2,Industry,single,industry data,"Homogeneous vinyl flooring industry-average EPD (RFCI, 2024a) ",Resilient Floor Covering Institute (RFCI). (2024a). Industry-Average EPD: Homogeneous Sheet Vinyl Flooring. https://rfci.com/environmental-product-declaration/,TRUE,North America,3.26,kg/m2,999,Placeholder,e_sheet_other,PLACEHOLDER,4,No,No,No,No,N/A,N/A,N/A,N/A,N/A,N/A,N/A,N/A,N/A,N/A,N/A,N/A,N/A,N/A,N/A,N/A,N/A,N/A,N/A,N/A,N/A,N/A,7.48,N/A,N/A,N/A,0.0244030923146885,0.0216641473396999,0.0000059582282856,0.3842546612096410,N/A,No,N/A,N/A,N/A,N/A,N/A,N/A,N/A,N/A,N/A,N/A,N/A,N/A,N/A,N/A,N/A,N/A,N/A
Finishes,Resilient flooring ,Homogeneous vinyl flooring,N/A,N/A,#VALUE!,High-80th%,N/A,N/A,N/A,N/A,N/A,N/A,N/A,N/A,N/A,N/A,N/A,N/A,999,Placeholder,e_sheet_other,PLACEHOLDER,4,No,No,No,No,N/A,N/A,N/A,N/A,N/A,N/A,N/A,N/A,N/A,N/A,N/A,N/A,N/A,N/A,N/A,N/A,N/A,N/A,N/A,N/A,N/A,N/A,N/A,N/A,N/A,N/A,N/A,N/A,N/A,N/A,N/A,No,N/A,N/A,N/A,N/A,N/A,N/A,N/A,N/A,N/A,N/A,N/A,N/A,N/A,N/A,N/A,N/A,N/A
Finishes,Resilient flooring ,Homogeneous vinyl flooring,N/A,N/A,#VALUE!,Low-20th%,N/A,N/A,N/A,N/A,N/A,N/A,N/A,N/A,N/A,N/A,N/A,N/A,999,Placeholder,e_sheet_other,PLACEHOLDER,4,No,No,No,No,N/A,N/A,N/A,N/A,N/A,N/A,N/A,N/A,N/A,N/A,N/A,N/A,N/A,N/A,N/A,N/A,N/A,N/A,N/A,N/A,N/A,N/A,N/A,N/A,N/A,N/A,N/A,N/A,N/A,N/A,N/A,No,N/A,N/A,N/A,N/A,N/A,N/A,N/A,N/A,N/A,N/A,N/A,N/A,N/A,N/A,N/A,N/A,N/A
Finishes,Resilient flooring ,Heterogeneous vinyl flooring,CLF 2025 Material Baselines,https://rfci.com/wp-content/uploads/2024/05/SCS-EPD-10144_RFCI_Heterogeneous-Sheet_050924_compressed.pdf,0.999659401,Baseline,5.87,1,m2,Industry,single,industry data,"Heterogeneous vinyl flooring industry-average EPD (RFCI, 2024b) ",Resilient Floor Covering Institute (RFCI). (2024b). Industry-Average EPD: Heterogeneous Sheet Vinyl Flooring. https://rfci.com/environmental-product-declaration/,TRUE,North America,2.66,kg/m2,999,Placeholder,e_sheet_other,PLACEHOLDER,4,No,No,No,No,N/A,N/A,N/A,N/A,N/A,N/A,N/A,N/A,N/A,N/A,N/A,N/A,N/A,N/A,N/A,N/A,N/A,N/A,N/A,N/A,N/A,N/A,5.87,N/A,N/A,N/A,0.0192634366485014,0.0128806113760218,0.0000066813535593,0.3128933923705720,N/A,No,N/A,N/A,N/A,N/A,N/A,N/A,N/A,N/A,N/A,N/A,N/A,N/A,N/A,N/A,N/A,N/A,N/A
Finishes,Resilient flooring ,Heterogeneous vinyl flooring,N/A,N/A,#VALUE!,High-80th%,N/A,N/A,N/A,N/A,N/A,N/A,N/A,N/A,N/A,N/A,N/A,N/A,999,Placeholder,e_sheet_other,PLACEHOLDER,4,No,No,No,No,N/A,N/A,N/A,N/A,N/A,N/A,N/A,N/A,N/A,N/A,N/A,N/A,N/A,N/A,N/A,N/A,N/A,N/A,N/A,N/A,N/A,N/A,N/A,N/A,N/A,N/A,N/A,N/A,N/A,N/A,N/A,No,N/A,N/A,N/A,N/A,N/A,N/A,N/A,N/A,N/A,N/A,N/A,N/A,N/A,N/A,N/A,N/A,N/A
Finishes,Resilient flooring ,Heterogeneous vinyl flooring,N/A,N/A,#VALUE!,Low-20th%,N/A,N/A,N/A,N/A,N/A,N/A,N/A,N/A,N/A,N/A,N/A,N/A,999,Placeholder,e_sheet_other,PLACEHOLDER,4,No,No,No,No,N/A,N/A,N/A,N/A,N/A,N/A,N/A,N/A,N/A,N/A,N/A,N/A,N/A,N/A,N/A,N/A,N/A,N/A,N/A,N/A,N/A,N/A,N/A,N/A,N/A,N/A,N/A,N/A,N/A,N/A,N/A,No,N/A,N/A,N/A,N/A,N/A,N/A,N/A,N/A,N/A,N/A,N/A,N/A,N/A,N/A,N/A,N/A,N/A
Finishes,Resilient flooring ,"Rubber flooring, ≅3.2 mm",CLF 2025 Material Baselines,https://rfci.com/wp-content/uploads/2024/05/SCS-EPD-10148_RFCI_Rubber-Flooring_050924_compressed.pdf,1.000926784,Baseline,10.8,1,m2,Industry,single,industry data,"Rubber Flooring industry-average EPD (RFCI, 2024e) ",Resilient Floor Covering Institute (RFCI). (2024e). Industry-Average EPD: Rubber Sheet and Tile Flooring. https://rfci.com/environmental-product-declaration/,TRUE,North America,5.17,kg/m2,999,Placeholder,e_sheet_other,PLACEHOLDER,4,No,No,No,No,N/A,N/A,N/A,N/A,N/A,N/A,N/A,N/A,N/A,N/A,N/A,N/A,N/A,N/A,N/A,N/A,N/A,N/A,N/A,N/A,N/A,N/A,10.8,N/A,N/A,N/A,0.0482746987951807,0.0271151065801668,0.0000007914328082,0.6168711770157550,N/A,No,N/A,N/A,N/A,N/A,N/A,N/A,N/A,N/A,N/A,N/A,N/A,N/A,N/A,N/A,N/A,N/A,N/A
Finishes,Resilient flooring ,"Rubber flooring, ≅3.2 mm",N/A,N/A,#VALUE!,High-80th%,N/A,N/A,N/A,N/A,N/A,N/A,N/A,N/A,N/A,N/A,N/A,N/A,999,Placeholder,e_sheet_other,PLACEHOLDER,4,No,No,No,No,N/A,N/A,N/A,N/A,N/A,N/A,N/A,N/A,N/A,N/A,N/A,N/A,N/A,N/A,N/A,N/A,N/A,N/A,N/A,N/A,N/A,N/A,N/A,N/A,N/A,N/A,N/A,N/A,N/A,N/A,N/A,No,N/A,N/A,N/A,N/A,N/A,N/A,N/A,N/A,N/A,N/A,N/A,N/A,N/A,N/A,N/A,N/A,N/A
Finishes,Resilient flooring ,"Rubber flooring, ≅3.2 mm",N/A,N/A,#VALUE!,Low-20th%,N/A,N/A,N/A,N/A,N/A,N/A,N/A,N/A,N/A,N/A,N/A,N/A,999,Placeholder,e_sheet_other,PLACEHOLDER,4,No,No,No,No,N/A,N/A,N/A,N/A,N/A,N/A,N/A,N/A,N/A,N/A,N/A,N/A,N/A,N/A,N/A,N/A,N/A,N/A,N/A,N/A,N/A,N/A,N/A,N/A,N/A,N/A,N/A,N/A,N/A,N/A,N/A,No,N/A,N/A,N/A,N/A,N/A,N/A,N/A,N/A,N/A,N/A,N/A,N/A,N/A,N/A,N/A,N/A,N/A
Finishes,Resilient flooring ,"Luxury vinyl tile (LVT), glue down",CLF 2025 Material Baselines,https://rfci.com/wp-content/uploads/2024/05/SCS-EPD-10146_RFCI_LVT-Gluedown_050924_compressed.pdf,1.003385657,Baseline,9.78,1,m2,Industry,single,industry data,"Glue-down luxury vinyl tile (LVT) industry-average EPD (RFCI, 2024c) ",Resilient Floor Covering Institute (RFCI). (2024c). Industry-Average EPD: Luxury Vinyl Tile (LVT) – Gluedown Flooring. https://rfci.com/environmental-product-declaration/,TRUE,North America,4.48,kg/m2,999,Placeholder,e_tile,PLACEHOLDER,4,No,No,No,No,N/A,N/A,N/A,N/A,N/A,N/A,N/A,N/A,N/A,N/A,N/A,N/A,N/A,N/A,N/A,N/A,N/A,N/A,N/A,N/A,N/A,N/A,9.78,N/A,N/A,N/A,0.0292687596183441,0.0451894798399508,0.0000062463666974,0.4997863958140970,N/A,No,N/A,N/A,N/A,N/A,N/A,N/A,N/A,N/A,N/A,N/A,N/A,N/A,N/A,N/A,N/A,N/A,N/A
Finishes,Resilient flooring ,"Luxury vinyl tile (LVT), glue down",N/A,N/A,#VALUE!,High-80th%,N/A,N/A,N/A,N/A,N/A,N/A,N/A,N/A,N/A,N/A,N/A,N/A,999,Placeholder,e_tile,PLACEHOLDER,4,No,No,No,No,N/A,N/A,N/A,N/A,N/A,N/A,N/A,N/A,N/A,N/A,N/A,N/A,N/A,N/A,N/A,N/A,N/A,N/A,N/A,N/A,N/A,N/A,N/A,N/A,N/A,N/A,N/A,N/A,N/A,N/A,N/A,No,N/A,N/A,N/A,N/A,N/A,N/A,N/A,N/A,N/A,N/A,N/A,N/A,N/A,N/A,N/A,N/A,N/A
Finishes,Resilient flooring ,"Luxury vinyl tile (LVT), glue down",N/A,N/A,#VALUE!,Low-20th%,N/A,N/A,N/A,N/A,N/A,N/A,N/A,N/A,N/A,N/A,N/A,N/A,999,Placeholder,e_tile,PLACEHOLDER,4,No,No,No,No,N/A,N/A,N/A,N/A,N/A,N/A,N/A,N/A,N/A,N/A,N/A,N/A,N/A,N/A,N/A,N/A,N/A,N/A,N/A,N/A,N/A,N/A,N/A,N/A,N/A,N/A,N/A,N/A,N/A,N/A,N/A,No,N/A,N/A,N/A,N/A,N/A,N/A,N/A,N/A,N/A,N/A,N/A,N/A,N/A,N/A,N/A,N/A,N/A
Finishes,Resilient flooring ,"Luxury vinyl tile (LVT), loose lay",CLF 2025 Material Baselines,https://rfci.com/wp-content/uploads/2024/05/SCS-EPD-10147_RFCI_LVT-LooseLay_050924_compressed.pdf,0.996991835,Baseline,11.6,1,m2,Industry,single,industry data,"Loose-lay luxury vinyl tile (LVT) industry-average EPD (RFCI, 2024d) ",Resilient Floor Covering Institute (RFCI). (2024d). Industry-Average EPD: Luxury Vinyl Tile (LVT) – Looselay Flooring. https://rfci.com/environmental-product-declaration/,TRUE,North America,9.17,kg/m2,999,Placeholder,e_tile,PLACEHOLDER,4,No,No,No,No,N/A,N/A,N/A,N/A,N/A,N/A,N/A,N/A,N/A,N/A,N/A,N/A,N/A,N/A,N/A,N/A,N/A,N/A,N/A,N/A,N/A,N/A,11.6,N/A,N/A,N/A,0.0374569832402235,0.0552542844864633,0.0000096132943704,0.6564194241512680,N/A,No,N/A,N/A,N/A,N/A,N/A,N/A,N/A,N/A,N/A,N/A,N/A,N/A,N/A,N/A,N/A,N/A,N/A
Finishes,Resilient flooring ,"Luxury vinyl tile (LVT), loose lay",N/A,N/A,#VALUE!,High-80th%,N/A,N/A,N/A,N/A,N/A,N/A,N/A,N/A,N/A,N/A,N/A,N/A,999,Placeholder,e_tile,PLACEHOLDER,4,No,No,No,No,N/A,N/A,N/A,N/A,N/A,N/A,N/A,N/A,N/A,N/A,N/A,N/A,N/A,N/A,N/A,N/A,N/A,N/A,N/A,N/A,N/A,N/A,N/A,N/A,N/A,N/A,N/A,N/A,N/A,N/A,N/A,No,N/A,N/A,N/A,N/A,N/A,N/A,N/A,N/A,N/A,N/A,N/A,N/A,N/A,N/A,N/A,N/A,N/A
Finishes,Resilient flooring ,"Luxury vinyl tile (LVT), loose lay",N/A,N/A,#VALUE!,Low-20th%,N/A,N/A,N/A,N/A,N/A,N/A,N/A,N/A,N/A,N/A,N/A,N/A,999,Placeholder,e_tile,PLACEHOLDER,4,No,No,No,No,N/A,N/A,N/A,N/A,N/A,N/A,N/A,N/A,N/A,N/A,N/A,N/A,N/A,N/A,N/A,N/A,N/A,N/A,N/A,N/A,N/A,N/A,N/A,N/A,N/A,N/A,N/A,N/A,N/A,N/A,N/A,No,N/A,N/A,N/A,N/A,N/A,N/A,N/A,N/A,N/A,N/A,N/A,N/A,N/A,N/A,N/A,N/A,N/A
Finishes,Resilient flooring ,"Rigid core flooring, SPC",CLF 2025 Material Baselines,https://rfci.com/wp-content/uploads/2024/05/SCS-EPD-10149_RFCI_SPC-RigidCore_050924_compressed.pdf,1.000473525,Baseline,8.24,1,m2,Industry,single,industry data,"SPC rigid core flooring industry-average EPD  (RFCI, 2024f) ",Resilient Floor Covering Institute (RFCI). (2024f). Industry-Average EPD: SPC Rigid Core Flooring. https://rfci.com/environmental-product-declaration/,TRUE,North America,8.92,kg/m2,999,Placeholder,e_sheet_other,PLACEHOLDER,4,No,No,No,No,N/A,N/A,N/A,N/A,N/A,N/A,N/A,N/A,N/A,N/A,N/A,N/A,N/A,N/A,N/A,N/A,N/A,N/A,N/A,N/A,N/A,N/A,8.24,N/A,N/A,N/A,0.0287756195286604,0.0165782465001639,0.0000069850940518,0.5044387513507610,N/A,No,N/A,N/A,N/A,N/A,N/A,N/A,N/A,N/A,N/A,N/A,N/A,N/A,N/A,N/A,N/A,N/A,N/A
Finishes,Resilient flooring ,"Rigid core flooring, SPC",N/A,N/A,#VALUE!,High-80th%,N/A,N/A,N/A,N/A,N/A,N/A,N/A,N/A,N/A,N/A,N/A,N/A,999,Placeholder,e_sheet_other,PLACEHOLDER,4,No,No,No,No,N/A,N/A,N/A,N/A,N/A,N/A,N/A,N/A,N/A,N/A,N/A,N/A,N/A,N/A,N/A,N/A,N/A,N/A,N/A,N/A,N/A,N/A,N/A,N/A,N/A,N/A,N/A,N/A,N/A,N/A,N/A,No,N/A,N/A,N/A,N/A,N/A,N/A,N/A,N/A,N/A,N/A,N/A,N/A,N/A,N/A,N/A,N/A,N/A
Finishes,Resilient flooring ,"Rigid core flooring, SPC",N/A,N/A,#VALUE!,Low-20th%,N/A,N/A,N/A,N/A,N/A,N/A,N/A,N/A,N/A,N/A,N/A,N/A,999,Placeholder,e_sheet_other,PLACEHOLDER,4,No,No,No,No,N/A,N/A,N/A,N/A,N/A,N/A,N/A,N/A,N/A,N/A,N/A,N/A,N/A,N/A,N/A,N/A,N/A,N/A,N/A,N/A,N/A,N/A,N/A,N/A,N/A,N/A,N/A,N/A,N/A,N/A,N/A,No,N/A,N/A,N/A,N/A,N/A,N/A,N/A,N/A,N/A,N/A,N/A,N/A,N/A,N/A,N/A,N/A,N/A
Finishes,Resilient flooring ,Vinyl composition tile (VCT),CLF 2025 Material Baselines,https://rfci.com/wp-content/uploads/2024/05/SCS-EPD-10151_RFCI_VCT_050924_compressed.pdf,0.999784064,Baseline,4.63,1,m2,Industry,single,industry data,"VCT industry-average EPD  (RFCI, 2024i) ",Resilient Floor Covering Institute (RFCI). (2024h). Industry-Average EPD: Solid Vinyl Tile (SVT) Flooring. https://rfci.com/environmental-product-declaration/,TRUE,North America,7.62,kg/m2,999,Placeholder,e_tile,PLACEHOLDER,4,No,No,No,No,N/A,N/A,N/A,N/A,N/A,N/A,N/A,N/A,N/A,N/A,N/A,N/A,N/A,N/A,N/A,N/A,N/A,N/A,N/A,N/A,N/A,N/A,4.63,N/A,N/A,N/A,0.0186859641546102,0.0112255754696610,0.0000020395294969,0.3160317426041890,N/A,No,N/A,N/A,N/A,N/A,N/A,N/A,N/A,N/A,N/A,N/A,N/A,N/A,N/A,N/A,N/A,N/A,N/A
Finishes,Resilient flooring ,Vinyl composition tile (VCT),N/A,N/A,#VALUE!,High-80th%,N/A,N/A,N/A,N/A,N/A,N/A,N/A,N/A,N/A,N/A,N/A,N/A,999,Placeholder,e_tile,PLACEHOLDER,4,No,No,No,No,N/A,N/A,N/A,N/A,N/A,N/A,N/A,N/A,N/A,N/A,N/A,N/A,N/A,N/A,N/A,N/A,N/A,N/A,N/A,N/A,N/A,N/A,N/A,N/A,N/A,N/A,N/A,N/A,N/A,N/A,N/A,No,N/A,N/A,N/A,N/A,N/A,N/A,N/A,N/A,N/A,N/A,N/A,N/A,N/A,N/A,N/A,N/A,N/A
Finishes,Resilient flooring ,Vinyl composition tile (VCT),N/A,N/A,#VALUE!,Low-20th%,N/A,N/A,N/A,N/A,N/A,N/A,N/A,N/A,N/A,N/A,N/A,N/A,999,Placeholder,e_tile,PLACEHOLDER,4,No,No,No,No,N/A,N/A,N/A,N/A,N/A,N/A,N/A,N/A,N/A,N/A,N/A,N/A,N/A,N/A,N/A,N/A,N/A,N/A,N/A,N/A,N/A,N/A,N/A,N/A,N/A,N/A,N/A,N/A,N/A,N/A,N/A,No,N/A,N/A,N/A,N/A,N/A,N/A,N/A,N/A,N/A,N/A,N/A,N/A,N/A,N/A,N/A,N/A,N/A
Openings,Flat glass ,Flat glass,CLF 2025 Material Baselines,https://www.glass.org/sites/default/files/2019-12/NGA_EPD_2019_12_16_signed.pdf,1,Baseline,1430,1,metric ton,Industry,single,industry data,"Flat glass industry-average EPD (NGA, 2019) ",National Glass Association (NGA). (2019). Environmental Product Declaration: Flat Glass. ASTM International.,FALSE,North America,7.5,"kg/(m2,3mm thickness)",999,Placeholder,null,PLACEHOLDER,4,No,No,Yes,No,N/A,0.9,N/A,N/A,N/A,N/A,0.83,0.07,0.07,0.89,0.08,0.08,0,0.84,0.84,N/A,N/A,N/A,N/A,N/A,N/A,N/A,1430,N/A,N/A,N/A,6.5900000000000000,0.3490000000000000,0.0000000007710000,168.0000000000000000,N/A,No,N/A,N/A,N/A,N/A,N/A,N/A,N/A,N/A,N/A,N/A,N/A,N/A,N/A,N/A,N/A,N/A,N/A
Openings,Flat glass ,Flat glass,CLF 2025 Material Baselines,https://smartepd.com/epd-library/6541227309190fb7b49817c9,1.060465116,High-80th%,1368,1,metric ton,N/A,N/A,N/A,​FLAT GLASS 3mm,Saint-Gobain GLASS,FALSE,North America,7.5,"kg/(m2,3mm thickness)",999,Placeholder,null,PLACEHOLDER,4,No,No,Yes,No,N/A,1.9,N/A,N/A,N/A,N/A,0.83,0.07,0.07,0.89,0.08,0.08,0,0.84,0.84,N/A,N/A,N/A,N/A,N/A,N/A,N/A,1368,N/A,N/A,N/A,10.2016744186047000,5.0160000000000000,0.0000805953488372,93.3209302325581000,565.2279069767440000,No,N/A,N/A,N/A,N/A,N/A,N/A,N/A,N/A,N/A,N/A,N/A,N/A,N/A,N/A,N/A,N/A,N/A
Openings,Flat glass ,Flat glass,CLF 2025 Material Baselines,https://smartepd.com/epd-library/659826929e6b30151921d6d3,1,Low-20th%,1250,1,metric ton,N/A,N/A,N/A,​FLAT GLASS 8mm,Saint-Gobain GLASS,FALSE,North America,20,"kg/(m2, 8mm thickness)",999,Placeholder,null,PLACEHOLDER,4,No,No,Yes,No,N/A,2.9,N/A,N/A,N/A,N/A,0.83,0.07,0.07,0.89,0.08,0.08,0,0.84,0.84,N/A,N/A,N/A,N/A,N/A,N/A,N/A,1250,N/A,N/A,N/A,9.5000000000000000,4.7500000000000000,0.0000760000000000,86.1000000000000000,2350.0000000000000000,No,N/A,N/A,N/A,N/A,N/A,N/A,N/A,N/A,N/A,N/A,N/A,N/A,N/A,N/A,N/A,N/A,N/A
Openings,Processed glass ,Processed glass panes,N/A,N/A,#VALUE!,Baseline,N/A,N/A,N/A,N/A,N/A,N/A,N/A,N/A,N/A,N/A,N/A,N/A,999,Placeholder,null,PLACEHOLDER,4,No,No,No,No,N/A,N/A,N/A,N/A,N/A,N/A,N/A,N/A,N/A,N/A,N/A,N/A,N/A,N/A,N/A,N/A,N/A,N/A,N/A,N/A,N/A,N/A,N/A,N/A,N/A,N/A,N/A,N/A,N/A,N/A,N/A,No,N/A,N/A,N/A,N/A,N/A,N/A,N/A,N/A,N/A,N/A,N/A,N/A,N/A,N/A,N/A,N/A,N/A
Openings,Processed glass ,Processed glass panes,CLF 2025 Material Baselines,https://buildingtransparency.org/ec3/epds/ec373rs8,0.99871959,High-80th%,78,1,m2,N/A,N/A,N/A,LINEAR59 SINGLE-GLAZED PARTITION SYSTEM,RP Products Ltd,TRUE,North America,36,"kg/(m2, 12.8mm thickness)",999,Placeholder,null,PLACEHOLDER,4,No,No,No,No,N/A,N/A,N/A,N/A,N/A,N/A,N/A,N/A,N/A,N/A,N/A,N/A,N/A,N/A,N/A,N/A,N/A,N/A,N/A,N/A,N/A,N/A,78,N/A,N/A,N/A,0.3215877080665810,0.0270653008962868,0.0000075103713188,0.0209731113956466,1108.5787451984600000,No,N/A,N/A,N/A,N/A,N/A,N/A,N/A,N/A,N/A,N/A,N/A,N/A,N/A,N/A,N/A,N/A,N/A
Openings,Processed glass ,Processed glass panes,CLF 2025 Material Baselines,https://buildingtransparency.org/ec3/epds/ec3f137n,1.223140496,Low-20th%,14.8,1,m2,N/A,N/A,N/A,S-P-09945 Magnetron coating on ORAÉ® 8 mm,Saint-Gobain,FALSE,North America,2500,kg/m3,999,Placeholder,null,PLACEHOLDER,4,No,No,No,No,N/A,N/A,N/A,N/A,N/A,N/A,N/A,N/A,N/A,N/A,N/A,N/A,N/A,N/A,N/A,N/A,N/A,N/A,N/A,N/A,N/A,N/A,14.8,N/A,N/A,N/A,0.0791371900826446,0.0212826446280992,0.0000000114975207,0.0458677685950413,N/A,No,N/A,N/A,N/A,N/A,N/A,N/A,N/A,N/A,N/A,N/A,N/A,N/A,N/A,N/A,N/A,N/A,N/A
Openings,Processed glass ,Insulated glazing unit (IGU),N/A,N/A,#VALUE!,Baseline,N/A,N/A,N/A,N/A,N/A,N/A,N/A,N/A,N/A,N/A,N/A,N/A,999,Placeholder,p_custom,PLACEHOLDER,4,No,No,No,No,N/A,N/A,N/A,N/A,N/A,N/A,N/A,N/A,N/A,N/A,N/A,N/A,N/A,N/A,N/A,N/A,N/A,N/A,N/A,N/A,N/A,N/A,N/A,N/A,N/A,N/A,N/A,N/A,N/A,N/A,N/A,No,N/A,N/A,N/A,N/A,N/A,N/A,N/A,N/A,N/A,N/A,N/A,N/A,N/A,N/A,N/A,N/A,N/A
Openings,Processed glass ,Insulated glazing unit (IGU),CLF 2025 Material Baselines,https://buildingtransparency.org/ec3/epds/ec3ku1dd,1.011627907,High-80th%,87,1,m2,N/A,N/A,N/A,UNIT Viracon 1-1/8” Clear Insulating Low-E Coated Glass Unit with a 3/8” Outboard Lite with a ½” VTS Airspace and Both Lites Heat Treated,Viracon (2023),FALSE,US,40.99,"kg/(m2, 28.6mm thickness)",999,Placeholder,p_custom,PLACEHOLDER,4,No,No,No,No,N/A,N/A,N/A,N/A,N/A,N/A,N/A,N/A,N/A,N/A,N/A,N/A,N/A,N/A,N/A,N/A,N/A,N/A,N/A,N/A,N/A,N/A,87,N/A,N/A,N/A,0.3894767441860470,0.0748604651162791,0.0001911976744186,8.3459302325581400,1166.4069767441900000,No,N/A,N/A,N/A,N/A,N/A,N/A,N/A,N/A,N/A,N/A,N/A,N/A,N/A,N/A,N/A,N/A,N/A
Openings,Processed glass ,Insulated glazing unit (IGU),CLF 2025 Material Baselines,https://buildingtransparency.org/ec3/epds/ec3xkg0w,0.943722944,Low-20th%,65.4,1,m2,N/A,N/A,N/A,"1” Clear Insulating Low-E Coated Glass Unit with a 9/16"" Silicone Sightline with a ½” VTS Airspace and Both Lites Heat Treated",Viracon (2023),FALSE,US,30.99,"kg/(m2, 25.4mm thickness)",999,Placeholder,p_custom,PLACEHOLDER,4,No,No,No,No,N/A,N/A,N/A,N/A,N/A,N/A,N/A,N/A,N/A,N/A,N/A,N/A,N/A,N/A,N/A,N/A,N/A,N/A,N/A,N/A,N/A,N/A,65.4,N/A,N/A,N/A,0.2972727272727270,0.0660606060606061,0.0001783636363636,6.0964502164502200,871.0562770562770000,No,N/A,N/A,N/A,N/A,N/A,N/A,N/A,N/A,N/A,N/A,N/A,N/A,N/A,N/A,N/A,N/A,N/A
Openings,Curtain wall ,Curtain wall ,N/A,N/A,#VALUE!,Baseline,N/A,N/A,N/A,N/A,N/A,N/A,N/A,N/A,N/A,N/A,N/A,N/A,999,Placeholder,p_custom,PLACEHOLDER,4,No,No,No,No,N/A,N/A,N/A,N/A,N/A,N/A,N/A,N/A,N/A,N/A,N/A,N/A,N/A,N/A,N/A,N/A,N/A,N/A,N/A,N/A,N/A,N/A,N/A,N/A,N/A,N/A,N/A,N/A,N/A,N/A,N/A,No,N/A,N/A,N/A,N/A,N/A,N/A,N/A,N/A,N/A,N/A,N/A,N/A,N/A,N/A,N/A,N/A,N/A
Openings,Curtain wall ,Curtain wall ,CLF 2025 Material Baselines,https://buildingtransparency.org/ec3/epds/ec3adkwa,1.231707317,High-80th%,303,1,m2,N/A,N/A,N/A,"UNIT Viracon 1-3/8"" Viracon PLUS™ Smart Glass Powered by HALIO® Insulating Glass Unit with All Lites Heat Treated",Viracon (2023),FALSE,US,50.87,"kg/(m2, 34.9mm thickness)",999,Placeholder,p_custom,PLACEHOLDER,4,No,No,No,No,N/A,N/A,N/A,N/A,N/A,N/A,N/A,N/A,N/A,N/A,N/A,N/A,N/A,N/A,N/A,N/A,N/A,N/A,N/A,N/A,N/A,N/A,303,N/A,N/A,N/A,1.4337073170731700,0.6170853658536590,0.0005148536585366,22.7865853658537000,3521.4512195122000000,No,N/A,N/A,N/A,N/A,N/A,N/A,N/A,N/A,N/A,N/A,N/A,N/A,N/A,N/A,N/A,N/A,N/A
Openings,Curtain wall ,Curtain wall ,CLF 2025 Material Baselines,https://buildingtransparency.org/ec3/epds/ec3wywk7,1.630804077,Low-20th%,144,1,m2,N/A,N/A,N/A,Prel-UniT and Prel-AirSecur,Prelco (2023),FALSE,US,33.9,"kg/(m2, 13.6mm thickness)",999,Placeholder,p_custom,PLACEHOLDER,4,No,No,No,No,N/A,N/A,N/A,N/A,N/A,N/A,N/A,N/A,N/A,N/A,N/A,N/A,N/A,N/A,N/A,N/A,N/A,N/A,N/A,N/A,N/A,N/A,144,N/A,N/A,N/A,0.7860475651189130,0.0812140430351076,0.0000012801812005,18.4280860702152000,1201.9026047565100000,No,N/A,N/A,N/A,N/A,N/A,N/A,N/A,N/A,N/A,N/A,N/A,N/A,N/A,N/A,N/A,N/A,N/A
Cladding & roofing,Metal panel cladding ,Roll-formed metal panel - steel,CLF 2025 Material Baselines,https://www.metalconstruction.org/view/download.php/online-education/education-materials/edp-educational-files/epd-for-formed-metal-sheets,1,Baseline,1530,100,m2,Industry,single,industry data,"Roll-formed metal panel industry-average EPD (MCA, 2020c) ",Metal Construction Association (MCA). (2020c). Environmental Product Declaration: Roll Formed Cladding Wall and Roof Cladding Systems.,FALSE,North America,277,kg/100m2,999,Placeholder,p_custom,PLACEHOLDER,4,No,No,No,No,N/A,N/A,N/A,N/A,N/A,N/A,N/A,N/A,N/A,N/A,N/A,N/A,N/A,N/A,N/A,N/A,N/A,N/A,N/A,N/A,N/A,N/A,1530,N/A,N/A,N/A,4.0000000000000000,0.1810000000000000,0.0000188000000000,64.9000000000000000,720.0000000000000000,No,N/A,N/A,N/A,N/A,N/A,N/A,N/A,N/A,N/A,N/A,N/A,N/A,N/A,N/A,N/A,N/A,N/A
Cladding & roofing,Metal panel cladding ,Roll-formed metal panel - steel,N/A,N/A,#VALUE!,High-80th%,N/A,N/A,N/A,N/A,N/A,N/A,N/A,N/A,N/A,N/A,N/A,N/A,999,Placeholder,p_custom,PLACEHOLDER,4,No,No,No,No,N/A,N/A,N/A,N/A,N/A,N/A,N/A,N/A,N/A,N/A,N/A,N/A,N/A,N/A,N/A,N/A,N/A,N/A,N/A,N/A,N/A,N/A,N/A,N/A,N/A,N/A,N/A,N/A,N/A,N/A,N/A,No,N/A,N/A,N/A,N/A,N/A,N/A,N/A,N/A,N/A,N/A,N/A,N/A,N/A,N/A,N/A,N/A,N/A
Cladding & roofing,Metal panel cladding ,Roll-formed metal panel - steel,N/A,N/A,#VALUE!,Low-20th%,N/A,N/A,N/A,N/A,N/A,N/A,N/A,N/A,N/A,N/A,N/A,N/A,999,Placeholder,p_custom,PLACEHOLDER,4,No,No,No,No,N/A,N/A,N/A,N/A,N/A,N/A,N/A,N/A,N/A,N/A,N/A,N/A,N/A,N/A,N/A,N/A,N/A,N/A,N/A,N/A,N/A,N/A,N/A,N/A,N/A,N/A,N/A,N/A,N/A,N/A,N/A,No,N/A,N/A,N/A,N/A,N/A,N/A,N/A,N/A,N/A,N/A,N/A,N/A,N/A,N/A,N/A,N/A,N/A
Cladding & roofing,Metal panel cladding ,Roll-formed metal panel - aluminum,CLF 2025 Material Baselines,https://www.metalconstruction.org/view/download.php/online-education/education-materials/edp-educational-files/epd-for-formed-metal-sheets,1,Baseline,1860,100,m2,Industry,single,industry data,"Roll-formed metal panel industry-average EPD (MCA, 2020c) ",Metal Construction Association (MCA). (2020c). Environmental Product Declaration: Roll Formed Cladding Wall and Roof Cladding Systems.,FALSE,North America,491,kg/100m2,999,Placeholder,p_custom,PLACEHOLDER,4,No,No,No,No,N/A,N/A,N/A,N/A,N/A,N/A,N/A,N/A,N/A,N/A,N/A,N/A,N/A,N/A,N/A,N/A,N/A,N/A,N/A,N/A,N/A,N/A,1860,N/A,N/A,N/A,9.1200000000000000,0.2270000000000000,0.0000186000000000,91.7000000000000000,2100.0000000000000000,No,N/A,N/A,N/A,N/A,N/A,N/A,N/A,N/A,N/A,N/A,N/A,N/A,N/A,N/A,N/A,N/A,N/A
Cladding & roofing,Metal panel cladding ,Roll-formed metal panel - aluminum,N/A,N/A,#VALUE!,High-80th%,N/A,N/A,N/A,N/A,N/A,N/A,N/A,N/A,N/A,N/A,N/A,N/A,999,Placeholder,p_custom,PLACEHOLDER,4,No,No,No,No,N/A,N/A,N/A,N/A,N/A,N/A,N/A,N/A,N/A,N/A,N/A,N/A,N/A,N/A,N/A,N/A,N/A,N/A,N/A,N/A,N/A,N/A,N/A,N/A,N/A,N/A,N/A,N/A,N/A,N/A,N/A,No,N/A,N/A,N/A,N/A,N/A,N/A,N/A,N/A,N/A,N/A,N/A,N/A,N/A,N/A,N/A,N/A,N/A
Cladding & roofing,Metal panel cladding ,Roll-formed metal panel - aluminum,N/A,N/A,#VALUE!,Low-20th%,N/A,N/A,N/A,N/A,N/A,N/A,N/A,N/A,N/A,N/A,N/A,N/A,999,Placeholder,p_custom,PLACEHOLDER,4,No,No,No,No,N/A,N/A,N/A,N/A,N/A,N/A,N/A,N/A,N/A,N/A,N/A,N/A,N/A,N/A,N/A,N/A,N/A,N/A,N/A,N/A,N/A,N/A,N/A,N/A,N/A,N/A,N/A,N/A,N/A,N/A,N/A,No,N/A,N/A,N/A,N/A,N/A,N/A,N/A,N/A,N/A,N/A,N/A,N/A,N/A,N/A,N/A,N/A,N/A
Cladding & roofing,Metal panel cladding ,Roll-formed metal panel (all),CLF 2025 Material Baselines,"Roll-formed metal panel industry-average EPD (MCA, 2020c), unweighted average of metal types. Parent category baseline.",1.002949853,Baseline,1700,100,m2,Industry,multi-unweighted,industry data,"Roll-formed metal panel industry-average EPD (MCA, 2020c), unweighted average of metal types. Parent category baseline.",Metal Construction Association (MCA). (2020c). Environmental Product Declaration: Roll Formed Cladding Wall and Roof Cladding Systems.,FALSE,North America,384,kg/100m2,999,Placeholder,p_custom,PLACEHOLDER,4,No,No,No,No,N/A,N/A,N/A,N/A,N/A,N/A,N/A,N/A,N/A,N/A,N/A,N/A,N/A,N/A,N/A,N/A,N/A,N/A,N/A,N/A,N/A,N/A,1700,N/A,N/A,N/A,6.5793510324483800,0.2046017699115040,0.0000187551622419,78.5309734513274000,1414.1592920354000000,No,N/A,N/A,N/A,N/A,N/A,N/A,N/A,N/A,N/A,N/A,N/A,N/A,N/A,N/A,N/A,N/A,N/A
Cladding & roofing,Metal panel cladding ,Roll-formed metal panel (all),CLF 2025 Material Baselines,https://buildingtransparency.org/ec3/epds/ec3f137n,0.896277916,High-80th%,3612,100,m2,N/A,N/A,N/A,"Isoparfire Adriawall Rock, A06 - A05",Lattonedil S.p.A,FALSE,North America,8.96,kg/m2,999,Placeholder,p_custom,PLACEHOLDER,4,No,No,No,No,N/A,N/A,N/A,N/A,N/A,N/A,N/A,N/A,N/A,N/A,N/A,N/A,N/A,N/A,N/A,N/A,N/A,N/A,N/A,N/A,N/A,N/A,3612,N/A,N/A,N/A,53.1492803970223000,14.9678411910670000,0.0003029419354839,1.7925558312655100,42448.6183622829000000,No,N/A,N/A,N/A,N/A,N/A,N/A,N/A,N/A,N/A,N/A,N/A,N/A,N/A,N/A,N/A,N/A,N/A
Cladding & roofing,Metal panel cladding ,Roll-formed metal panel (all),CLF 2025 Material Baselines,https://buildingtransparency.org/ec3/epds/ec3qbr4w,0.824444444,Low-20th%,1484,100,m2,N/A,N/A,N/A,Building Steel Profiles,ArcelorMittal,TRUE,North America,7850,kg/m3,999,Placeholder,p_custom,PLACEHOLDER,4,No,No,No,No,N/A,N/A,N/A,N/A,N/A,N/A,N/A,N/A,N/A,N/A,N/A,N/A,N/A,N/A,N/A,N/A,N/A,N/A,N/A,N/A,N/A,N/A,1484,N/A,N/A,N/A,2.8113555555555600,0.2728911111111110,0.0000000029680000,0.4682844444444440,14180.4444444444000000,No,N/A,N/A,N/A,N/A,N/A,N/A,N/A,N/A,N/A,N/A,N/A,N/A,N/A,N/A,N/A,N/A,N/A
Cladding & roofing,Metal panel cladding ,"MCM panel, aluminum",CLF 2025 Material Baselines,https://www.metalconstruction.org/view/download.php/online-education/education-materials/mcm-educational-downloads/environmental-product-declaration,1,Baseline,2800,100,m2,Industry,single,industry data,"MCM panel industry-average EPD (MCA, 2020b) ",Metal Construction Association (MCA). (2020b). Environmental Product Declaration: Metal Composite Material Wall and Roof Panel Systems.,FALSE,North America,756,kg/100m2,999,Placeholder,p_custom,PLACEHOLDER,4,No,No,No,No,N/A,N/A,N/A,N/A,N/A,N/A,N/A,N/A,N/A,N/A,N/A,N/A,N/A,N/A,N/A,N/A,N/A,N/A,N/A,N/A,N/A,N/A,2800,N/A,N/A,N/A,11.6000000000000000,0.3610000000000000,0.0000001100000000,129.0000000000000000,5700.0000000000000000,No,N/A,N/A,N/A,N/A,N/A,N/A,N/A,N/A,N/A,N/A,N/A,N/A,N/A,N/A,N/A,N/A,N/A
Cladding & roofing,Metal panel cladding ,"MCM panel, aluminum",N/A,N/A,#VALUE!,High-80th%,N/A,N/A,N/A,N/A,N/A,N/A,N/A,N/A,N/A,N/A,N/A,N/A,999,Placeholder,p_custom,PLACEHOLDER,4,No,No,No,No,N/A,N/A,N/A,N/A,N/A,N/A,N/A,N/A,N/A,N/A,N/A,N/A,N/A,N/A,N/A,N/A,N/A,N/A,N/A,N/A,N/A,N/A,N/A,N/A,N/A,N/A,N/A,N/A,N/A,N/A,N/A,No,N/A,N/A,N/A,N/A,N/A,N/A,N/A,N/A,N/A,N/A,N/A,N/A,N/A,N/A,N/A,N/A,N/A
Cladding & roofing,Metal panel cladding ,"MCM panel, aluminum",N/A,N/A,#VALUE!,Low-20th%,N/A,N/A,N/A,N/A,N/A,N/A,N/A,N/A,N/A,N/A,N/A,N/A,999,Placeholder,p_custom,PLACEHOLDER,4,No,No,No,No,N/A,N/A,N/A,N/A,N/A,N/A,N/A,N/A,N/A,N/A,N/A,N/A,N/A,N/A,N/A,N/A,N/A,N/A,N/A,N/A,N/A,N/A,N/A,N/A,N/A,N/A,N/A,N/A,N/A,N/A,N/A,No,N/A,N/A,N/A,N/A,N/A,N/A,N/A,N/A,N/A,N/A,N/A,N/A,N/A,N/A,N/A,N/A,N/A
Cladding & roofing,Insulated metal panel cladding ,"Insulated metal panel (IMP), 2"" thick",CLF 2025 Material Baselines,https://www.metalconstruction.org/view/download.php/online-education/education-materials/imp-educational-materials/environmental-product-declaration-for-insulated-metal-panels,1,Baseline,10700,100,m2,Industry,single,industry data,"IMP industry-average EPD (MCA, 2020a) ",Metal Construction Association (MCA). (2020a). Environmental Product Declaration: Insulated Metal Panels. UL Environment.,FALSE,North America,1276,kg/100m2,999,Placeholder,p_custom,PLACEHOLDER,4,No,No,No,No,N/A,N/A,N/A,N/A,N/A,N/A,N/A,N/A,N/A,N/A,N/A,N/A,N/A,N/A,N/A,N/A,N/A,N/A,N/A,N/A,N/A,N/A,10700,N/A,N/A,N/A,10.6000000000000000,0.6470000000000000,0.0000403000000000,179.0000000000000000,6340.0000000000000000,No,N/A,N/A,N/A,N/A,N/A,N/A,N/A,N/A,N/A,N/A,N/A,N/A,N/A,N/A,N/A,N/A,N/A
Cladding & roofing,Insulated metal panel cladding ,"Insulated metal panel (IMP), 2"" thick",N/A,N/A,#VALUE!,High-80th%,N/A,N/A,N/A,N/A,N/A,N/A,N/A,N/A,N/A,N/A,N/A,N/A,999,Placeholder,p_custom,PLACEHOLDER,4,No,No,No,No,N/A,N/A,N/A,N/A,N/A,N/A,N/A,N/A,N/A,N/A,N/A,N/A,N/A,N/A,N/A,N/A,N/A,N/A,N/A,N/A,N/A,N/A,N/A,N/A,N/A,N/A,N/A,N/A,N/A,N/A,N/A,No,N/A,N/A,N/A,N/A,N/A,N/A,N/A,N/A,N/A,N/A,N/A,N/A,N/A,N/A,N/A,N/A,N/A
Cladding & roofing,Insulated metal panel cladding ,"Insulated metal panel (IMP), 2"" thick",N/A,N/A,#VALUE!,Low-20th%,N/A,N/A,N/A,N/A,N/A,N/A,N/A,N/A,N/A,N/A,N/A,N/A,999,Placeholder,p_custom,PLACEHOLDER,4,No,No,No,No,N/A,N/A,N/A,N/A,N/A,N/A,N/A,N/A,N/A,N/A,N/A,N/A,N/A,N/A,N/A,N/A,N/A,N/A,N/A,N/A,N/A,N/A,N/A,N/A,N/A,N/A,N/A,N/A,N/A,N/A,N/A,No,N/A,N/A,N/A,N/A,N/A,N/A,N/A,N/A,N/A,N/A,N/A,N/A,N/A,N/A,N/A,N/A,N/A
Cladding & roofing,Insulated metal panel cladding ,"Insulated metal panel (IMP), 4"" thick",CLF 2025 Material Baselines,"The industry EPD describes a range of product types under study, with varying foam thickness (2–6”), metal thickness (22–26 gauge), and types of foam. The reference product used to generate the results is a 2” product. The Metal Construction Association (MCA) provided CLF with the industry-average GWP values for other thicknesses (R. Zabcik, personal communication, 2025).",1,Baseline,19100,100,m2,Industry,single,industry data,"IMP industry-average EPD (MCA, 2020a) and personal communication with MCA. ","Metal Construction Association (MCA). (2020a). Environmental Product Declaration: Insulated Metal Panels. UL Environment.
R. Zabcik, personal communication, 2025.",FALSE,North America,1276,kg/100m2,999,Placeholder,p_custom,PLACEHOLDER,4,No,No,No,No,N/A,N/A,N/A,N/A,N/A,N/A,N/A,N/A,N/A,N/A,N/A,N/A,N/A,N/A,N/A,N/A,N/A,N/A,N/A,N/A,N/A,N/A,19100,N/A,N/A,N/A,18.9214953271028000,1.1549252336448600,0.0000719373831776,319.5233644859810000,11317.1962616822000000,No,N/A,N/A,N/A,N/A,N/A,N/A,N/A,N/A,N/A,N/A,N/A,N/A,N/A,N/A,N/A,N/A,N/A
Cladding & roofing,Insulated metal panel cladding ,"Insulated metal panel (IMP), 4"" thick",N/A,N/A,#VALUE!,High-80th%,N/A,N/A,N/A,N/A,N/A,N/A,N/A,N/A,N/A,N/A,N/A,N/A,999,Placeholder,p_custom,PLACEHOLDER,4,No,No,No,No,N/A,N/A,N/A,N/A,N/A,N/A,N/A,N/A,N/A,N/A,N/A,N/A,N/A,N/A,N/A,N/A,N/A,N/A,N/A,N/A,N/A,N/A,N/A,N/A,N/A,N/A,N/A,N/A,N/A,N/A,N/A,No,N/A,N/A,N/A,N/A,N/A,N/A,N/A,N/A,N/A,N/A,N/A,N/A,N/A,N/A,N/A,N/A,N/A
Cladding & roofing,Insulated metal panel cladding ,"Insulated metal panel (IMP), 4"" thick",N/A,N/A,#VALUE!,Low-20th%,N/A,N/A,N/A,N/A,N/A,N/A,N/A,N/A,N/A,N/A,N/A,N/A,999,Placeholder,p_custom,PLACEHOLDER,4,No,No,No,No,N/A,N/A,N/A,N/A,N/A,N/A,N/A,N/A,N/A,N/A,N/A,N/A,N/A,N/A,N/A,N/A,N/A,N/A,N/A,N/A,N/A,N/A,N/A,N/A,N/A,N/A,N/A,N/A,N/A,N/A,N/A,No,N/A,N/A,N/A,N/A,N/A,N/A,N/A,N/A,N/A,N/A,N/A,N/A,N/A,N/A,N/A,N/A,N/A
Cladding & roofing,Insulated metal panel cladding ,"Insulated metal panel (IMP), 6"" thick",CLF 2025 Material Baselines,"The industry EPD describes a range of product types under study, with varying foam thickness (2–6”), metal thickness (22–26 gauge), and types of foam. The reference product used to generate the results is a 2” product. The Metal Construction Association (MCA) provided CLF with the industry-average GWP values for other thicknesses (R. Zabcik, personal communication, 2025).",1,Baseline,27400,100,m2,Industry,single,industry data,"IMP industry-average EPD (MCA, 2020a) and personal communication with MCA. ","Metal Construction Association (MCA). (2020a). Environmental Product Declaration: Insulated Metal Panels. UL Environment.
R. Zabcik, personal communication, 2025.",FALSE,North America,1276,kg/100m2,999,Placeholder,p_custom,PLACEHOLDER,4,No,No,No,No,N/A,N/A,N/A,N/A,N/A,N/A,N/A,N/A,N/A,N/A,N/A,N/A,N/A,N/A,N/A,N/A,N/A,N/A,N/A,N/A,N/A,N/A,27400,N/A,N/A,N/A,27.1439252336449000,1.6568037383177600,0.0001031981308411,458.3738317757010000,16235.1401869159000000,No,N/A,N/A,N/A,N/A,N/A,N/A,N/A,N/A,N/A,N/A,N/A,N/A,N/A,N/A,N/A,N/A,N/A
Cladding & roofing,Insulated metal panel cladding ,"Insulated metal panel (IMP), 6"" thick",N/A,N/A,#VALUE!,High-80th%,N/A,N/A,N/A,N/A,N/A,N/A,N/A,N/A,N/A,N/A,N/A,N/A,999,Placeholder,p_custom,PLACEHOLDER,4,No,No,No,No,N/A,N/A,N/A,N/A,N/A,N/A,N/A,N/A,N/A,N/A,N/A,N/A,N/A,N/A,N/A,N/A,N/A,N/A,N/A,N/A,N/A,N/A,N/A,N/A,N/A,N/A,N/A,N/A,N/A,N/A,N/A,No,N/A,N/A,N/A,N/A,N/A,N/A,N/A,N/A,N/A,N/A,N/A,N/A,N/A,N/A,N/A,N/A,N/A
Cladding & roofing,Insulated metal panel cladding ,"Insulated metal panel (IMP), 6"" thick",N/A,N/A,#VALUE!,Low-20th%,N/A,N/A,N/A,N/A,N/A,N/A,N/A,N/A,N/A,N/A,N/A,N/A,999,Placeholder,p_custom,PLACEHOLDER,4,No,No,No,No,N/A,N/A,N/A,N/A,N/A,N/A,N/A,N/A,N/A,N/A,N/A,N/A,N/A,N/A,N/A,N/A,N/A,N/A,N/A,N/A,N/A,N/A,N/A,N/A,N/A,N/A,N/A,N/A,N/A,N/A,N/A,No,N/A,N/A,N/A,N/A,N/A,N/A,N/A,N/A,N/A,N/A,N/A,N/A,N/A,N/A,N/A,N/A,N/A
Cladding & roofing,Insulated metal panel cladding ,"Insulated metal panel (IMP), user-defined thickness",CLF 2025 Material Baselines,"IMP industry-average EPD (MCA, 2020a) and personal communication with MCA.a Calculate baseline (b) for any thickness in inches (t) as: b = 4184 + 2332(t), rounded to three significant digits.b",#VALUE!,Baseline,N/A,100,m2,Industry,single,industry data,"IMP industry-average EPD (MCA, 2020a) and personal communication with MCA. Calculate baseline (b) for any thickness in inches (t) as: b = 4184 + 2332(t), rounded to three significant digits.  ","Metal Construction Association (MCA). (2020a). Environmental Product Declaration: Insulated Metal Panels. UL Environment.
R. Zabcik, personal communication, 2025.",FALSE,North America,1276,kg/100m2,999,Placeholder,p_custom,PLACEHOLDER,4,No,No,No,No,N/A,N/A,N/A,N/A,N/A,N/A,N/A,N/A,N/A,N/A,N/A,N/A,N/A,N/A,N/A,N/A,N/A,N/A,N/A,N/A,N/A,N/A,N/A,N/A,N/A,N/A,N/A,N/A,N/A,N/A,N/A,No,N/A,N/A,N/A,N/A,N/A,N/A,N/A,N/A,N/A,N/A,N/A,N/A,N/A,N/A,N/A,N/A,N/A
Cladding & roofing,Insulated metal panel cladding ,"Insulated metal panel (IMP), user-defined thickness",N/A,N/A,#VALUE!,High-80th%,N/A,N/A,N/A,N/A,N/A,N/A,N/A,N/A,N/A,N/A,N/A,N/A,999,Placeholder,p_custom,PLACEHOLDER,4,No,No,No,No,N/A,N/A,N/A,N/A,N/A,N/A,N/A,N/A,N/A,N/A,N/A,N/A,N/A,N/A,N/A,N/A,N/A,N/A,N/A,N/A,N/A,N/A,N/A,N/A,N/A,N/A,N/A,N/A,N/A,N/A,N/A,No,N/A,N/A,N/A,N/A,N/A,N/A,N/A,N/A,N/A,N/A,N/A,N/A,N/A,N/A,N/A,N/A,N/A
Cladding & roofing,Insulated metal panel cladding ,"Insulated metal panel (IMP), user-defined thickness",N/A,N/A,#VALUE!,Low-20th%,N/A,N/A,N/A,N/A,N/A,N/A,N/A,N/A,N/A,N/A,N/A,N/A,999,Placeholder,p_custom,PLACEHOLDER,4,No,No,No,No,N/A,N/A,N/A,N/A,N/A,N/A,N/A,N/A,N/A,N/A,N/A,N/A,N/A,N/A,N/A,N/A,N/A,N/A,N/A,N/A,N/A,N/A,N/A,N/A,N/A,N/A,N/A,N/A,N/A,N/A,N/A,No,N/A,N/A,N/A,N/A,N/A,N/A,N/A,N/A,N/A,N/A,N/A,N/A,N/A,N/A,N/A,N/A,N/A
Cladding & roofing,Membrane roofing ,"Built-up asphalt roofing (BUR), Hot Asphalt        ",CLF 2025 Material Baselines,https://www.asphaltroofing.org/wp-content/uploads/2025/08/109.3_ARMA-BUR-1-Cap-and-3-felts-v4.pdf,1.053278689,Baseline,2.57,1,m2,Industry,single,industry data,"Industry-average EPD (ARMA, 2023d) ",Asphalt Roofing Manufacturers Association (ARMA). (2023d). Environmental Product Declaration: Built-Up Asphalt Roofing Membrane Installation: Hot Asphalt  (3 Ply Felts and Cap). UL Environment.,TRUE,North America,12.15,kg/m2,999,Placeholder,d_liquid,PLACEHOLDER,4,No,No,No,No,N/A,N/A,N/A,N/A,N/A,N/A,N/A,N/A,N/A,N/A,N/A,N/A,N/A,N/A,N/A,N/A,N/A,N/A,N/A,N/A,N/A,N/A,2.57,N/A,N/A,N/A,0.0075941393442623,0.0003728606557377,0.0000000000851049,0.1148073770491800,144.2991803278690000,No,N/A,N/A,N/A,N/A,N/A,N/A,N/A,N/A,N/A,N/A,N/A,N/A,N/A,N/A,N/A,N/A,N/A
Cladding & roofing,Membrane roofing ,"Built-up asphalt roofing (BUR), Hot Asphalt        ",N/A,N/A,#VALUE!,High-80th%,N/A,N/A,N/A,N/A,N/A,N/A,N/A,N/A,N/A,N/A,N/A,N/A,999,Placeholder,d_liquid,PLACEHOLDER,4,No,No,No,No,N/A,N/A,N/A,N/A,N/A,N/A,N/A,N/A,N/A,N/A,N/A,N/A,N/A,N/A,N/A,N/A,N/A,N/A,N/A,N/A,N/A,N/A,N/A,N/A,N/A,N/A,N/A,N/A,N/A,N/A,N/A,No,N/A,N/A,N/A,N/A,N/A,N/A,N/A,N/A,N/A,N/A,N/A,N/A,N/A,N/A,N/A,N/A,N/A
Cladding & roofing,Membrane roofing ,"Built-up asphalt roofing (BUR), Hot Asphalt        ",N/A,N/A,#VALUE!,Low-20th%,N/A,N/A,N/A,N/A,N/A,N/A,N/A,N/A,N/A,N/A,N/A,N/A,999,Placeholder,d_liquid,PLACEHOLDER,4,No,No,No,No,N/A,N/A,N/A,N/A,N/A,N/A,N/A,N/A,N/A,N/A,N/A,N/A,N/A,N/A,N/A,N/A,N/A,N/A,N/A,N/A,N/A,N/A,N/A,N/A,N/A,N/A,N/A,N/A,N/A,N/A,N/A,No,N/A,N/A,N/A,N/A,N/A,N/A,N/A,N/A,N/A,N/A,N/A,N/A,N/A,N/A,N/A,N/A,N/A
Cladding & roofing,Membrane roofing ,"BUR, Fastened Base, 2 Ply Felts and Cap in Hot Asphalt
",CLF 2025 Material Baselines,https://www.jm.com/content/dam/jm/global/en/commercial-roofing/products/assets/environmental-product-declaration/110.3-arma-bur-2-cap-base-and-2-felts.pdf,1.055172414,Baseline,3.06,1,m2,Industry,single,industry data,"Industry-average EPD (ARMA, 2023e) ","Asphalt Roofing Manufacturers Association (ARMA). (2023e). Environmental Product Declaration: Built-Up Asphalt Roofing Membrane Installation: Hybrid (Fastened Base, 2 Ply Felts and Cap in Hot Asphalt). UL Environment.",TRUE,North America,11.36,kg/m2,999,Placeholder,d_liquid,PLACEHOLDER,4,No,No,No,No,N/A,N/A,N/A,N/A,N/A,N/A,N/A,N/A,N/A,N/A,N/A,N/A,N/A,N/A,N/A,N/A,N/A,N/A,N/A,N/A,N/A,N/A,3.06,N/A,N/A,N/A,0.0098342068965517,0.0004674413793103,0.0000000001118483,0.1350620689655170,156.1655172413790000,No,N/A,N/A,N/A,N/A,N/A,N/A,N/A,N/A,N/A,N/A,N/A,N/A,N/A,N/A,N/A,N/A,N/A
Cladding & roofing,Membrane roofing ,"BUR, Fastened Base, 2 Ply Felts and Cap in Hot Asphalt
",N/A,N/A,#VALUE!,High-80th%,N/A,N/A,N/A,N/A,N/A,N/A,N/A,N/A,N/A,N/A,N/A,N/A,999,Placeholder,d_liquid,PLACEHOLDER,4,No,No,No,No,N/A,N/A,N/A,N/A,N/A,N/A,N/A,N/A,N/A,N/A,N/A,N/A,N/A,N/A,N/A,N/A,N/A,N/A,N/A,N/A,N/A,N/A,N/A,N/A,N/A,N/A,N/A,N/A,N/A,N/A,N/A,No,N/A,N/A,N/A,N/A,N/A,N/A,N/A,N/A,N/A,N/A,N/A,N/A,N/A,N/A,N/A,N/A,N/A
Cladding & roofing,Membrane roofing ,"BUR, Fastened Base, 2 Ply Felts and Cap in Hot Asphalt
",N/A,N/A,#VALUE!,Low-20th%,N/A,N/A,N/A,N/A,N/A,N/A,N/A,N/A,N/A,N/A,N/A,N/A,999,Placeholder,d_liquid,PLACEHOLDER,4,No,No,No,No,N/A,N/A,N/A,N/A,N/A,N/A,N/A,N/A,N/A,N/A,N/A,N/A,N/A,N/A,N/A,N/A,N/A,N/A,N/A,N/A,N/A,N/A,N/A,N/A,N/A,N/A,N/A,N/A,N/A,N/A,N/A,No,N/A,N/A,N/A,N/A,N/A,N/A,N/A,N/A,N/A,N/A,N/A,N/A,N/A,N/A,N/A,N/A,N/A
Cladding & roofing,Membrane roofing ,"SBS-modified bitumen roofing membrane, installation: cold adhesive",CLF 2025 Material Baselines,https://www.asphaltroofing.org/wp-content/uploads/2025/08/102.3_ARMA-SBS-Cold-Adhesive-v4.pdf,1.052536232,Baseline,5.81,1,m2,Industry,single,industry data,"Industry-average EPD (ARMA, 2023g) ",Asphalt Roofing Manufacturers Association (ARMA). (2023g). Environmental Product Declaration: SBS-Modified Bitumen Roofing Membrane (Installation: Cold Adhesive). UL Environment.,TRUE,North America,12.31,kg/m2,999,Placeholder,d_liquid,PLACEHOLDER,4,No,No,No,No,N/A,N/A,N/A,N/A,N/A,N/A,N/A,N/A,N/A,N/A,N/A,N/A,N/A,N/A,N/A,N/A,N/A,N/A,N/A,N/A,N/A,N/A,5.81,N/A,N/A,N/A,0.0136829710144928,0.0014314492753623,0.0000000004746938,0.2441884057971010,276.8170289855070000,No,N/A,N/A,N/A,N/A,N/A,N/A,N/A,N/A,N/A,N/A,N/A,N/A,N/A,N/A,N/A,N/A,N/A
Cladding & roofing,Membrane roofing ,"SBS-modified bitumen roofing membrane, installation: cold adhesive",N/A,N/A,#VALUE!,High-80th%,N/A,N/A,N/A,N/A,N/A,N/A,N/A,N/A,N/A,N/A,N/A,N/A,999,Placeholder,d_liquid,PLACEHOLDER,4,No,No,No,No,N/A,N/A,N/A,N/A,N/A,N/A,N/A,N/A,N/A,N/A,N/A,N/A,N/A,N/A,N/A,N/A,N/A,N/A,N/A,N/A,N/A,N/A,N/A,N/A,N/A,N/A,N/A,N/A,N/A,N/A,N/A,No,N/A,N/A,N/A,N/A,N/A,N/A,N/A,N/A,N/A,N/A,N/A,N/A,N/A,N/A,N/A,N/A,N/A
Cladding & roofing,Membrane roofing ,"SBS-modified bitumen roofing membrane, installation: cold adhesive",N/A,N/A,#VALUE!,Low-20th%,N/A,N/A,N/A,N/A,N/A,N/A,N/A,N/A,N/A,N/A,N/A,N/A,999,Placeholder,d_liquid,PLACEHOLDER,4,No,No,No,No,N/A,N/A,N/A,N/A,N/A,N/A,N/A,N/A,N/A,N/A,N/A,N/A,N/A,N/A,N/A,N/A,N/A,N/A,N/A,N/A,N/A,N/A,N/A,N/A,N/A,N/A,N/A,N/A,N/A,N/A,N/A,No,N/A,N/A,N/A,N/A,N/A,N/A,N/A,N/A,N/A,N/A,N/A,N/A,N/A,N/A,N/A,N/A,N/A
Cladding & roofing,Membrane roofing ,"SBS-modified bitumen roofing membrane, installation: hot asphalt",CLF 2025 Material Baselines,https://www.asphaltroofing.org/wp-content/uploads/2023/08/104.1_ARMA-SBS-Hot-Asphalt.pdf,1,Baseline,5.81,1,m2,Industry,single,industry data,"Industry-average EPD (ARMA, 2023h) ",Asphalt Roofing Manufacturers Association (ARMA). (2023h). Environmental Product Declaration: SBS-Modified Bitumen Roofing Membrane (Installation: Hot Asphalt). UL Environment.,TRUE,North America,12.85,kg/m2,999,Placeholder,d_liquid,PLACEHOLDER,4,No,No,No,No,N/A,N/A,N/A,N/A,N/A,N/A,N/A,N/A,N/A,N/A,N/A,N/A,N/A,N/A,N/A,N/A,N/A,N/A,N/A,N/A,N/A,N/A,5.81,N/A,N/A,N/A,0.0136000000000000,0.0014300000000000,0.0000000004750000,0.2450000000000000,277.0000000000000000,No,N/A,N/A,N/A,N/A,N/A,N/A,N/A,N/A,N/A,N/A,N/A,N/A,N/A,N/A,N/A,N/A,N/A
Cladding & roofing,Membrane roofing ,"SBS-modified bitumen roofing membrane, installation: hot asphalt",N/A,N/A,#VALUE!,High-80th%,N/A,N/A,N/A,N/A,N/A,N/A,N/A,N/A,N/A,N/A,N/A,N/A,999,Placeholder,d_liquid,PLACEHOLDER,4,No,No,No,No,N/A,N/A,N/A,N/A,N/A,N/A,N/A,N/A,N/A,N/A,N/A,N/A,N/A,N/A,N/A,N/A,N/A,N/A,N/A,N/A,N/A,N/A,N/A,N/A,N/A,N/A,N/A,N/A,N/A,N/A,N/A,No,N/A,N/A,N/A,N/A,N/A,N/A,N/A,N/A,N/A,N/A,N/A,N/A,N/A,N/A,N/A,N/A,N/A
Cladding & roofing,Membrane roofing ,"SBS-modified bitumen roofing membrane, installation: hot asphalt",N/A,N/A,#VALUE!,Low-20th%,N/A,N/A,N/A,N/A,N/A,N/A,N/A,N/A,N/A,N/A,N/A,N/A,999,Placeholder,d_liquid,PLACEHOLDER,4,No,No,No,No,N/A,N/A,N/A,N/A,N/A,N/A,N/A,N/A,N/A,N/A,N/A,N/A,N/A,N/A,N/A,N/A,N/A,N/A,N/A,N/A,N/A,N/A,N/A,N/A,N/A,N/A,N/A,N/A,N/A,N/A,N/A,No,N/A,N/A,N/A,N/A,N/A,N/A,N/A,N/A,N/A,N/A,N/A,N/A,N/A,N/A,N/A,N/A,N/A
Cladding & roofing,Membrane roofing ,"SBS-modified bitumen roofing membrane, installation: hybrid self-adhered SBS base sheet and torch-applied SBS cap",CLF 2025 Material Baselines,https://www.asphaltroofing.org/wp-content/uploads/2023/08/105.1_ARMA-SBS-Hybrid-1-Self-adhere-SBS-base-torch-SBS-cap.pdf,1,Baseline,5.54,1,m2,Industry,single,industry data,"Industry-average EPD (ARMA, 2023i) ",Asphalt Roofing Manufacturers Association (ARMA). (2023i). Environmental Product Declaration: SBS-Modified Bitumen Roofing Membrane (Installation: Hybrid Self-Adhered SBS Base Sheet And SBS Torch Cap Sheet). UL Environment.,TRUE,North America,7.92,kg/m2,999,Placeholder,d_liquid,PLACEHOLDER,4,No,No,No,No,N/A,N/A,N/A,N/A,N/A,N/A,N/A,N/A,N/A,N/A,N/A,N/A,N/A,N/A,N/A,N/A,N/A,N/A,N/A,N/A,N/A,N/A,5.54,N/A,N/A,N/A,0.0124000000000000,0.0013900000000000,0.0000000061700000,0.2240000000000000,272.0000000000000000,No,N/A,N/A,N/A,N/A,N/A,N/A,N/A,N/A,N/A,N/A,N/A,N/A,N/A,N/A,N/A,N/A,N/A
Cladding & roofing,Membrane roofing ,"SBS-modified bitumen roofing membrane, installation: hybrid self-adhered SBS base sheet and torch-applied SBS cap",N/A,N/A,#VALUE!,High-80th%,N/A,N/A,N/A,N/A,N/A,N/A,N/A,N/A,N/A,N/A,N/A,N/A,999,Placeholder,d_liquid,PLACEHOLDER,4,No,No,No,No,N/A,N/A,N/A,N/A,N/A,N/A,N/A,N/A,N/A,N/A,N/A,N/A,N/A,N/A,N/A,N/A,N/A,N/A,N/A,N/A,N/A,N/A,N/A,N/A,N/A,N/A,N/A,N/A,N/A,N/A,N/A,No,N/A,N/A,N/A,N/A,N/A,N/A,N/A,N/A,N/A,N/A,N/A,N/A,N/A,N/A,N/A,N/A,N/A
Cladding & roofing,Membrane roofing ,"SBS-modified bitumen roofing membrane, installation: hybrid self-adhered SBS base sheet and torch-applied SBS cap",N/A,N/A,#VALUE!,Low-20th%,N/A,N/A,N/A,N/A,N/A,N/A,N/A,N/A,N/A,N/A,N/A,N/A,999,Placeholder,d_liquid,PLACEHOLDER,4,No,No,No,No,N/A,N/A,N/A,N/A,N/A,N/A,N/A,N/A,N/A,N/A,N/A,N/A,N/A,N/A,N/A,N/A,N/A,N/A,N/A,N/A,N/A,N/A,N/A,N/A,N/A,N/A,N/A,N/A,N/A,N/A,N/A,No,N/A,N/A,N/A,N/A,N/A,N/A,N/A,N/A,N/A,N/A,N/A,N/A,N/A,N/A,N/A,N/A,N/A
Cladding & roofing,Membrane roofing ,"SBS-modified bitumen roofing membrane, installation: self adhered",CLF 2025 Material Baselines,https://www.asphaltroofing.org/wp-content/uploads/2023/08/104.1_ARMA-SBS-Hot-Asphalt.pdf,1,Baseline,5.2,1,m2,Industry,single,industry data,"Industry-average EPD (ARMA, 2023j) ",Asphalt Roofing Manufacturers Association (ARMA). (2023j). Environmental Product Declaration: SBS-Modified Bitumen Roofing Membrane (Installation: Self Adhered). UL Environment.,TRUE,North America,7.48,kg/m2,999,Placeholder,d_liquid,PLACEHOLDER,4,No,No,No,No,N/A,N/A,N/A,N/A,N/A,N/A,N/A,N/A,N/A,N/A,N/A,N/A,N/A,N/A,N/A,N/A,N/A,N/A,N/A,N/A,N/A,N/A,5.2,N/A,N/A,N/A,0.0124000000000000,0.0014100000000000,0.0000000124000000,0.2240000000000000,253.0000000000000000,No,N/A,N/A,N/A,N/A,N/A,N/A,N/A,N/A,N/A,N/A,N/A,N/A,N/A,N/A,N/A,N/A,N/A
Cladding & roofing,Membrane roofing ,"SBS-modified bitumen roofing membrane, installation: self adhered",N/A,N/A,#VALUE!,High-80th%,N/A,N/A,N/A,N/A,N/A,N/A,N/A,N/A,N/A,N/A,N/A,N/A,999,Placeholder,d_liquid,PLACEHOLDER,4,No,No,No,No,N/A,N/A,N/A,N/A,N/A,N/A,N/A,N/A,N/A,N/A,N/A,N/A,N/A,N/A,N/A,N/A,N/A,N/A,N/A,N/A,N/A,N/A,N/A,N/A,N/A,N/A,N/A,N/A,N/A,N/A,N/A,No,N/A,N/A,N/A,N/A,N/A,N/A,N/A,N/A,N/A,N/A,N/A,N/A,N/A,N/A,N/A,N/A,N/A
Cladding & roofing,Membrane roofing ,"SBS-modified bitumen roofing membrane, installation: self adhered",N/A,N/A,#VALUE!,Low-20th%,N/A,N/A,N/A,N/A,N/A,N/A,N/A,N/A,N/A,N/A,N/A,N/A,999,Placeholder,d_liquid,PLACEHOLDER,4,No,No,No,No,N/A,N/A,N/A,N/A,N/A,N/A,N/A,N/A,N/A,N/A,N/A,N/A,N/A,N/A,N/A,N/A,N/A,N/A,N/A,N/A,N/A,N/A,N/A,N/A,N/A,N/A,N/A,N/A,N/A,N/A,N/A,No,N/A,N/A,N/A,N/A,N/A,N/A,N/A,N/A,N/A,N/A,N/A,N/A,N/A,N/A,N/A,N/A,N/A
Cladding & roofing,Membrane roofing ,"SBS-modified bitumen roofing membrane, installation: torch applied",CLF 2025 Material Baselines,https://www.asphaltroofing.org/wp-content/uploads/2025/08/103.3_ARMA-SBS-Torch-Applied-v4.pdf,1.054054054,Baseline,5.85,1,m2,Industry,single,industry data,"Industry-average EPD (ARMA, 2023k) ",Asphalt Roofing Manufacturers Association (ARMA). (2023k). Environmental Product Declaration: SBS-Modified Bitumen Roofing Membrane (Installation: Torch Applied). UL Environment.,TRUE,North America,9.62,kg/m2,999,Placeholder,d_liquid,PLACEHOLDER,4,No,No,No,No,N/A,N/A,N/A,N/A,N/A,N/A,N/A,N/A,N/A,N/A,N/A,N/A,N/A,N/A,N/A,N/A,N/A,N/A,N/A,N/A,N/A,N/A,5.85,N/A,N/A,N/A,0.0126486486486486,0.0016654054054054,0.0000000017708108,0.2424324324324320,314.1081081081080000,No,N/A,N/A,N/A,N/A,N/A,N/A,N/A,N/A,N/A,N/A,N/A,N/A,N/A,N/A,N/A,N/A,N/A
Cladding & roofing,Membrane roofing ,"SBS-modified bitumen roofing membrane, installation: torch applied",N/A,N/A,#VALUE!,High-80th%,N/A,N/A,N/A,N/A,N/A,N/A,N/A,N/A,N/A,N/A,N/A,N/A,999,Placeholder,d_liquid,PLACEHOLDER,4,No,No,No,No,N/A,N/A,N/A,N/A,N/A,N/A,N/A,N/A,N/A,N/A,N/A,N/A,N/A,N/A,N/A,N/A,N/A,N/A,N/A,N/A,N/A,N/A,N/A,N/A,N/A,N/A,N/A,N/A,N/A,N/A,N/A,No,N/A,N/A,N/A,N/A,N/A,N/A,N/A,N/A,N/A,N/A,N/A,N/A,N/A,N/A,N/A,N/A,N/A
Cladding & roofing,Membrane roofing ,"SBS-modified bitumen roofing membrane, installation: torch applied",N/A,N/A,#VALUE!,Low-20th%,N/A,N/A,N/A,N/A,N/A,N/A,N/A,N/A,N/A,N/A,N/A,N/A,999,Placeholder,d_liquid,PLACEHOLDER,4,No,No,No,No,N/A,N/A,N/A,N/A,N/A,N/A,N/A,N/A,N/A,N/A,N/A,N/A,N/A,N/A,N/A,N/A,N/A,N/A,N/A,N/A,N/A,N/A,N/A,N/A,N/A,N/A,N/A,N/A,N/A,N/A,N/A,No,N/A,N/A,N/A,N/A,N/A,N/A,N/A,N/A,N/A,N/A,N/A,N/A,N/A,N/A,N/A,N/A,N/A
Cladding & roofing,Membrane roofing ,SBS-modified bitumen roofing membrane,CLF 2025 Material Baselines,"Collection of SBS-modified bitumen industry-average EPDs (ARMA, 2023g; 2023h; 2023i; 2023j; 2023k), unweighted average.",1.020999276,Baseline,5.64,1,m2,Industry,multi-weighted,industry data,"Collection of SBS-modified bitumen industry-average EPDs (ARMA, 2023g; 2023h; 2023i; 2023j; 2023k), unweighted average. Parent category baseline.","Asphalt Roofing Manufacturers Association (ARMA). (2023g). Environmental Product Declaration: SBS-Modified Bitumen Roofing Membrane (Installation: Cold Adhesive). UL Environment.
Asphalt Roofing Manufacturers Association (ARMA). (2023h). Environmental Product Declaration: SBS-Modified Bitumen Roofing Membrane (Installation: Hot Asphalt). UL Environment.
Asphalt Roofing Manufacturers Association (ARMA). (2023i). Environmental Product Declaration: SBS-Modified Bitumen Roofing Membrane (Installation: Hybrid Self-Adhered SBS Base Sheet And SBS Torch Cap Sheet). UL Environment.
Asphalt Roofing Manufacturers Association (ARMA). (2023j). Environmental Product Declaration: SBS-Modified Bitumen Roofing Membrane (Installation: Self Adhered). UL Environment.
Asphalt Roofing Manufacturers Association (ARMA). (2023k). Environmental Product Declaration: SBS-Modified Bitumen Roofing Membrane (Installation: Torch Applied). UL Environment.",TRUE,North America,10.036,kg/m2,999,Placeholder,d_liquid,PLACEHOLDER,4,No,No,No,No,N/A,N/A,N/A,N/A,N/A,N/A,N/A,N/A,N/A,N/A,N/A,N/A,N/A,N/A,N/A,N/A,N/A,N/A,N/A,N/A,N/A,N/A,5.64,N/A,N/A,N/A,0.0129462708182476,0.0014641129616220,0.0000000043241361,0.2358508327299060,278.3244026068070000,No,N/A,N/A,N/A,N/A,N/A,N/A,N/A,N/A,N/A,N/A,N/A,N/A,N/A,N/A,N/A,N/A,N/A
Cladding & roofing,Membrane roofing ,SBS-modified bitumen roofing membrane,N/A,N/A,#VALUE!,High-80th%,N/A,N/A,N/A,N/A,N/A,N/A,N/A,N/A,N/A,N/A,N/A,N/A,999,Placeholder,d_liquid,PLACEHOLDER,4,No,No,No,No,N/A,N/A,N/A,N/A,N/A,N/A,N/A,N/A,N/A,N/A,N/A,N/A,N/A,N/A,N/A,N/A,N/A,N/A,N/A,N/A,N/A,N/A,N/A,N/A,N/A,N/A,N/A,N/A,N/A,N/A,N/A,No,N/A,N/A,N/A,N/A,N/A,N/A,N/A,N/A,N/A,N/A,N/A,N/A,N/A,N/A,N/A,N/A,N/A
Cladding & roofing,Membrane roofing ,SBS-modified bitumen roofing membrane,N/A,N/A,#VALUE!,Low-20th%,N/A,N/A,N/A,N/A,N/A,N/A,N/A,N/A,N/A,N/A,N/A,N/A,999,Placeholder,d_liquid,PLACEHOLDER,4,No,No,No,No,N/A,N/A,N/A,N/A,N/A,N/A,N/A,N/A,N/A,N/A,N/A,N/A,N/A,N/A,N/A,N/A,N/A,N/A,N/A,N/A,N/A,N/A,N/A,N/A,N/A,N/A,N/A,N/A,N/A,N/A,N/A,No,N/A,N/A,N/A,N/A,N/A,N/A,N/A,N/A,N/A,N/A,N/A,N/A,N/A,N/A,N/A,N/A,N/A
Cladding & roofing,Membrane roofing ,"APP-modified bitumen roofing membrane, installation: cold adhesive",CLF 2025 Material Baselines,https://www.asphaltroofing.org/wp-content/uploads/2023/08/108.1_ARMA-APP-Cold-Adhesive.pdf,1.023307436,Baseline,9.22,1,m2,Industry,single,industry data,"Industry-average EPD (ARMA, 2023b) ",Asphalt Roofing Manufacturers Association (ARMA). (2023b). Environmental Product Declaration: APP-Modified Bitumen Roofing Membrane (Installation: Cold Adhesive). UL Environment.,TRUE,North America,12.65,kg/m2,999,Placeholder,d_liquid,PLACEHOLDER,4,No,No,No,No,N/A,N/A,N/A,N/A,N/A,N/A,N/A,N/A,N/A,N/A,N/A,N/A,N/A,N/A,N/A,N/A,N/A,N/A,N/A,N/A,N/A,N/A,9.22,N/A,N/A,N/A,0.0165775804661487,0.0022819755826859,0.0000000000003090,0.3550876803551610,387.8335183129860000,No,N/A,N/A,N/A,N/A,N/A,N/A,N/A,N/A,N/A,N/A,N/A,N/A,N/A,N/A,N/A,N/A,N/A
Cladding & roofing,Membrane roofing ,"APP-modified bitumen roofing membrane, installation: cold adhesive",N/A,N/A,#VALUE!,High-80th%,N/A,N/A,N/A,N/A,N/A,N/A,N/A,N/A,N/A,N/A,N/A,N/A,999,Placeholder,d_liquid,PLACEHOLDER,4,No,No,No,No,N/A,N/A,N/A,N/A,N/A,N/A,N/A,N/A,N/A,N/A,N/A,N/A,N/A,N/A,N/A,N/A,N/A,N/A,N/A,N/A,N/A,N/A,N/A,N/A,N/A,N/A,N/A,N/A,N/A,N/A,N/A,No,N/A,N/A,N/A,N/A,N/A,N/A,N/A,N/A,N/A,N/A,N/A,N/A,N/A,N/A,N/A,N/A,N/A
Cladding & roofing,Membrane roofing ,"APP-modified bitumen roofing membrane, installation: cold adhesive",N/A,N/A,#VALUE!,Low-20th%,N/A,N/A,N/A,N/A,N/A,N/A,N/A,N/A,N/A,N/A,N/A,N/A,999,Placeholder,d_liquid,PLACEHOLDER,4,No,No,No,No,N/A,N/A,N/A,N/A,N/A,N/A,N/A,N/A,N/A,N/A,N/A,N/A,N/A,N/A,N/A,N/A,N/A,N/A,N/A,N/A,N/A,N/A,N/A,N/A,N/A,N/A,N/A,N/A,N/A,N/A,N/A,No,N/A,N/A,N/A,N/A,N/A,N/A,N/A,N/A,N/A,N/A,N/A,N/A,N/A,N/A,N/A,N/A,N/A
Cladding & roofing,Membrane roofing ,"APP-modified bitumen roofing membrane, installation: torch applied:",CLF 2025 Material Baselines,https://www.asphaltroofing.org/wp-content/uploads/2024/02/107.2_ARMA-APP-Torch-Applied.pdf,0.977223427,Baseline,9.01,1,m2,Industry,single,industry data,"Industry-average EPD (ARMA, 2023c) ",Asphalt Roofing Manufacturers Association (ARMA). (2023c). Environmental Product Declaration: APP-Modified Bitumen Roofing Membrane (Installation: Torch Applied). UL Environment.,TRUE,North America,10.47,kg/m2,999,Placeholder,d_liquid,PLACEHOLDER,4,No,No,No,No,N/A,N/A,N/A,N/A,N/A,N/A,N/A,N/A,N/A,N/A,N/A,N/A,N/A,N/A,N/A,N/A,N/A,N/A,N/A,N/A,N/A,N/A,9.01,N/A,N/A,N/A,0.0200330802603037,0.0034984598698482,0.0000000000139743,0.3576637744034710,372.3221258134490000,No,N/A,N/A,N/A,N/A,N/A,N/A,N/A,N/A,N/A,N/A,N/A,N/A,N/A,N/A,N/A,N/A,N/A
Cladding & roofing,Membrane roofing ,"APP-modified bitumen roofing membrane, installation: torch applied:",N/A,N/A,#VALUE!,High-80th%,N/A,N/A,N/A,N/A,N/A,N/A,N/A,N/A,N/A,N/A,N/A,N/A,999,Placeholder,d_liquid,PLACEHOLDER,4,No,No,No,No,N/A,N/A,N/A,N/A,N/A,N/A,N/A,N/A,N/A,N/A,N/A,N/A,N/A,N/A,N/A,N/A,N/A,N/A,N/A,N/A,N/A,N/A,N/A,N/A,N/A,N/A,N/A,N/A,N/A,N/A,N/A,No,N/A,N/A,N/A,N/A,N/A,N/A,N/A,N/A,N/A,N/A,N/A,N/A,N/A,N/A,N/A,N/A,N/A
Cladding & roofing,Membrane roofing ,"APP-modified bitumen roofing membrane, installation: torch applied:",N/A,N/A,#VALUE!,Low-20th%,N/A,N/A,N/A,N/A,N/A,N/A,N/A,N/A,N/A,N/A,N/A,N/A,999,Placeholder,d_liquid,PLACEHOLDER,4,No,No,No,No,N/A,N/A,N/A,N/A,N/A,N/A,N/A,N/A,N/A,N/A,N/A,N/A,N/A,N/A,N/A,N/A,N/A,N/A,N/A,N/A,N/A,N/A,N/A,N/A,N/A,N/A,N/A,N/A,N/A,N/A,N/A,No,N/A,N/A,N/A,N/A,N/A,N/A,N/A,N/A,N/A,N/A,N/A,N/A,N/A,N/A,N/A,N/A,N/A
Cladding & roofing,Membrane roofing ,APP-modified bitumen roofing membrane,CLF 2025 Material Baselines,"Collection of APP-modified bitumen roof membrane industry-average EPDs (ARMA, 2023b; 2023c), unweighted average. Parent category baseline.**",1.000548546,Baseline,9.12,1,m2,Industry,multi-weighted,industry data,"Collection of APP-modified bitumen roof membrane industry-average EPDs (ARMA, 2023b; 2023c), unweighted average. Parent category baseline.","Asphalt Roofing Manufacturers Association (ARMA). (2023b). Environmental Product Declaration: APP-Modified Bitumen Roofing Membrane (Installation: Cold Adhesive). UL Environment.
Asphalt Roofing Manufacturers Association (ARMA). (2023c). Environmental Product Declaration: APP-Modified Bitumen Roofing Membrane (Installation: Torch Applied). UL Environment.",TRUE,North America,11.56,kg/m2,999,Placeholder,d_liquid,PLACEHOLDER,4,No,No,No,No,N/A,N/A,N/A,N/A,N/A,N/A,N/A,N/A,N/A,N/A,N/A,N/A,N/A,N/A,N/A,N/A,N/A,N/A,N/A,N/A,N/A,N/A,9.12,N/A,N/A,N/A,0.0183600658255623,0.0029065935271530,0.0000000000073050,0.3566955567745470,380.2084476138230000,No,N/A,N/A,N/A,N/A,N/A,N/A,N/A,N/A,N/A,N/A,N/A,N/A,N/A,N/A,N/A,N/A,N/A
Cladding & roofing,Membrane roofing ,APP-modified bitumen roofing membrane,N/A,N/A,#VALUE!,High-80th%,N/A,N/A,N/A,N/A,N/A,N/A,N/A,N/A,N/A,N/A,N/A,N/A,999,Placeholder,d_liquid,PLACEHOLDER,4,No,No,No,No,N/A,N/A,N/A,N/A,N/A,N/A,N/A,N/A,N/A,N/A,N/A,N/A,N/A,N/A,N/A,N/A,N/A,N/A,N/A,N/A,N/A,N/A,N/A,N/A,N/A,N/A,N/A,N/A,N/A,N/A,N/A,No,N/A,N/A,N/A,N/A,N/A,N/A,N/A,N/A,N/A,N/A,N/A,N/A,N/A,N/A,N/A,N/A,N/A
Cladding & roofing,Membrane roofing ,APP-modified bitumen roofing membrane,N/A,N/A,#VALUE!,Low-20th%,N/A,N/A,N/A,N/A,N/A,N/A,N/A,N/A,N/A,N/A,N/A,N/A,999,Placeholder,d_liquid,PLACEHOLDER,4,No,No,No,No,N/A,N/A,N/A,N/A,N/A,N/A,N/A,N/A,N/A,N/A,N/A,N/A,N/A,N/A,N/A,N/A,N/A,N/A,N/A,N/A,N/A,N/A,N/A,N/A,N/A,N/A,N/A,N/A,N/A,N/A,N/A,No,N/A,N/A,N/A,N/A,N/A,N/A,N/A,N/A,N/A,N/A,N/A,N/A,N/A,N/A,N/A,N/A,N/A
Cladding & roofing,Membrane roofing ,"SBS/APP-modified bitumen roofing membrane, hybrid self-adhered SBS base sheet and torch-applied APP",CLF 2025 Material Baselines,https://www.asphaltroofing.org/wp-content/uploads/2023/08/106.1_ARMA-SBS-Hybrid-2-Self-adhere-SBS-base-torch-APP-cap-V2.pdf,1,Baseline,5.13,1,m2,Industry,single,industry data,"Industry-average EPD (ARMA, 2023f) ",Asphalt Roofing Manufacturers Association (ARMA). (2023f). Environmental Product Declaration: SBS/APP-Modified Bitumen Roofing Membrane (Installation: Hybrid Self-Adhered SBS Base Sheet And Torch APP Cap Sheet). UL Environment.,TRUE,North America,7.58,kg/m2,999,Placeholder,d_liquid,PLACEHOLDER,4,No,No,No,No,N/A,N/A,N/A,N/A,N/A,N/A,N/A,N/A,N/A,N/A,N/A,N/A,N/A,N/A,N/A,N/A,N/A,N/A,N/A,N/A,N/A,N/A,5.13,N/A,N/A,N/A,0.0110000000000000,0.0012400000000000,0.0000000064800000,0.2030000000000000,236.0000000000000000,No,N/A,N/A,N/A,N/A,N/A,N/A,N/A,N/A,N/A,N/A,N/A,N/A,N/A,N/A,N/A,N/A,N/A
Cladding & roofing,Membrane roofing ,"SBS/APP-modified bitumen roofing membrane, hybrid self-adhered SBS base sheet and torch-applied APP",N/A,N/A,#VALUE!,High-80th%,N/A,N/A,N/A,N/A,N/A,N/A,N/A,N/A,N/A,N/A,N/A,N/A,999,Placeholder,d_liquid,PLACEHOLDER,4,No,No,No,No,N/A,N/A,N/A,N/A,N/A,N/A,N/A,N/A,N/A,N/A,N/A,N/A,N/A,N/A,N/A,N/A,N/A,N/A,N/A,N/A,N/A,N/A,N/A,N/A,N/A,N/A,N/A,N/A,N/A,N/A,N/A,No,N/A,N/A,N/A,N/A,N/A,N/A,N/A,N/A,N/A,N/A,N/A,N/A,N/A,N/A,N/A,N/A,N/A
Cladding & roofing,Membrane roofing ,"SBS/APP-modified bitumen roofing membrane, hybrid self-adhered SBS base sheet and torch-applied APP",N/A,N/A,#VALUE!,Low-20th%,N/A,N/A,N/A,N/A,N/A,N/A,N/A,N/A,N/A,N/A,N/A,N/A,999,Placeholder,d_liquid,PLACEHOLDER,4,No,No,No,No,N/A,N/A,N/A,N/A,N/A,N/A,N/A,N/A,N/A,N/A,N/A,N/A,N/A,N/A,N/A,N/A,N/A,N/A,N/A,N/A,N/A,N/A,N/A,N/A,N/A,N/A,N/A,N/A,N/A,N/A,N/A,No,N/A,N/A,N/A,N/A,N/A,N/A,N/A,N/A,N/A,N/A,N/A,N/A,N/A,N/A,N/A,N/A,N/A
Cladding & roofing,Membrane roofing ,"Single ply PVC membrane roofing, 40 mils",CLF 2025 Material Baselines,https://vinylroofs.org/wp-content/uploads/2021/06/CFFA-EPD_FINALw_logos_1406202173.pdf,1,Baseline,4.2,1,m2,Industry,single,industry data,"PVC single-ply roofing industry-average EPD (CFFA, 2020) ","PVC single-ply roofing industry average EPD (CFFA, 2020), results by thickness. From the EPD: “In total 6 facilities operated by the 6 CFFA company members",TRUE,North America,1.141,kg/m2,999,Placeholder,d_liquid,PLACEHOLDER,4,No,No,No,No,N/A,N/A,N/A,N/A,N/A,N/A,N/A,N/A,N/A,N/A,N/A,N/A,N/A,N/A,N/A,N/A,N/A,N/A,N/A,N/A,N/A,N/A,4.2,N/A,N/A,N/A,0.0230000000000000,0.0610000000000000,0.0000005500000000,0.2500000000000000,66.2000000000000000,No,N/A,N/A,N/A,N/A,N/A,N/A,N/A,N/A,N/A,N/A,N/A,N/A,N/A,N/A,N/A,N/A,N/A
Cladding & roofing,Membrane roofing ,"Single ply PVC membrane roofing, 40 mils",N/A,N/A,#VALUE!,High-80th%,N/A,N/A,N/A,N/A,N/A,N/A,N/A,N/A,N/A,N/A,N/A,N/A,999,Placeholder,d_liquid,PLACEHOLDER,4,No,No,No,No,N/A,N/A,N/A,N/A,N/A,N/A,N/A,N/A,N/A,N/A,N/A,N/A,N/A,N/A,N/A,N/A,N/A,N/A,N/A,N/A,N/A,N/A,N/A,N/A,N/A,N/A,N/A,N/A,N/A,N/A,N/A,No,N/A,N/A,N/A,N/A,N/A,N/A,N/A,N/A,N/A,N/A,N/A,N/A,N/A,N/A,N/A,N/A,N/A
Cladding & roofing,Membrane roofing ,"Single ply PVC membrane roofing, 40 mils",N/A,N/A,#VALUE!,Low-20th%,N/A,N/A,N/A,N/A,N/A,N/A,N/A,N/A,N/A,N/A,N/A,N/A,999,Placeholder,d_liquid,PLACEHOLDER,4,No,No,No,No,N/A,N/A,N/A,N/A,N/A,N/A,N/A,N/A,N/A,N/A,N/A,N/A,N/A,N/A,N/A,N/A,N/A,N/A,N/A,N/A,N/A,N/A,N/A,N/A,N/A,N/A,N/A,N/A,N/A,N/A,N/A,No,N/A,N/A,N/A,N/A,N/A,N/A,N/A,N/A,N/A,N/A,N/A,N/A,N/A,N/A,N/A,N/A,N/A
Cladding & roofing,Membrane roofing ,"Single ply PVC membrane roofing, 48 mils",CLF 2025 Material Baselines,https://vinylroofs.org/wp-content/uploads/2021/06/CFFA-EPD_FINALw_logos_1406202173.pdf,1,Baseline,5.2,1,m2,Industry,single,industry data,"PVC single-ply roofing industry-average EPD (CFFA, 2020) ","PVC single-ply roofing industry average EPD (CFFA, 2020), results by thickness. From the EPD: “In total 6 facilities operated by the 6 CFFA company members",TRUE,North America,1.47,kg/m2,999,Placeholder,d_liquid,PLACEHOLDER,4,No,No,No,No,N/A,N/A,N/A,N/A,N/A,N/A,N/A,N/A,N/A,N/A,N/A,N/A,N/A,N/A,N/A,N/A,N/A,N/A,N/A,N/A,N/A,N/A,5.2,N/A,N/A,N/A,0.0290000000000000,0.0760000000000000,0.0000007100000000,0.3100000000000000,82.5000000000000000,No,N/A,N/A,N/A,N/A,N/A,N/A,N/A,N/A,N/A,N/A,N/A,N/A,N/A,N/A,N/A,N/A,N/A
Cladding & roofing,Membrane roofing ,"Single ply PVC membrane roofing, 48 mils",N/A,N/A,#VALUE!,High-80th%,N/A,N/A,N/A,N/A,N/A,N/A,N/A,N/A,N/A,N/A,N/A,N/A,999,Placeholder,d_liquid,PLACEHOLDER,4,No,No,No,No,N/A,N/A,N/A,N/A,N/A,N/A,N/A,N/A,N/A,N/A,N/A,N/A,N/A,N/A,N/A,N/A,N/A,N/A,N/A,N/A,N/A,N/A,N/A,N/A,N/A,N/A,N/A,N/A,N/A,N/A,N/A,No,N/A,N/A,N/A,N/A,N/A,N/A,N/A,N/A,N/A,N/A,N/A,N/A,N/A,N/A,N/A,N/A,N/A
Cladding & roofing,Membrane roofing ,"Single ply PVC membrane roofing, 48 mils",N/A,N/A,#VALUE!,Low-20th%,N/A,N/A,N/A,N/A,N/A,N/A,N/A,N/A,N/A,N/A,N/A,N/A,999,Placeholder,d_liquid,PLACEHOLDER,4,No,No,No,No,N/A,N/A,N/A,N/A,N/A,N/A,N/A,N/A,N/A,N/A,N/A,N/A,N/A,N/A,N/A,N/A,N/A,N/A,N/A,N/A,N/A,N/A,N/A,N/A,N/A,N/A,N/A,N/A,N/A,N/A,N/A,No,N/A,N/A,N/A,N/A,N/A,N/A,N/A,N/A,N/A,N/A,N/A,N/A,N/A,N/A,N/A,N/A,N/A
Cladding & roofing,Membrane roofing ,"Single ply PVC membrane roofing, 60 mils",CLF 2025 Material Baselines,https://vinylroofs.org/wp-content/uploads/2021/06/CFFA-EPD_FINALw_logos_1406202173.pdf,1,Baseline,6.3,1,m2,Industry,single,industry data,"PVC single-ply roofing industry-average EPD (CFFA, 2020) ","PVC single-ply roofing industry average EPD (CFFA, 2020), results by thickness. From the EPD: “In total 6 facilities operated by the 6 CFFA company members",TRUE,North America,1.797,kg/m2,999,Placeholder,d_liquid,PLACEHOLDER,4,No,No,No,No,N/A,N/A,N/A,N/A,N/A,N/A,N/A,N/A,N/A,N/A,N/A,N/A,N/A,N/A,N/A,N/A,N/A,N/A,N/A,N/A,N/A,N/A,6.3,N/A,N/A,N/A,0.0350000000000000,0.0990000000000000,0.0000008900000000,0.3900000000000000,100.4000000000000000,No,N/A,N/A,N/A,N/A,N/A,N/A,N/A,N/A,N/A,N/A,N/A,N/A,N/A,N/A,N/A,N/A,N/A
Cladding & roofing,Membrane roofing ,"Single ply PVC membrane roofing, 60 mils",N/A,N/A,#VALUE!,High-80th%,N/A,N/A,N/A,N/A,N/A,N/A,N/A,N/A,N/A,N/A,N/A,N/A,999,Placeholder,d_liquid,PLACEHOLDER,4,No,No,No,No,N/A,N/A,N/A,N/A,N/A,N/A,N/A,N/A,N/A,N/A,N/A,N/A,N/A,N/A,N/A,N/A,N/A,N/A,N/A,N/A,N/A,N/A,N/A,N/A,N/A,N/A,N/A,N/A,N/A,N/A,N/A,No,N/A,N/A,N/A,N/A,N/A,N/A,N/A,N/A,N/A,N/A,N/A,N/A,N/A,N/A,N/A,N/A,N/A
Cladding & roofing,Membrane roofing ,"Single ply PVC membrane roofing, 60 mils",N/A,N/A,#VALUE!,Low-20th%,N/A,N/A,N/A,N/A,N/A,N/A,N/A,N/A,N/A,N/A,N/A,N/A,999,Placeholder,d_liquid,PLACEHOLDER,4,No,No,No,No,N/A,N/A,N/A,N/A,N/A,N/A,N/A,N/A,N/A,N/A,N/A,N/A,N/A,N/A,N/A,N/A,N/A,N/A,N/A,N/A,N/A,N/A,N/A,N/A,N/A,N/A,N/A,N/A,N/A,N/A,N/A,No,N/A,N/A,N/A,N/A,N/A,N/A,N/A,N/A,N/A,N/A,N/A,N/A,N/A,N/A,N/A,N/A,N/A
Cladding & roofing,Membrane roofing ,"Single ply PVC membrane roofing, 80 mils",CLF 2025 Material Baselines,https://vinylroofs.org/wp-content/uploads/2021/06/CFFA-EPD_FINALw_logos_1406202173.pdf,1,Baseline,8.3,1,m2,Industry,single,industry data,"PVC single-ply roofing industry-average EPD (CFFA, 2020) ","PVC single-ply roofing industry average EPD (CFFA, 2020), results by thickness. From the EPD: “In total 6 facilities operated by the 6 CFFA company members",TRUE,North America,2.46,kg/m2,999,Placeholder,d_liquid,PLACEHOLDER,4,No,No,No,No,N/A,N/A,N/A,N/A,N/A,N/A,N/A,N/A,N/A,N/A,N/A,N/A,N/A,N/A,N/A,N/A,N/A,N/A,N/A,N/A,N/A,N/A,8.3,N/A,N/A,N/A,0.0440000000000000,0.1090000000000000,0.0000012000000000,0.4800000000000000,132.6000000000000000,No,N/A,N/A,N/A,N/A,N/A,N/A,N/A,N/A,N/A,N/A,N/A,N/A,N/A,N/A,N/A,N/A,N/A
Cladding & roofing,Membrane roofing ,"Single ply PVC membrane roofing, 80 mils",N/A,N/A,#VALUE!,High-80th%,N/A,N/A,N/A,N/A,N/A,N/A,N/A,N/A,N/A,N/A,N/A,N/A,999,Placeholder,d_liquid,PLACEHOLDER,4,No,No,No,No,N/A,N/A,N/A,N/A,N/A,N/A,N/A,N/A,N/A,N/A,N/A,N/A,N/A,N/A,N/A,N/A,N/A,N/A,N/A,N/A,N/A,N/A,N/A,N/A,N/A,N/A,N/A,N/A,N/A,N/A,N/A,No,N/A,N/A,N/A,N/A,N/A,N/A,N/A,N/A,N/A,N/A,N/A,N/A,N/A,N/A,N/A,N/A,N/A
Cladding & roofing,Membrane roofing ,"Single ply PVC membrane roofing, 80 mils",N/A,N/A,#VALUE!,Low-20th%,N/A,N/A,N/A,N/A,N/A,N/A,N/A,N/A,N/A,N/A,N/A,N/A,999,Placeholder,d_liquid,PLACEHOLDER,4,No,No,No,No,N/A,N/A,N/A,N/A,N/A,N/A,N/A,N/A,N/A,N/A,N/A,N/A,N/A,N/A,N/A,N/A,N/A,N/A,N/A,N/A,N/A,N/A,N/A,N/A,N/A,N/A,N/A,N/A,N/A,N/A,N/A,No,N/A,N/A,N/A,N/A,N/A,N/A,N/A,N/A,N/A,N/A,N/A,N/A,N/A,N/A,N/A,N/A,N/A
Cladding & roofing,Membrane roofing ,"TPO membrane roofing, 45 mil",CLF 2025 Material Baselines,https://pcr-epd.s3.us-east-2.amazonaws.com/917.SPRI_TPO_EPD.pdf,1,Baseline,3.32,1,m2,Industry,single,industry data,"TPO single-ply roofing industry-average EPD (SPRI, 2023) ",Single Ply Roofing Industry (SPRI). (2023). Environmental Product Declaration:  TPO Single Ply Roofing Membrane. ASTM International.,FALSE,US,1.15,kg/m2,999,Placeholder,d_liquid,PLACEHOLDER,4,No,No,No,No,N/A,N/A,N/A,N/A,N/A,N/A,N/A,N/A,N/A,N/A,N/A,N/A,N/A,N/A,N/A,N/A,N/A,N/A,N/A,N/A,N/A,N/A,3.32,N/A,N/A,N/A,0.0066000000000000,0.0011200000000000,0.0000000000011100,0.1380000000000000,N/A,No,N/A,N/A,N/A,N/A,N/A,N/A,N/A,N/A,N/A,N/A,N/A,N/A,N/A,N/A,N/A,N/A,N/A
Cladding & roofing,Membrane roofing ,"TPO membrane roofing, 45 mil",N/A,N/A,#VALUE!,High-80th%,N/A,N/A,N/A,N/A,N/A,N/A,N/A,N/A,N/A,N/A,N/A,N/A,999,Placeholder,d_liquid,PLACEHOLDER,4,No,No,No,No,N/A,N/A,N/A,N/A,N/A,N/A,N/A,N/A,N/A,N/A,N/A,N/A,N/A,N/A,N/A,N/A,N/A,N/A,N/A,N/A,N/A,N/A,N/A,N/A,N/A,N/A,N/A,N/A,N/A,N/A,N/A,No,N/A,N/A,N/A,N/A,N/A,N/A,N/A,N/A,N/A,N/A,N/A,N/A,N/A,N/A,N/A,N/A,N/A
Cladding & roofing,Membrane roofing ,"TPO membrane roofing, 45 mil",N/A,N/A,#VALUE!,Low-20th%,N/A,N/A,N/A,N/A,N/A,N/A,N/A,N/A,N/A,N/A,N/A,N/A,999,Placeholder,d_liquid,PLACEHOLDER,4,No,No,No,No,N/A,N/A,N/A,N/A,N/A,N/A,N/A,N/A,N/A,N/A,N/A,N/A,N/A,N/A,N/A,N/A,N/A,N/A,N/A,N/A,N/A,N/A,N/A,N/A,N/A,N/A,N/A,N/A,N/A,N/A,N/A,No,N/A,N/A,N/A,N/A,N/A,N/A,N/A,N/A,N/A,N/A,N/A,N/A,N/A,N/A,N/A,N/A,N/A
Cladding & roofing,Membrane roofing ,"TPO membrane roofing, 60 mil",CLF 2025 Material Baselines,https://pcr-epd.s3.us-east-2.amazonaws.com/917.SPRI_TPO_EPD.pdf,1,Baseline,4.29,1,m2,Industry,single,industry data,"TPO single-ply roofing industry-average EPD (SPRI, 2023) ",Single Ply Roofing Industry (SPRI). (2023). Environmental Product Declaration:  TPO Single Ply Roofing Membrane. ASTM International.,FALSE,US,1.48,kg/m2,999,Placeholder,d_liquid,PLACEHOLDER,4,No,No,No,No,N/A,N/A,N/A,N/A,N/A,N/A,N/A,N/A,N/A,N/A,N/A,N/A,N/A,N/A,N/A,N/A,N/A,N/A,N/A,N/A,N/A,N/A,4.29,N/A,N/A,N/A,0.0085400000000000,0.0014500000000000,0.0000000000014200,0.1790000000000000,N/A,No,N/A,N/A,N/A,N/A,N/A,N/A,N/A,N/A,N/A,N/A,N/A,N/A,N/A,N/A,N/A,N/A,N/A
Cladding & roofing,Membrane roofing ,"TPO membrane roofing, 60 mil",N/A,N/A,#VALUE!,High-80th%,N/A,N/A,N/A,N/A,N/A,N/A,N/A,N/A,N/A,N/A,N/A,N/A,999,Placeholder,d_liquid,PLACEHOLDER,4,No,No,No,No,N/A,N/A,N/A,N/A,N/A,N/A,N/A,N/A,N/A,N/A,N/A,N/A,N/A,N/A,N/A,N/A,N/A,N/A,N/A,N/A,N/A,N/A,N/A,N/A,N/A,N/A,N/A,N/A,N/A,N/A,N/A,No,N/A,N/A,N/A,N/A,N/A,N/A,N/A,N/A,N/A,N/A,N/A,N/A,N/A,N/A,N/A,N/A,N/A
Cladding & roofing,Membrane roofing ,"TPO membrane roofing, 60 mil",N/A,N/A,#VALUE!,Low-20th%,N/A,N/A,N/A,N/A,N/A,N/A,N/A,N/A,N/A,N/A,N/A,N/A,999,Placeholder,d_liquid,PLACEHOLDER,4,No,No,No,No,N/A,N/A,N/A,N/A,N/A,N/A,N/A,N/A,N/A,N/A,N/A,N/A,N/A,N/A,N/A,N/A,N/A,N/A,N/A,N/A,N/A,N/A,N/A,N/A,N/A,N/A,N/A,N/A,N/A,N/A,N/A,No,N/A,N/A,N/A,N/A,N/A,N/A,N/A,N/A,N/A,N/A,N/A,N/A,N/A,N/A,N/A,N/A,N/A
Cladding & roofing,Membrane roofing ,"TPO membrane roofing, 80 mil",CLF 2025 Material Baselines,https://pcr-epd.s3.us-east-2.amazonaws.com/917.SPRI_TPO_EPD.pdf,1,Baseline,6.05,1,m2,Industry,single,industry data,"TPO single-ply roofing industry-average EPD (SPRI, 2023) ",Single Ply Roofing Industry (SPRI). (2023). Environmental Product Declaration:  TPO Single Ply Roofing Membrane. ASTM International.,FALSE,US,2.02,kg/m2,999,Placeholder,d_liquid,PLACEHOLDER,4,No,No,No,No,N/A,N/A,N/A,N/A,N/A,N/A,N/A,N/A,N/A,N/A,N/A,N/A,N/A,N/A,N/A,N/A,N/A,N/A,N/A,N/A,N/A,N/A,6.05,N/A,N/A,N/A,0.0121000000000000,0.0020600000000000,0.0000000000020000,0.2530000000000000,N/A,No,N/A,N/A,N/A,N/A,N/A,N/A,N/A,N/A,N/A,N/A,N/A,N/A,N/A,N/A,N/A,N/A,N/A
Cladding & roofing,Membrane roofing ,"TPO membrane roofing, 80 mil",N/A,N/A,#VALUE!,High-80th%,N/A,N/A,N/A,N/A,N/A,N/A,N/A,N/A,N/A,N/A,N/A,N/A,999,Placeholder,d_liquid,PLACEHOLDER,4,No,No,No,No,N/A,N/A,N/A,N/A,N/A,N/A,N/A,N/A,N/A,N/A,N/A,N/A,N/A,N/A,N/A,N/A,N/A,N/A,N/A,N/A,N/A,N/A,N/A,N/A,N/A,N/A,N/A,N/A,N/A,N/A,N/A,No,N/A,N/A,N/A,N/A,N/A,N/A,N/A,N/A,N/A,N/A,N/A,N/A,N/A,N/A,N/A,N/A,N/A
Cladding & roofing,Membrane roofing ,"TPO membrane roofing, 80 mil",N/A,N/A,#VALUE!,Low-20th%,N/A,N/A,N/A,N/A,N/A,N/A,N/A,N/A,N/A,N/A,N/A,N/A,999,Placeholder,d_liquid,PLACEHOLDER,4,No,No,No,No,N/A,N/A,N/A,N/A,N/A,N/A,N/A,N/A,N/A,N/A,N/A,N/A,N/A,N/A,N/A,N/A,N/A,N/A,N/A,N/A,N/A,N/A,N/A,N/A,N/A,N/A,N/A,N/A,N/A,N/A,N/A,No,N/A,N/A,N/A,N/A,N/A,N/A,N/A,N/A,N/A,N/A,N/A,N/A,N/A,N/A,N/A,N/A,N/A
Cladding & roofing,Membrane roofing ,"EPDM membrane roofing, reinforced, 45 mil",CLF 2025 Material Baselines,https://pcr-epd.s3.us-east-2.amazonaws.com/805.SPRI_EPDM_Reinforced_EPD.pdf,1,Baseline,5.42,1,m2,Industry,single,industry data,"Reinforced EPDM membrane industry-average EPD (SPRI, 2022b) ",Single Ply Roofing Industry (SPRI). (2022b). Environmental Product Declaration: Reinforced EPDM Single Ply Roofing Membrane. ASTM International.,FALSE,US,1.56,kg/m2,999,Placeholder,d_liquid,PLACEHOLDER,4,No,No,No,No,N/A,N/A,N/A,N/A,N/A,N/A,N/A,N/A,N/A,N/A,N/A,N/A,N/A,N/A,N/A,N/A,N/A,N/A,N/A,N/A,N/A,N/A,5.42,N/A,N/A,N/A,0.0087100000000000,0.0007470000000000,0.0000000000007590,0.1640000000000000,N/A,No,N/A,N/A,N/A,N/A,N/A,N/A,N/A,N/A,N/A,N/A,N/A,N/A,N/A,N/A,N/A,N/A,N/A
Cladding & roofing,Membrane roofing ,"EPDM membrane roofing, reinforced, 45 mil",N/A,N/A,#VALUE!,High-80th%,N/A,N/A,N/A,N/A,N/A,N/A,N/A,N/A,N/A,N/A,N/A,N/A,999,Placeholder,d_liquid,PLACEHOLDER,4,No,No,No,No,N/A,N/A,N/A,N/A,N/A,N/A,N/A,N/A,N/A,N/A,N/A,N/A,N/A,N/A,N/A,N/A,N/A,N/A,N/A,N/A,N/A,N/A,N/A,N/A,N/A,N/A,N/A,N/A,N/A,N/A,N/A,No,N/A,N/A,N/A,N/A,N/A,N/A,N/A,N/A,N/A,N/A,N/A,N/A,N/A,N/A,N/A,N/A,N/A
Cladding & roofing,Membrane roofing ,"EPDM membrane roofing, reinforced, 45 mil",N/A,N/A,#VALUE!,Low-20th%,N/A,N/A,N/A,N/A,N/A,N/A,N/A,N/A,N/A,N/A,N/A,N/A,999,Placeholder,d_liquid,PLACEHOLDER,4,No,No,No,No,N/A,N/A,N/A,N/A,N/A,N/A,N/A,N/A,N/A,N/A,N/A,N/A,N/A,N/A,N/A,N/A,N/A,N/A,N/A,N/A,N/A,N/A,N/A,N/A,N/A,N/A,N/A,N/A,N/A,N/A,N/A,No,N/A,N/A,N/A,N/A,N/A,N/A,N/A,N/A,N/A,N/A,N/A,N/A,N/A,N/A,N/A,N/A,N/A
Cladding & roofing,Membrane roofing ,"EPDM membrane roofing, reinforced, 60 mil",CLF 2025 Material Baselines,https://pcr-epd.s3.us-east-2.amazonaws.com/805.SPRI_EPDM_Reinforced_EPD.pdf,1,Baseline,7.1,1,m2,Industry,single,industry data,"Reinforced EPDM membrane industry-average EPD (SPRI, 2022b) ",Single Ply Roofing Industry (SPRI). (2022b). Environmental Product Declaration: Reinforced EPDM Single Ply Roofing Membrane. ASTM International.,FALSE,US,1.99,kg/m2,999,Placeholder,d_liquid,PLACEHOLDER,4,No,No,No,No,N/A,N/A,N/A,N/A,N/A,N/A,N/A,N/A,N/A,N/A,N/A,N/A,N/A,N/A,N/A,N/A,N/A,N/A,N/A,N/A,N/A,N/A,7.1,N/A,N/A,N/A,0.0114000000000000,0.0009850000000000,0.0000000000010200,0.2150000000000000,N/A,No,N/A,N/A,N/A,N/A,N/A,N/A,N/A,N/A,N/A,N/A,N/A,N/A,N/A,N/A,N/A,N/A,N/A
Cladding & roofing,Membrane roofing ,"EPDM membrane roofing, reinforced, 60 mil",N/A,N/A,#VALUE!,High-80th%,N/A,N/A,N/A,N/A,N/A,N/A,N/A,N/A,N/A,N/A,N/A,N/A,999,Placeholder,d_liquid,PLACEHOLDER,4,No,No,No,No,N/A,N/A,N/A,N/A,N/A,N/A,N/A,N/A,N/A,N/A,N/A,N/A,N/A,N/A,N/A,N/A,N/A,N/A,N/A,N/A,N/A,N/A,N/A,N/A,N/A,N/A,N/A,N/A,N/A,N/A,N/A,No,N/A,N/A,N/A,N/A,N/A,N/A,N/A,N/A,N/A,N/A,N/A,N/A,N/A,N/A,N/A,N/A,N/A
Cladding & roofing,Membrane roofing ,"EPDM membrane roofing, reinforced, 60 mil",N/A,N/A,#VALUE!,Low-20th%,N/A,N/A,N/A,N/A,N/A,N/A,N/A,N/A,N/A,N/A,N/A,N/A,999,Placeholder,d_liquid,PLACEHOLDER,4,No,No,No,No,N/A,N/A,N/A,N/A,N/A,N/A,N/A,N/A,N/A,N/A,N/A,N/A,N/A,N/A,N/A,N/A,N/A,N/A,N/A,N/A,N/A,N/A,N/A,N/A,N/A,N/A,N/A,N/A,N/A,N/A,N/A,No,N/A,N/A,N/A,N/A,N/A,N/A,N/A,N/A,N/A,N/A,N/A,N/A,N/A,N/A,N/A,N/A,N/A
Cladding & roofing,Membrane roofing ,"EPDM membrane roofing, reinforced, 75 mil",CLF 2025 Material Baselines,https://pcr-epd.s3.us-east-2.amazonaws.com/805.SPRI_EPDM_Reinforced_EPD.pdf,1,Baseline,8.86,1,m2,Industry,single,industry data,"Reinforced EPDM membrane industry-average EPD (SPRI, 2022b) ",Single Ply Roofing Industry (SPRI). (2022b). Environmental Product Declaration: Reinforced EPDM Single Ply Roofing Membrane. ASTM International.,FALSE,US,2.49,kg/m2,999,Placeholder,d_liquid,PLACEHOLDER,4,No,No,No,No,N/A,N/A,N/A,N/A,N/A,N/A,N/A,N/A,N/A,N/A,N/A,N/A,N/A,N/A,N/A,N/A,N/A,N/A,N/A,N/A,N/A,N/A,8.86,N/A,N/A,N/A,0.0142000000000000,0.0012300000000000,0.0000000000012700,0.2680000000000000,N/A,No,N/A,N/A,N/A,N/A,N/A,N/A,N/A,N/A,N/A,N/A,N/A,N/A,N/A,N/A,N/A,N/A,N/A
Cladding & roofing,Membrane roofing ,"EPDM membrane roofing, reinforced, 75 mil",N/A,N/A,#VALUE!,High-80th%,N/A,N/A,N/A,N/A,N/A,N/A,N/A,N/A,N/A,N/A,N/A,N/A,999,Placeholder,d_liquid,PLACEHOLDER,4,No,No,No,No,N/A,N/A,N/A,N/A,N/A,N/A,N/A,N/A,N/A,N/A,N/A,N/A,N/A,N/A,N/A,N/A,N/A,N/A,N/A,N/A,N/A,N/A,N/A,N/A,N/A,N/A,N/A,N/A,N/A,N/A,N/A,No,N/A,N/A,N/A,N/A,N/A,N/A,N/A,N/A,N/A,N/A,N/A,N/A,N/A,N/A,N/A,N/A,N/A
Cladding & roofing,Membrane roofing ,"EPDM membrane roofing, reinforced, 75 mil",N/A,N/A,#VALUE!,Low-20th%,N/A,N/A,N/A,N/A,N/A,N/A,N/A,N/A,N/A,N/A,N/A,N/A,999,Placeholder,d_liquid,PLACEHOLDER,4,No,No,No,No,N/A,N/A,N/A,N/A,N/A,N/A,N/A,N/A,N/A,N/A,N/A,N/A,N/A,N/A,N/A,N/A,N/A,N/A,N/A,N/A,N/A,N/A,N/A,N/A,N/A,N/A,N/A,N/A,N/A,N/A,N/A,No,N/A,N/A,N/A,N/A,N/A,N/A,N/A,N/A,N/A,N/A,N/A,N/A,N/A,N/A,N/A,N/A,N/A
Cladding & roofing,Membrane roofing ,"EPDM membrane roofing, non-reinforced, 45 mil",CLF 2025 Material Baselines,https://www.jm.com/content/dam/jm/global/en/commercial-roofing/products/assets/environmental-product-declaration/epdm-non-reinforced-epd.pdf,1,Baseline,4.73,1,m2,Industry,single,industry data,"Non-reinforced EPDM membrane industry average EPD (SPRI, 2022a) ",Single Ply Roofing Industry (SPRI). (2022a). Environmental Product Declaration: Non-Reinforced EPDM Single Ply Roofing Membrane. ASTM International.,FALSE,US,1.38,kg/m2,999,Placeholder,d_liquid,PLACEHOLDER,4,No,No,No,No,N/A,N/A,N/A,N/A,N/A,N/A,N/A,N/A,N/A,N/A,N/A,N/A,N/A,N/A,N/A,N/A,N/A,N/A,N/A,N/A,N/A,N/A,4.73,N/A,N/A,N/A,0.0077600000000000,0.0006710000000000,0.0000000000008020,0.1430000000000000,N/A,No,N/A,N/A,N/A,N/A,N/A,N/A,N/A,N/A,N/A,N/A,N/A,N/A,N/A,N/A,N/A,N/A,N/A
Cladding & roofing,Membrane roofing ,"EPDM membrane roofing, non-reinforced, 45 mil",N/A,N/A,#VALUE!,High-80th%,N/A,N/A,N/A,N/A,N/A,N/A,N/A,N/A,N/A,N/A,N/A,N/A,999,Placeholder,d_liquid,PLACEHOLDER,4,No,No,No,No,N/A,N/A,N/A,N/A,N/A,N/A,N/A,N/A,N/A,N/A,N/A,N/A,N/A,N/A,N/A,N/A,N/A,N/A,N/A,N/A,N/A,N/A,N/A,N/A,N/A,N/A,N/A,N/A,N/A,N/A,N/A,No,N/A,N/A,N/A,N/A,N/A,N/A,N/A,N/A,N/A,N/A,N/A,N/A,N/A,N/A,N/A,N/A,N/A
Cladding & roofing,Membrane roofing ,"EPDM membrane roofing, non-reinforced, 45 mil",N/A,N/A,#VALUE!,Low-20th%,N/A,N/A,N/A,N/A,N/A,N/A,N/A,N/A,N/A,N/A,N/A,N/A,999,Placeholder,d_liquid,PLACEHOLDER,4,No,No,No,No,N/A,N/A,N/A,N/A,N/A,N/A,N/A,N/A,N/A,N/A,N/A,N/A,N/A,N/A,N/A,N/A,N/A,N/A,N/A,N/A,N/A,N/A,N/A,N/A,N/A,N/A,N/A,N/A,N/A,N/A,N/A,No,N/A,N/A,N/A,N/A,N/A,N/A,N/A,N/A,N/A,N/A,N/A,N/A,N/A,N/A,N/A,N/A,N/A
Cladding & roofing,Membrane roofing ,"EPDM membrane roofing, non-reinforced, 60 mil",CLF 2025 Material Baselines,https://www.jm.com/content/dam/jm/global/en/commercial-roofing/products/assets/environmental-product-declaration/epdm-non-reinforced-epd.pdf,1,Baseline,6.14,1,m2,Industry,single,industry data,"Non-reinforced EPDM membrane industry average EPD (SPRI, 2022a) ",Single Ply Roofing Industry (SPRI). (2022a). Environmental Product Declaration: Non-Reinforced EPDM Single Ply Roofing Membrane. ASTM International.,FALSE,US,1.81,kg/m2,999,Placeholder,d_liquid,PLACEHOLDER,4,No,No,No,No,N/A,N/A,N/A,N/A,N/A,N/A,N/A,N/A,N/A,N/A,N/A,N/A,N/A,N/A,N/A,N/A,N/A,N/A,N/A,N/A,N/A,N/A,6.14,N/A,N/A,N/A,0.0100000000000000,0.0008830000000000,0.0000000000011100,0.1860000000000000,N/A,No,N/A,N/A,N/A,N/A,N/A,N/A,N/A,N/A,N/A,N/A,N/A,N/A,N/A,N/A,N/A,N/A,N/A
Cladding & roofing,Membrane roofing ,"EPDM membrane roofing, non-reinforced, 60 mil",N/A,N/A,#VALUE!,High-80th%,N/A,N/A,N/A,N/A,N/A,N/A,N/A,N/A,N/A,N/A,N/A,N/A,999,Placeholder,d_liquid,PLACEHOLDER,4,No,No,No,No,N/A,N/A,N/A,N/A,N/A,N/A,N/A,N/A,N/A,N/A,N/A,N/A,N/A,N/A,N/A,N/A,N/A,N/A,N/A,N/A,N/A,N/A,N/A,N/A,N/A,N/A,N/A,N/A,N/A,N/A,N/A,No,N/A,N/A,N/A,N/A,N/A,N/A,N/A,N/A,N/A,N/A,N/A,N/A,N/A,N/A,N/A,N/A,N/A
Cladding & roofing,Membrane roofing ,"EPDM membrane roofing, non-reinforced, 60 mil",N/A,N/A,#VALUE!,Low-20th%,N/A,N/A,N/A,N/A,N/A,N/A,N/A,N/A,N/A,N/A,N/A,N/A,999,Placeholder,d_liquid,PLACEHOLDER,4,No,No,No,No,N/A,N/A,N/A,N/A,N/A,N/A,N/A,N/A,N/A,N/A,N/A,N/A,N/A,N/A,N/A,N/A,N/A,N/A,N/A,N/A,N/A,N/A,N/A,N/A,N/A,N/A,N/A,N/A,N/A,N/A,N/A,No,N/A,N/A,N/A,N/A,N/A,N/A,N/A,N/A,N/A,N/A,N/A,N/A,N/A,N/A,N/A,N/A,N/A
Cladding & roofing,Membrane roofing ,"EPDM membrane roofing, non-reinforced, 90 mil",CLF 2025 Material Baselines,https://www.jm.com/content/dam/jm/global/en/commercial-roofing/products/assets/environmental-product-declaration/epdm-non-reinforced-epd.pdf,1,Baseline,9.56,1,m2,Industry,single,industry data,"Non-reinforced EPDM membrane industry average EPD (SPRI, 2022a) ",Single Ply Roofing Industry (SPRI). (2022a). Environmental Product Declaration: Non-Reinforced EPDM Single Ply Roofing Membrane. ASTM International.,FALSE,US,2.82,kg/m2,999,Placeholder,d_liquid,PLACEHOLDER,4,No,No,No,No,N/A,N/A,N/A,N/A,N/A,N/A,N/A,N/A,N/A,N/A,N/A,N/A,N/A,N/A,N/A,N/A,N/A,N/A,N/A,N/A,N/A,N/A,9.56,N/A,N/A,N/A,0.0157000000000000,0.0013800000000000,0.0000000000017300,0.2900000000000000,N/A,No,N/A,N/A,N/A,N/A,N/A,N/A,N/A,N/A,N/A,N/A,N/A,N/A,N/A,N/A,N/A,N/A,N/A
Cladding & roofing,Membrane roofing ,"EPDM membrane roofing, non-reinforced, 90 mil",N/A,N/A,#VALUE!,High-80th%,N/A,N/A,N/A,N/A,N/A,N/A,N/A,N/A,N/A,N/A,N/A,N/A,999,Placeholder,d_liquid,PLACEHOLDER,4,No,No,No,No,N/A,N/A,N/A,N/A,N/A,N/A,N/A,N/A,N/A,N/A,N/A,N/A,N/A,N/A,N/A,N/A,N/A,N/A,N/A,N/A,N/A,N/A,N/A,N/A,N/A,N/A,N/A,N/A,N/A,N/A,N/A,No,N/A,N/A,N/A,N/A,N/A,N/A,N/A,N/A,N/A,N/A,N/A,N/A,N/A,N/A,N/A,N/A,N/A
Cladding & roofing,Membrane roofing ,"EPDM membrane roofing, non-reinforced, 90 mil",N/A,N/A,#VALUE!,Low-20th%,N/A,N/A,N/A,N/A,N/A,N/A,N/A,N/A,N/A,N/A,N/A,N/A,999,Placeholder,d_liquid,PLACEHOLDER,4,No,No,No,No,N/A,N/A,N/A,N/A,N/A,N/A,N/A,N/A,N/A,N/A,N/A,N/A,N/A,N/A,N/A,N/A,N/A,N/A,N/A,N/A,N/A,N/A,N/A,N/A,N/A,N/A,N/A,N/A,N/A,N/A,N/A,No,N/A,N/A,N/A,N/A,N/A,N/A,N/A,N/A,N/A,N/A,N/A,N/A,N/A,N/A,N/A,N/A,N/A
Cladding & roofing,Asphalt shingles,Asphalt shingles,CLF 2025 Material Baselines,https://www.asphaltroofing.org/wp-content/uploads/2024/02/111.2_ARMA-Asphalt-Shingles.pdf,0.824200913,Baseline,3.61,1,m2,Industry,single,industry data,"Asphalt shingle industry-average EPD (ARMA, 2023a) ",Asphalt Roofing Manufacturers Association (ARMA). (2023a). Environmental Product Declaration - Asphalt Shingle Roofing System (Installation: Fastened). UL Environment.,TRUE,North America,12.3,kg/m2,999,Placeholder,e_tile,PLACEHOLDER,4,No,No,No,No,N/A,N/A,N/A,N/A,N/A,N/A,N/A,N/A,N/A,N/A,N/A,N/A,N/A,N/A,N/A,N/A,N/A,N/A,N/A,N/A,N/A,N/A,3.61,N/A,N/A,N/A,0.0117036529680365,0.0006956255707763,0.0000000053078539,0.1524771689497720,149.1803652968040000,No,N/A,N/A,N/A,N/A,N/A,N/A,N/A,N/A,N/A,N/A,N/A,N/A,N/A,N/A,N/A,N/A,N/A
Cladding & roofing,Asphalt shingles,Asphalt shingles,N/A,N/A,#VALUE!,High-80th%,N/A,N/A,N/A,N/A,N/A,N/A,N/A,N/A,N/A,N/A,N/A,N/A,999,Placeholder,e_tile,PLACEHOLDER,4,No,No,No,No,N/A,N/A,N/A,N/A,N/A,N/A,N/A,N/A,N/A,N/A,N/A,N/A,N/A,N/A,N/A,N/A,N/A,N/A,N/A,N/A,N/A,N/A,N/A,N/A,N/A,N/A,N/A,N/A,N/A,N/A,N/A,No,N/A,N/A,N/A,N/A,N/A,N/A,N/A,N/A,N/A,N/A,N/A,N/A,N/A,N/A,N/A,N/A,N/A
Cladding & roofing,Asphalt shingles,Asphalt shingles,N/A,N/A,#VALUE!,Low-20th%,N/A,N/A,N/A,N/A,N/A,N/A,N/A,N/A,N/A,N/A,N/A,N/A,999,Placeholder,e_tile,PLACEHOLDER,4,No,No,No,No,N/A,N/A,N/A,N/A,N/A,N/A,N/A,N/A,N/A,N/A,N/A,N/A,N/A,N/A,N/A,N/A,N/A,N/A,N/A,N/A,N/A,N/A,N/A,N/A,N/A,N/A,N/A,N/A,N/A,N/A,N/A,No,N/A,N/A,N/A,N/A,N/A,N/A,N/A,N/A,N/A,N/A,N/A,N/A,N/A,N/A,N/A,N/A,N/A
Glazing mateiral gas,glazing gas,Air,N/A,N/A,1,Baseline,1E-12,1000,Nm3,,,,N/A,N/A,,N/A,0,kg/m3,N/A,N/A,N/A,N/A,N/A,No,No,No,Yes,N/A,0.0262,N/A,N/A,N/A,1005,N/A,N/A,N/A,N/A,N/A,N/A,N/A,N/A,N/A,N/A,N/A,N/A,N/A,N/A,N/A,N/A,1E-12,N/A,N/A,N/A,N/A,N/A,N/A,N/A,N/A,No,N/A,N/A,N/A,N/A,N/A,N/A,N/A,N/A,N/A,N/A,N/A,N/A,N/A,N/A,N/A,N/A,N/A
Glazing mateiral gas,glazing gas,Air,N/A,N/A,#VALUE!,High-80th%,N/A,N/A,N/A,,,,N/A,N/A,,N/A,N/A,N/A,N/A,N/A,N/A,N/A,N/A,No,No,No,Yes,N/A,N/A,N/A,N/A,N/A,N/A,N/A,N/A,N/A,N/A,N/A,N/A,N/A,N/A,N/A,N/A,N/A,N/A,N/A,N/A,N/A,N/A,N/A,N/A,N/A,N/A,N/A,N/A,N/A,N/A,N/A,No,N/A,N/A,N/A,N/A,N/A,N/A,N/A,N/A,N/A,N/A,N/A,N/A,N/A,N/A,N/A,N/A,N/A
Glazing mateiral gas,glazing gas,Air,N/A,N/A,#VALUE!,Low-20th%,N/A,N/A,N/A,,,,N/A,N/A,,N/A,N/A,N/A,N/A,N/A,N/A,N/A,N/A,No,No,No,Yes,N/A,N/A,N/A,N/A,N/A,N/A,N/A,N/A,N/A,N/A,N/A,N/A,N/A,N/A,N/A,N/A,N/A,N/A,N/A,N/A,N/A,N/A,N/A,N/A,N/A,N/A,N/A,N/A,N/A,N/A,N/A,No,N/A,N/A,N/A,N/A,N/A,N/A,N/A,N/A,N/A,N/A,N/A,N/A,N/A,N/A,N/A,N/A,N/A
Glazing mateiral gas,glazing gas,Argon,N/A,https://www.researchgate.net/publication/380496175_Life_Cycle_Assessment_for_Industrial_Gas_Production_in_China,1,Baseline,1550,1000,Nm3,,,,N/A,N/A,,N/A,N/A,kg/m3,N/A,N/A,N/A,N/A,N/A,No,No,No,Yes,N/A,0.016,N/A,N/A,N/A,520,N/A,N/A,N/A,N/A,N/A,N/A,N/A,N/A,N/A,N/A,N/A,N/A,N/A,N/A,N/A,N/A,1550,N/A,N/A,N/A,N/A,N/A,N/A,N/A,N/A,No,N/A,N/A,N/A,N/A,N/A,N/A,N/A,N/A,N/A,N/A,N/A,N/A,N/A,N/A,N/A,N/A,N/A
Glazing mateiral gas,glazing gas,Argon,N/A,N/A,#VALUE!,High-80th%,N/A,N/A,N/A,,,,N/A,N/A,,N/A,N/A,N/A,N/A,N/A,N/A,N/A,N/A,No,No,No,Yes,N/A,N/A,N/A,N/A,N/A,N/A,N/A,N/A,N/A,N/A,N/A,N/A,N/A,N/A,N/A,N/A,N/A,N/A,N/A,N/A,N/A,N/A,N/A,N/A,N/A,N/A,N/A,N/A,N/A,N/A,N/A,No,N/A,N/A,N/A,N/A,N/A,N/A,N/A,N/A,N/A,N/A,N/A,N/A,N/A,N/A,N/A,N/A,N/A
Glazing mateiral gas,glazing gas,Argon,N/A,N/A,#VALUE!,Low-20th%,N/A,N/A,N/A,,,,N/A,N/A,,N/A,N/A,N/A,N/A,N/A,N/A,N/A,N/A,No,No,No,Yes,N/A,N/A,N/A,N/A,N/A,N/A,N/A,N/A,N/A,N/A,N/A,N/A,N/A,N/A,N/A,N/A,N/A,N/A,N/A,N/A,N/A,N/A,N/A,N/A,N/A,N/A,N/A,N/A,N/A,N/A,N/A,No,N/A,N/A,N/A,N/A,N/A,N/A,N/A,N/A,N/A,N/A,N/A,N/A,N/A,N/A,N/A,N/A,N/A
Glazing mateiral gas,glazing gas,Krypton,N/A,N/A,#VALUE!,Baseline,N/A,1000,Nm3,,,,N/A,N/A,,N/A,N/A,kg/m3,N/A,N/A,N/A,N/A,N/A,No,No,No,Yes,N/A,0.0088,N/A,N/A,N/A,248,N/A,N/A,N/A,N/A,N/A,N/A,N/A,N/A,N/A,N/A,N/A,N/A,N/A,N/A,N/A,N/A,N/A,N/A,N/A,N/A,N/A,N/A,N/A,N/A,N/A,No,N/A,N/A,N/A,N/A,N/A,N/A,N/A,N/A,N/A,N/A,N/A,N/A,N/A,N/A,N/A,N/A,N/A
Glazing mateiral gas,glazing gas,Krypton,N/A,N/A,#VALUE!,High-80th%,N/A,N/A,N/A,,,,N/A,N/A,,N/A,N/A,N/A,N/A,N/A,N/A,N/A,N/A,No,No,No,Yes,N/A,N/A,N/A,N/A,N/A,N/A,N/A,N/A,N/A,N/A,N/A,N/A,N/A,N/A,N/A,N/A,N/A,N/A,N/A,N/A,N/A,N/A,N/A,N/A,N/A,N/A,N/A,N/A,N/A,N/A,N/A,No,N/A,N/A,N/A,N/A,N/A,N/A,N/A,N/A,N/A,N/A,N/A,N/A,N/A,N/A,N/A,N/A,N/A
Glazing mateiral gas,glazing gas,Krypton,N/A,N/A,#VALUE!,Low-20th%,N/A,N/A,N/A,,,,N/A,N/A,,N/A,N/A,N/A,N/A,N/A,N/A,N/A,N/A,No,No,No,Yes,N/A,N/A,N/A,N/A,N/A,N/A,N/A,N/A,N/A,N/A,N/A,N/A,N/A,N/A,N/A,N/A,N/A,N/A,N/A,N/A,N/A,N/A,N/A,N/A,N/A,N/A,N/A,N/A,N/A,N/A,N/A,No,N/A,N/A,N/A,N/A,N/A,N/A,N/A,N/A,N/A,N/A,N/A,N/A,N/A,N/A,N/A,N/A,N/A
Glazing mateiral gas,glazing gas,Xenon,N/A,N/A,#VALUE!,Baseline,N/A,1000,Nm3,,,,N/A,N/A,,N/A,N/A,kg/m3,N/A,N/A,N/A,N/A,N/A,No,No,No,Yes,N/A,0.0051,N/A,N/A,N/A,158,N/A,N/A,N/A,N/A,N/A,N/A,N/A,N/A,N/A,N/A,N/A,N/A,N/A,N/A,N/A,N/A,N/A,N/A,N/A,N/A,N/A,N/A,N/A,N/A,N/A,No,N/A,N/A,N/A,N/A,N/A,N/A,N/A,N/A,N/A,N/A,N/A,N/A,N/A,N/A,N/A,N/A,N/A
Glazing mateiral gas,glazing gas,Xenon,N/A,N/A,#VALUE!,High-80th%,N/A,N/A,N/A,,,,N/A,N/A,,N/A,N/A,N/A,N/A,N/A,N/A,N/A,N/A,No,No,No,Yes,N/A,N/A,N/A,N/A,N/A,N/A,N/A,N/A,N/A,N/A,N/A,N/A,N/A,N/A,N/A,N/A,N/A,N/A,N/A,N/A,N/A,N/A,N/A,N/A,N/A,N/A,N/A,N/A,N/A,N/A,N/A,No,N/A,N/A,N/A,N/A,N/A,N/A,N/A,N/A,N/A,N/A,N/A,N/A,N/A,N/A,N/A,N/A,N/A
Glazing mateiral gas,glazing gas,Xenon,N/A,N/A,#VALUE!,Low-20th%,N/A,N/A,N/A,,,,N/A,N/A,,N/A,N/A,N/A,N/A,N/A,N/A,N/A,N/A,No,No,No,Yes,N/A,N/A,N/A,N/A,N/A,N/A,N/A,N/A,N/A,N/A,N/A,N/A,N/A,N/A,N/A,N/A,N/A,N/A,N/A,N/A,N/A,N/A,N/A,N/A,N/A,N/A,N/A,N/A,N/A,N/A,N/A,No,N/A,N/A,N/A,N/A,N/A,N/A,N/A,N/A,N/A,N/A,N/A,N/A,N/A,N/A,N/A,N/A,N/A
