Region,Distance_km
Canada,2479.828
Mexico,1779.772
Europe,10138.67111
China,16314.88533
