Name,UUID,Amount,Unit,GWP (AR5) [kg CO2 eq],AP [kg SO2 eq],EP [kg N eq],ODP [kg CFC-11 eq],POCP [kg O3 eq],CO2 [kg],N2O [kg],CH4 [kg],Elec GWP (AR5),Elec AP,Elec EP,Elec ODP,Elec POCP,Elec CO2,Elec N2O,Elec CH4,Total Elec [MJ]
"Wood fuel, hardwood, generated at lumber mill, combusted in industrial boiler, SE",8a62a285-537e-36b0-bdc3-3af4bfd205a3,1.0,kg,2.116374473458174,0.002468780549000283,0.0011388856180505169,3.390491164637114e-07,0.0713674443052509,2.1050271431469554,1.5665807605521505e-06,0.0003600774171960433,0,0,0,0,0,0,0,0,0
"Electricity, at grid",ab7f18b8-9e1b-4efc-a690-5d9ffe6e0cc1,1.0,MJ,0.20456365838670215,0.0016185962159068375,2.5174789042634033e-05,4.117641212972608e-11,0.014102313980161716,0.1939372542242192,4.5434940054793766e-06,0.00033648621179045344,0.20456365838670215,0.0016185962159068375,2.5174789042634033e-05,4.117641212972608e-11,0.014102313980161716,0.1939372542242192,4.5434940054793766e-06,0.00033648621179045344,1.0
